Matter,Matter,"物质，事情","The matter is more complex than it appears.","事情比看起来要复杂得多。"
Formation,Formation,"形成，构成","The formation of the Earth's continents took billions of years.","地球大陆的形成花费了数十亿年。"
Emergence,Emergence,"出现，浮现","The emergence of new technology changed our lives.","新技术的出现改变了我们的生活。"
organisms,organism,"生物，有机体","Scientists are studying single-celled organisms.","科学家正在研究单细胞生物。"
chimpanzees,chimpanzee,"黑猩猩","Chimpanzees are one of our closest living relatives.","黑猩猩是与我们亲缘关系最近的现存亲戚之一。"
genus,genus,"属（生物分类）","Lions and tigers belong to the same genus, Panthera.","狮子和老虎属于同一个属，豹属。"
Eurasia,Eurasia,"欧亚大陆","The Silk Road connected different parts of Eurasia.","丝绸之路连接了欧亚大陆的不同地区。"
Neanderthals,Neanderthal,"尼安德特人","Neanderthals lived in Europe and Asia during the Ice Age.","尼安德特人在冰河时代生活在欧洲和亚洲。"
sapiens,sapiens,"智人","Homo sapiens is the scientific name for modern humans.","智人是现代人类的学名。"
Cognitive,Cognitive,"认知的","The brain's cognitive functions include thinking and memory.","大脑的认知功能包括思考和记忆。"
fictive,fictive,"虚构的","The characters in the novel are fictive.","小说中的人物是虚构的。"
settle,settle,"定居，解决","They decided to settle down in a small town.","他们决定在一个小镇定居下来。"
megafauna,megafauna,"巨型动物群","The megafauna of the Ice Age included mammoths and saber-toothed cats.","冰河时代的巨型动物群包括猛犸象和剑齿虎。"
floresiensis,floresiensis,"弗洛雷斯人（一种已灭绝的人类）","Homo floresiensis, also known as the ""Hobbit"", was a species of archaic human.","弗洛雷斯人，也被称为“霍比特人”，是一种古老的人类物种。"
Agricultural,Agricultural,"农业的","The Agricultural Revolution changed human society forever.","农业革命永远地改变了人类社会。"
Domestication,Domestication,"驯化","The domestication of dogs occurred thousands of years ago.","狗的驯化发生在数千年前。"
Permanent,Permanent,"永久的，固定的","They built permanent settlements along the river.","他们在河边建立了永久的定居点。"
settlements,settlement,"定居点","Archaeologists discovered ancient human settlements.","考古学家发现了古代人类的定居点。"
Polytheistic,Polytheistic,"多神论的","Ancient Greek religion was polytheistic.","古希腊宗教是多神论的。"
religions,religion,"宗教","Many different religions are practiced around the world.","世界各地 практику 着许多不同的宗教。"
Sargon,Sargon,"萨尔贡","Sargon of Akkad was a great Mesopotamian king.","阿卡德的萨尔贡是一位伟大的美索不达米亚国王。"
coinage,coinage,"货币制度，铸币","The introduction of coinage revolutionized trade.","货币制度的引入彻底改变了贸易。"
universal,universal,"普遍的，通用的","The desire for happiness is a universal human feeling.","对幸福的渴望是一种普遍的人类情感。"
suffering,suffering,"痛苦，苦难","The book explores the nature of human suffering.","这本书探讨了人类苦难的本质。"
Mediterranean,Mediterranean,"地中海的","The olive tree is a native plant of the Mediterranean region.","橄榄树是地中海地区的本土植物。"
Christianity,Christianity,"基督教","Christianity is a major world religion.","基督教是世界主要宗教之一。"
Islam,Islam,"伊斯兰教","Islam is the second-largest religion in the world.","伊斯兰教是世界第二大宗教。"
Scientific,Scientific,"科学的","He made a great scientific discovery.","他做出了一个伟大的科学发现。"
admits,admit,"承认，允许","She admits that she made a mistake.","她承认自己犯了错误。"
ignorance,ignorance,"无知，不知","Ignorance is not an excuse for breaking the law.","无知不是违法行为的借口。"
unprecedented,unprecedented,"史无前例的","The storm caused an unprecedented amount of damage.","这场风暴造成了前所未有的破坏。"
arena,arena,"竞技场，舞台","The political arena is a place of fierce competition.","政治舞台是一个竞争激烈的地方。"
capitalism,capitalism,"资本主义","Capitalism is an economic system based on private ownership.","资本主义是一种基于私有制的经济体系。"
Organisms,Organism,"生物，有机体","Microscopic organisms are too small to be seen with the naked eye.","微生物太小了，肉眼无法看到。"
shaped,shape,"塑造，形成","Our experiences have shaped who we are today.","我们的经历塑造了今天的我们。"
Cognitive,Cognitive,"认知的","The study of cognitive development is fascinating.","认知发展的研究引人入胜。"
Chauvet-Pont-d’Arc Cave,Chauvet-Pont-d’Arc Cave,"肖韦岩洞","The Chauvet-Pont-d’Arc Cave contains some of the earliest known cave paintings.","肖韦岩洞包含一些已知最早的洞穴壁画。"
MATTER,MATTER,"物质","Matter can exist in different states: solid, liquid, or gas.","物质可以以不同的状态存在：固体、液体或气体。"
* coalesce,coalesce,"合并，结合","The small groups coalesced into a single large group.","这些小团体合并成了一个大的团体。"
interactions,interaction,"相互作用","Social interactions are important for psychological health.","社交互动对心理健康很重要。"
* certain,certain,"确定的，某种","He was certain of his victory.","他确信自己会胜利。"
* intricate,intricate,"错综复杂的","The intricate design of the clock fascinated the children.","时钟错综复杂的设计吸引了孩子们。"
* elaborate,elaborate,"精心的，详尽的；详细说明","He made an elaborate plan for the project.","他为这个项目制定了一个详尽的计划。"
*subsequent,subsequent,"随后的，后来的","The subsequent events proved him right.","随后的事件证明了他是对的。"
shaped,shape,"塑造，形成","The artist shaped the clay into a beautiful vase.","艺术家把粘土塑造成一个美丽的花瓶。"
Cognitive,Cognitive,"认知的","The book is about cognitive psychology.","这本书是关于认知心理学的。"
kick-started,kick-start,"启动，推动","The government's new policy kick-started the economy.","政府的新政策推动了经济。"
Agricultural,Agricultural,"农业的","The country has a long agricultural history.","这个国家有悠久的农业历史。"
sped,speed,"快速移动","The car sped down the highway.","汽车在高速公路上飞驰。"
cuddling,cuddle,"拥抱，搂抱","The cat was cuddling with its owner on the couch.","猫咪和它的主人在沙发上拥抱着。"
clutches,clutch,"掌握，控制","The old house was in the clutches of a corrupt landlord.","那栋老房子被一个腐败的房东控制着。"
carefree,carefree,"无忧无虑的","The children were carefree and happy.","孩子们无忧无虑，非常快乐。"
temperamental,temperamental,"喜怒无常的","He is a temperamental person, you never know how he'll react.","他是一个喜怒无常的人，你永远不知道他会如何反应。"
cha ng,cha ng,"变化","I've noticed a significant change in his behavior.","我注意到他的行为有了显著变化。"
dictates,dictate,"命令，支配","He acts according to the dictates of his conscience.","他按照自己良心的命令行事。"
weary,weary,"疲惫的，厌倦的","She felt weary after the long day of work.","漫长的一天工作后，她感到很疲惫。"
machos,macho,"大男子主义者","The film portrays the machos of the old west.","这部电影描绘了旧西部的大男子主义者。"
matriarchs,matriarch,"女族长","The matriarch of the family was a strong and wise woman.","这个家族的女族长是一位坚强而智慧的女性。"
archaic,archaic,"古老的，过时的","The museum has a collection of archaic tools.","博物馆收藏了一系列古老的工具。"
competed,compete,"竞争","The two companies competed for the same market share.","两家公司竞争同一个市场份额。"
chimpanzees,chimpanzee,"黑猩猩","Chimpanzees are highly social animals.","黑猩猩是高度社会化的动物。"
baboons,baboon,"狒狒","Baboons live in large troops in Africa.","狒狒在非洲成群地生活。"
descendants,descendant,"后代，子孙","He is a descendant of a famous poet.","他是一位著名诗人的后代。"
fathom,fathom,"理解，弄懂","I couldn't fathom the reason for his decision.","我无法弄懂他做出这个决定的原因。"
prehistoric,prehistoric,"史前的","Prehistoric cave paintings were discovered in France.","史前洞穴壁画在法国被发现。"
insigni cant,insigni cant,"不重要的，微不足道的","The difference was insignificant.","这个差异微不足道。"
fireflies,firefly,"萤火虫","We watched the fireflies light up the night.","我们看着萤火虫点亮夜晚。"
fertile,fertile,"肥沃的，能生育的","The fertile soil is perfect for growing crops.","这片肥沃的土地非常适合种植庄稼。"
Horses,horse,"马","Horses are powerful and majestic animals.","马是强大而雄伟的动物。"
donkeys,donkey,"驴子","Donkeys are known for their stubbornness.","驴子以它们的固执而闻名。"
recent,recent,"最近的，近来的","I have not seen him in recent days.","最近几天我没有见过他。"
ancestor,ancestor,"祖先","My ancestors came from Europe.","我的祖先来自欧洲。"
mules,mule,"骡子","Mules are a hybrid of a horse and a donkey.","骡子是马和驴的杂交后代。"
sterile,sterile,"不育的，无菌的","The mule is a sterile animal.","骡子是一种不育的动物。"
Mutations,Mutation,"突变","Genetic mutations can cause diseases.","基因突变可以导致疾病。"
donkey,donkey,"驴子","A donkey is a domesticated animal.","驴子是一种驯养的动物。"
horses,horse,"马","Horses are often used for transportation and farming.","马常被用于运输和耕种。"
versa,versa,"反之亦然","He likes her, and vice versa.","他喜欢她，反之亦然。"
consequently,consequently,"因此，所以","He was sick, and consequently, he missed the meeting.","他病了，因此错过了会议。"
distinct,distinct,"独特的，明显的","The two colors are distinct from each other.","这两种颜色彼此不同。"
contrast,contrast,"对比，对照","The contrast between the light and dark parts of the painting is very striking.","画中明亮和黑暗部分之间的对比非常引人注目。"
spaniel,spaniel,"西班牙猎犬","A spaniel is a type of dog with long, floppy ears.","西班牙猎犬是一种耳朵长而下垂的狗。"
ancestor,ancestor,"祖先","Our human ancestors lived in Africa.","我们人类的祖先生活在非洲。"
bunched,bunch,"成群的，聚集的","The flowers were bunched together in a vase.","花朵在花瓶里簇拥在一起。"
heading,heading,"标题","The heading of the article was bold and clear.","文章的标题粗体且清晰。"
genus,genus,"属（生物分类）","The genus Panthera includes lions, tigers, and leopards.","豹属包括狮子、老虎和豹子。"
plural,plural,"复数","The plural of ""cat"" is ""cats"".","cat的复数是cats。"
genera,genus,"属（genus的复数）","The two species belong to different genera.","这两个物种属于不同的属。"
leopards,leopard,"豹子","Leopards are known for their spotted coats.","豹子以其斑点外套而闻名。"
jaguars,jaguar,"美洲豹","Jaguars are the largest cats in the Americas.","美洲豹是美洲最大的猫科动物。"
Panthera leo,Panthera leo,"狮子（学名）","Panthera leo is the scientific name for the lion.","Panthera leo 是狮子的学名。"
Presumably,Presumably,"据推测，大概","Presumably, he has already left.","据推测，他已经离开了。"
grouped,group,"分组，归类","The students were grouped by their age.","学生们按年龄分组。"
cheetahs,cheetah,"猎豹","Cheetahs are the fastest land animals.","猎豹是陆地上跑得最快的动物。"
jackals,jackal,"豺狼","Jackals are found in Africa and Asia.","豺狼在非洲和亚洲被发现。"
mammoths,mammoth,"猛犸象","Mammoths were large, extinct elephants.","猛犸象是大型的已灭绝的大象。"
mastodons,mastodon,"乳齿象","Mastodons were ancient relatives of elephants.","乳齿象是大象的古代亲戚。"
lineage,lineage,"血统，世系","He comes from a long lineage of doctors.","他来自一个悠久的医生世家。"
matriarch,matriarch,"女族长","The matriarch of the family made all the decisions.","这个家族的女族长做出了所有的决定。"
patriarch,patriarch,"男族长","The patriarch of the family was a respected figure.","这个家族的男族长是一位受人尊敬的人物。"
ferocious,ferocious,"凶猛的，残忍的","The lion is a ferocious predator.","狮子是一种凶猛的捕食者。"
feline,feline,"猫科动物的；猫","The feline grace of the leopard was impressive.","豹子的猫科动物般的优雅令人印象深刻。"
banal,banal,"平庸的，陈腐的","His speech was full of banal clichés.","他的演讲充满了陈腐的陈词滥调。"
guarded,guarded,"小心的，谨慎的","He gave a guarded response to the question.","他对这个问题给出了一个谨慎的回应。"
preferred,prefer,"更喜欢的","I preferred the blue shirt to the red one.","我更喜欢蓝色的衬衫而不是红色的。"
orphan,orphan,"孤儿","The orphan was adopted by a kind couple.","这个孤儿被一对善良的夫妇收养了。"
bereft,bereft,"丧失的，被剥夺的","He was left bereft after the death of his wife.","他妻子去世后，他被剥夺了一切。"
siblings,sibling,"兄弟姐妹","I have two siblings, a brother and a sister.","我有两个兄弟姐妹，一个哥哥和一个妹妹。"
cousins,cousin,"表兄弟姐妹","I spent the summer with my cousins.","我夏天和我表兄弟姐妹一起度过。"
apes,ape,"猿类","Gorillas and orangutans are types of apes.","大猩猩和猩猩是猿类。"
relatives,relative,"亲戚","All my relatives came to the family reunion.","我所有的亲戚都来参加了家庭聚会。"
orang-utans,orang-utan,"猩猩","Orang-utans are native to Indonesia and Malaysia.","猩猩是印度尼西亚和马来西亚的本土动物。"
Closet,Closet,"壁橱","She kept her clothes in the closet.","她把衣服放在壁橱里。"
abundance,abundance,"丰富，充足","The forest has an abundance of wildlife.","森林里有丰富的野生动物。"
uncivilised,uncivilised,"未开化的，野蛮的","The explorers encountered an uncivilised tribe.","探险家们遇到一个未开化的部落。"
cousins,cousin,"表亲","He and his cousins are the same age.","他和他的表亲年龄相同。"
term,term,"术语，期限","The term of the contract is one year.","这份合同的期限是一年。"
Sapiens,Sapiens,"智人（Homo sapiens）","Homo Sapiens is the scientific name for modern humans.","Homo Sapiens是现代人类的学名。"
denote,denote,"表示，意味着","The red sign denotes danger.","红色的标志表示危险。"
Australopithecus,Australopithecus,"南方古猿","Australopithecus is an extinct genus of hominids.","南方古猿是一种已灭绝的人科。"
Southern,Southern,"南方的","The southern part of the country is warmer.","这个国家的南方更暖和。"
archaic,archaic,"古老的","The building was made in an archaic style.","这座建筑是以一种古老的风格建造的。"
settle,settle,"定居","The pioneers settled in the new land.","拓荒者在新土地上定居。"
vast,vast,"广阔的，巨大的","The desert is a vast and empty space.","沙漠是一个广阔而空旷的地方。"
traits,trait,"特征，特质","Patience is one of her best traits.","耐心是她最好的特质之一。"
Indonesia,Indonesia,"印度尼西亚","Indonesia is an archipelago of thousands of islands.","印度尼西亚是由数千个岛屿组成的群岛。"
steaming,steam,"蒸汽的，冒着蒸汽的","The steaming hot tea warmed my hands.","冒着蒸汽的热茶温暖了我的手。"
distinct,distinct,"独特的，截然不同的","The two paintings are in distinct styles.","这两幅画风格截然不同。"
assigned,assign,"分配的，指定的","The teacher assigned a new project to the students.","老师给学生们分配了一个新项目。"
pompous,pompous,"自命不凡的，浮夸的","His pompous speech was full of empty words.","他自命不凡的演讲充满了空洞的词语。"
siblings,sibling,"兄弟姐妹","The siblings look very alike.","这对兄弟姐妹长得非常像。"
speculative,speculative,"推测性的，投机的","The article was full of speculative claims.","这篇文章充满了推测性的说法。"
reconstructions,reconstruction,"重建，复原","The archaeologists made reconstructions of the ancient city.","考古学家们对这座古城进行了复原。"
rudolfensis,rudolfensis,"鲁道夫人","Homo rudolfensis is a species of archaic human.","鲁道夫人是一种古老的人类物种。"
erectus,erectus,"直立人","Homo erectus was an early human species that lived from 1.9 million years ago.","直立人是一种早期人类物种，生活在距今190万年前。"
neanderthalensis,neanderthalensis,"尼安德特人（学名）","Homo neanderthalensis is the scientific name for Neanderthals.","Homo neanderthalensis 是尼安德特人的学名。"
Neander,Neander,"尼安德（地名）","The Neanderthal valley is located in Germany.","尼安德特山谷位于德国。"
referred,refer,"提及，参考","He referred to the textbook for more information.","他参考了教科书以获取更多信息。"
Neanderthals,Neanderthal,"尼安德特人","Neanderthals were a separate species from modern humans.","尼安德特人是一个与现代人类不同的物种。"
bulkier,bulky,"更庞大的，更笨重的","He is bulkier than his brother.","他比他哥哥更庞大。"
muscular,muscular,"肌肉发达的","He has a very muscular body.","他有一个肌肉发达的身体。"
climate,climate,"气候","The climate of the region is changing.","这个地区的气候正在变化。"
Eurasia,Eurasia,"欧亚大陆","The trade route stretched across the entirety of Eurasia.","这条贸易路线横跨了整个欧亚大陆。"
‘Upright,‘Upright,"直立的","The human skeleton is designed for upright walking.","人类骨骼是为直立行走而设计的。"
durable,durable,"耐用的，持久的","This material is very durable.","这种材料非常耐用。"
league,league,"联盟，级别","He plays in the major league.","他在大联盟打球。"
island of Java,island of Java,"爪哇岛","Java is a volcanic island in Indonesia.","爪哇岛是印度尼西亚的一个火山岛。"
tropics,tropic,"热带地区","The tropics have a warm and humid climate.","热带地区气候温暖潮湿。"
Indonesian,Indonesian,"印度尼西亚的；印度尼西亚人","She speaks Indonesian fluently.","她能流利地说印度尼西亚语。"
Flores,Flores,"弗洛雷斯岛","Flores is an island in Indonesia.","弗洛雷斯是印度尼西亚的一个岛屿。"
archaic,archaic,"古老的","The machine uses an archaic operating system.","这台机器使用一个过时的操作系统。"
underwent,undergo,"经历，经受","She underwent a major transformation.","她经历了一次巨大的转变。"
dwar ng,dwarf,"矮化","The process of dwarfing a tree is a form of art.","矮化树木的过程是一种艺术形式。"
dwarves,dwarf,"矮人（dwarf的复数）","The dwarf miners lived in the mountains.","矮人矿工住在山里。"
metre,metre,"米","The swimming pool is 25 metres long.","游泳池有25米长。"
dwarf,dwarf,"矮人","He is a dwarf.","他是一个矮人。"
sibling,sibling,"兄弟姐妹","I have one sibling.","我有一个兄弟姐妹。"
oblivion,oblivion,"遗忘，湮没","His name faded into oblivion.","他的名字渐渐被人遗忘。"
excavating,excavate,"挖掘","Archaeologists are excavating the ancient site.","考古学家正在挖掘这个古老的遗址。"
Denisova,Denisova,"丹尼索瓦（地名）","Denisova Cave is in Siberia.","丹尼索瓦洞穴在西伯利亚。"
Siberia,Siberia,"西伯利亚","Siberia is a vast and cold region in Russia.","西伯利亚是俄罗斯一个广阔而寒冷的地区。"
fossilised,fossilise,"化石化的","They found a fossilised dinosaur bone.","他们发现了一块化石化的恐龙骨头。"
nger,finger,"手指","She hurt her finger playing basketball.","她打篮球时伤到了手指。"
bone,bone,"骨头","The human body has 206 bones.","人体有206块骨头。"
Genetic,Genetic,"基因的","Genetic research is advancing rapidly.","基因研究正在迅速发展。"
belonged,belong,"属于","The book belonged to my father.","这本书属于我父亲。"
climes,clime,"气候，地方","He traveled to warmer climes for the winter.","他冬天去了更温暖的地方。"
cradle,cradle,"摇篮；发源地","The cradle of civilization is often considered to be Mesopotamia.","文明的摇篮常被认为是美索不达米亚。"
nurture,nurture,"养育，培养","Parents should nurture their children's creativity.","父母应该培养孩子的创造力。"
Rudolf,Rudolf,"鲁道夫","Rudolf is a common German name.","鲁道夫是一个常见的德国名字。"
immodestly,immodest,"不谦虚地","He immodestly boasted about his accomplishments.","他不谦虚地吹嘘自己的成就。"
dwarves,dwarf,"矮人","In the fantasy novel, dwarves are skilled miners.","在奇幻小说中，矮人是技艺高超的矿工。"
fearsome,fearsome,"可怕的，吓人的","The dragon was a fearsome creature.","那条龙是一个可怕的生物。"
meek,meek,"温顺的，谦卑的","The meek student was too shy to speak up.","那个温顺的学生太害羞了，不敢说话。"
roamed,roam,"漫游，游荡","The animals roamed freely in the wild.","动物们在野外自由地漫游。"
continents,continent,"大陆","The world is made up of seven continents.","世界由七大洲组成。"
fallacy,fallacy,"谬论，错误的观念","It's a common fallacy that all spiders are dangerous.","认为所有蜘蛛都危险是一个常见的谬论。"
envision,envision,"设想，展望","She envisioned a future where everyone could live in peace.","她设想了一个每个人都能和平生活的未来。"
arranged,arrange,"安排，整理","She arranged the flowers in a vase.","她把花插在花瓶里。"
Ergaster,Ergaster,"匠人（Homo ergaster）","Homo ergaster is an extinct species of hominin.","匠人是一种已灭绝的人科物种。"
begetting,beget,"生育","He was credited with begetting the new generation.","他被认为是新一代的生育者。"
Erectus,Erectus,"直立人","Homo Erectus was the first hominin to leave Africa.","直立人是第一个离开非洲的人类祖先。"
impression,impression,"印象，感觉","He gave me a good first impression.","他给我留下了很好的第一印象。"
millennia,millennium,"千年（millennium的复数）","The ancient city has existed for millennia.","这座古城已经存在了数千年。"
exclusivity,exclusivity,"排他性，独占性","The club prides itself on its exclusivity.","这个俱乐部以其独占性而自豪。"
incriminating,incriminate,"定罪的，有罪的","The police found incriminating evidence in his car.","警方在他的车里发现了定罪的证据。"
siblings,sibling,"兄弟姐妹","The siblings have a close bond.","这对兄弟姐妹关系很亲密。"
Despite,Despite,"尽管，尽管","Despite the rain, we still went for a walk.","尽管下雨，我们还是去散步了。"
notably,notably,"尤其，特别","The report was well-written, notably the conclusion.","这份报告写得很好，尤其是结论部分。"
cubic,cubic,"立方的","The box has a volume of one cubic meter.","这个盒子有一立方米的体积。"
centimetres,centimetre,"厘米","The line is ten centimetres long.","这条线有十厘米长。"
earliest,early,"最早的","The earliest known writing system dates back to ancient Sumer.","已知最早的书写系统可以追溯到古苏美尔。"
sport,sport,"运动","Football is a popular sport.","足球是一项受欢迎的运动。"
enamoured,enamour,"迷恋的","He was enamoured with the beautiful painting.","他迷恋上了这幅美丽的画作。"
cerebral,cerebral,"大脑的，理智的","He is a cerebral person who loves to read.","他是一个喜欢阅读的理智型的人。"
feline,feline,"猫科动物的；猫","The feline predator hunted its prey.","这只猫科捕食者猎捕它的猎物。"
calculus,calculus,"微积分；结石","Calculus is a branch of mathematics.","微积分是数学的一个分支。"
jumbo,jumbo,"巨大的","They ordered a jumbo-sized pizza for the party.","他们为派对订了一个巨型披萨。"
drain,drain,"耗尽","The long journey drained all my energy.","漫长的旅程耗尽了我所有的能量。"
encased,encase,"包住，封装","The valuable jewel was encased in a glass box.","这颗珍贵的宝石被封装在一个玻璃盒子里。"
fuel,fuel,"燃料，助长","The fire was fueled by dry wood.","火被干木头助燃了。"
Archaic,Archaic,"古老的，过时的","The museum has a collection of archaic tools.","博物馆收藏了一系列古老的工具。"
atrophied,atrophy,"萎缩的","His muscles atrophied from lack of use.","他的肌肉因缺乏使用而萎缩了。"
diverting,divert,"转移，分散","He tried to divert my attention from the real problem.","他试图转移我的注意力，让我远离真正的问题。"
biceps,bicep,"肱二头肌","He worked out his biceps at the gym.","他在健身房锻炼他的肱二头肌。"
foregone,forego,"预先注定的","The victory was a foregone conclusion.","胜利是预先注定的。"
conclusion,conclusion,"结论","The conclusion of the experiment was unexpected.","实验的结论出乎意料。"
savannah,savannah,"稀树草原","Lions and giraffes live on the savannah.","狮子和长颈鹿生活在稀树草原上。"
rip,rip,"撕裂，扯裂","He was so angry he wanted to rip the letter to pieces.","他气得想把信撕成碎片。"
rag doll,rag doll,"布娃娃","The little girl hugged her rag doll.","小女孩抱着她的布娃娃。"
nicely,nice,"恰好地，很好地","The new sofa fits nicely in the living room.","新沙发恰好地摆在客厅里。"
wrestling,wrestle,"摔跤","He won the wrestling match.","他赢得了摔跤比赛。"
phenomenon,phenomenon,"现象","The Northern Lights are a natural phenomenon.","北极光是一种自然现象。"
int,int,"内在的，固有的","The int quality of the gem makes it valuable.","这颗宝石的内在品质使其有价值。"
knives,knife,"刀子（复数）","He sharpened the knives before cooking.","他在做饭前磨了刀子。"
sticks,stick,"棍子，树枝","The children played with sticks in the park.","孩子们在公园里玩棍子。"
precious,precious,"珍贵的，宝贵的","Time is a precious resource.","时间是宝贵的资源。"
drove,drive,"驱赶，驾驶（drive的过去式）","The shepherd drove the sheep into the pen.","牧羊人把羊群赶进了羊圈。"
singular,singular,"单一的，非凡的","He has a singular talent for music.","他有非凡的音乐才能。"
trait,trait,"特征，特质","Patience is one of her best traits.","耐心是她最好的特质之一。"
upright,upright,"直立的，正直的","The human skeleton is designed for upright walking.","人类骨骼是为直立行走而设计的。"
savannah,savannah,"稀树草原","Elephants roam the savannah in search of food.","大象在稀树草原上漫游觅食。"
locomotion,locomotion,"移动，运动","The study of human locomotion is a fascinating field.","人类移动的研究是一个引人入胜的领域。"
signalling,signal,"发出信号","The bird was signalling to its mate.","这只鸟在向它的配偶发出信号。"
brought about,bring about,"导致，引起","The discovery brought about a revolution in science.","这项发现引起了一场科学革命。"
concentration,concentration,"集中，专注","The concentration of toxins in the water is very high.","水中毒素的浓度非常高。"
nerves,nerve,"神经","The nerves in the hand allow us to feel touch.","手部的神经使我们能够感觉到触摸。"
nely,fine,"精细地，巧妙地","The clock was nely crafted by a master artisan.","这个时钟是由一位大师级工匠精细制作的。"
palms,palm,"手掌；棕榈树","The monkey has a strong grip in its palms.","猴子的手掌有很强的抓握力。"
intricate,intricate,"错综复杂的","The intricate design of the clock fascinated the children.","时钟错综复杂的设计吸引了孩子们。"
sophisticated,sophisticated,"复杂的，精致的","The technology is very sophisticated.","这项技术非常复杂。"
criteria,criterion,"标准（复数）","The criteria for judging the competition are very strict.","评判比赛的标准非常严格。"
archaeologists,archaeologist,"考古学家","Archaeologists are excavating an ancient city.","考古学家正在挖掘一座古城。"
recognise,recognise,"认出，承认","I didn't recognise him at first.","我一开始没有认出他。"
downside,downside,"缺点，不利面","The downside of living here is the long commute.","住在这里的缺点是通勤时间长。"
primate,primate,"灵长类动物","Monkeys and apes are primates.","猴子和猿是灵长类动物。"
fours,four,"四肢","The baby crawled on all fours.","婴儿四肢着地爬行。"
relatively,relative,"相对地","The price is relatively low.","价格相对较低。"
sca olding,sca olding,"脚手架","The workers are building a scaffolding around the building.","工人们正在建筑周围搭建脚手架。"
cranium,cranium,"头颅","The cranium protects the brain.","头颅保护大脑。"
lofty,lofty,"高耸的，崇高的","The mountain has a lofty peak.","这座山有一个高耸的山峰。"
industrious,industrious,"勤奋的，勤劳的","He is an industrious worker who always finishes his tasks on time.","他是一个勤奋的工人，总能按时完成任务。"
backaches,backache,"背痛","Backaches are a common problem for office workers.","背痛是上班族常见的问题。"
sti,stiff,"僵硬的","My neck is sti from sitting at the computer all day.","我整天坐在电脑前，脖子很僵硬。"
gait,gait,"步态","The horse had a graceful gait.","这匹马的步态很优雅。"
hips,hip,"臀部，髋部","She has strong hips from years of dancing.","她多年的舞蹈使她的臀部很强壮。"
constricting,constrict,"收缩的，紧缩的","The constricting jacket was too tight for me.","这件紧缩的夹克对我来说太紧了。"
canal,canal,"运河，管道","The Suez Canal is a major shipping route.","苏伊士运河是一条主要的航运路线。"
hazard,hazard,"危险，危害","Smoking is a health hazard.","吸烟对健康有害。"
relatively,relatively,"相对地","The new computer is relatively cheap.","这台新电脑相对便宜。"
supple,supple,"柔软的，柔韧的","The gymnast has a supple body.","这位体操运动员的身体很柔韧。"
fared,fare,"表现，进展","The team fared well in the competition.","这个团队在比赛中表现不错。"
consequently,consequently,"因此，所以","He was sick, and consequently, he missed the meeting.","他病了，因此错过了会议。"
favoured,favour,"偏爱的，受青睐的","The favored candidate won the election.","受青睐的候选人赢得了选举。"
prematurely,premature,"过早地","The baby was born prematurely.","这个婴儿早产了。"
vital,vital,"至关重要的，生命的","Oxygen is vital for life.","氧气对生命至关重要。"
colt,colt,"小马驹","The colt galloped in the field.","小马驹在田野里飞奔。"
trot,trot,"小跑","The horse started to trot.","马开始小跑起来。"
forage,forage,"觅食","The wild animals forage for food in the forest.","野生动物在森林里觅食。"
sustenance,sustenance,"食物，营养","The refugees were in need of sustenance.","难民们需要食物。"
Lone,Lone,"孤独的，单个的","A lone wolf hunts by itself.","一匹孤独的狼独自狩猎。"
tow,tow,"拖，拉","The car was being towed away.","这辆车被拖走了。"
constant,constant,"持续的，不变的","The constant noise from the street was annoying.","街上持续不断的噪音很烦人。"
tribe,tribe,"部落","The tribe lived in harmony with nature.","这个部落与自然和谐相处。"
favoured,favour,"受到偏爱","The eldest son was favoured by his father.","大儿子受到父亲的偏爱。"
capable,capable,"有能力的，能干的","She is capable of finishing the task on her own.","她有能力独自完成这项任务。"
ties,tie,"纽带，关系","They have strong family ties.","他们有很强的家庭纽带。"
underdeveloped,underdeveloped,"不发达的","The country has an underdeveloped economy.","这个国家的经济不发达。"
extent,extent,"程度，范围","To what extent do you agree with this statement?","你在多大程度上同意这个说法？"
glazed,glaze,"上釉的，玻璃的","The ceramic bowl has a beautiful glazed finish.","这个陶瓷碗有一个美丽的釉面。"
earthenware,earthenware,"陶器","The kitchen was filled with earthenware pots.","厨房里摆满了陶器罐子。"
kiln,kiln,"窑","The pottery was fired in a kiln.","陶器在窑里烧制。"
remoulding,remould,"重塑，改造","The company is remoulding its image.","公司正在重塑其形象。"
molten,molten,"熔化的","Molten metal was poured into the mold.","熔化的金属被倒入模具中。"
furnace,furnace,"熔炉，火炉","The furnace heated the whole factory.","熔炉为整个工厂供暖。"
spun,spin,"纺，旋转","The spider spun a web.","蜘蛛结了一个网。"
stretched,stretch,"拉伸，伸展","He stretched his arms after waking up.","他醒来后伸了伸手臂。"
surprising,surprise,"令人惊讶的","The news was surprising to everyone.","这个消息对所有人来说都是令人惊讶的。"
Christian,Christian,"基督教徒；基督教的","He is a devout Christian.","他是一个虔诚的基督教徒。"
Buddhist,Buddhist,"佛教徒；佛教的","He is a Buddhist monk.","他是一位佛教僧侣。"
capitalist,capitalist,"资本家；资本主义的","Capitalist countries have free market economies.","资本主义国家实行自由市场经济。"
socialist,socialist,"社会主义者；社会主义的","Socialist ideas emphasize equality.","社会主义思想强调平等。"
warlike,warlike,"好战的","The tribe had a warlike reputation.","这个部落以好战闻名。"
superior,superior,"优越的，上级的","This model is superior to the previous one.","这个型号优于前一个。"
self-evident,self-evident,"不言而喻的","It is a self-evident truth that all men are created equal.","人人生而平等是不言而喻的真理。"
marginal,marginal,"边缘的，微小的","The difference in price was marginal.","价格上的差异是微小的。"
dwelt,dwell,"居住（dwell的过去式）","He dwelt in a small cabin in the woods.","他住在树林里的一间小木屋里。"
subsisted,subsist,"生存，维持（subsist的过去式）","They subsisted on a diet of fish and berries.","他们靠吃鱼和浆果维持生计。"
scooping,scoop,"舀，挖","He was scooping ice cream into a bowl.","他正在往碗里舀冰淇淋。"
insects,insect,"昆虫","Bees and ants are insects.","蜜蜂和蚂蚁是昆虫。"
carrion,carrion,"腐肉","Vultures feed on carrion.","秃鹫以腐肉为食。"
carnivores,carnivore,"食肉动物","Lions and wolves are carnivores.","狮子和狼是食肉动物。"
crack,crack,"裂开","The egg cracked when he dropped it.","他掉落时鸡蛋裂开了。"
open,open,"打开","She opened the door.","她打开了门。"
bones,bone,"骨头","The human body has 206 bones.","人体有206块骨头。"
in order to,in order to,"为了","He studied hard in order to pass the exam.","他努力学习为了通过考试。"
get to,get to,"到达","We finally got to the top of the mountain.","我们终于到达了山顶。"
marrow,marrow,"骨髓","Bone marrow is a vital part of the body.","骨髓是身体至关重要的部分。"
niche,niche,"壁龛；利基","He found his niche in the art world.","他在艺术界找到了自己的位置。"
gira e,gira e,"长颈鹿","A gira e has a very long neck.","长颈鹿的脖子很长。"
hyenas,hyena,"鬣狗","Hyenas are known for their laugh-like vocalizations.","鬣狗以其像笑声一样的叫声而闻名。"
interfere,interfere,"干涉，妨碍","Don't interfere in their business.","不要干涉他们的事务。"
scavenge,scavenge,"清除，吃腐肉","Vultures scavenge for food.","秃鹫觅食腐肉。"
carcass,carcass,"尸体","The lion left the carcass for the hyenas.","狮子把尸体留给了鬣狗。"
cautiously,cautious,"小心地，谨慎地","He cautiously opened the door.","他小心翼翼地打开了门。"
edible,edible,"可食用的","The berries were edible.","这些浆果是可食用的。"
tissue,tissue,"组织","The human body is made of different types of tissue.","人体由不同类型的组织构成。"
solidly,solid,"坚固地","The foundation was built solidly.","地基建得很坚固。"
spectacular,spectacular,"壮观的，引人注目的","The fireworks display was spectacular.","烟花表演非常壮观。"
pyramid,pyramid,"金字塔","The Great Pyramid of Giza is an iconic structure.","吉萨大金字塔是一个标志性的建筑。"
checks,check,"检查，核对","He double-checked his work for any mistakes.","他仔细检查了他的工作，看有没有错误。"
wreaking,wreak,"造成，施加","The storm was wreaking havoc on the coastal town.","暴风雨正在对沿海城镇造成破坏。"
havoc,havoc,"大破坏，浩劫","The hurricane wreaked havoc on the coast.","飓风对海岸造成了浩劫。"
deadlier,deadly,"更致命的","The new virus is deadlier than the previous one.","这种新病毒比之前的更致命。"
gazelles,gazelle,"瞪羚","Gazelles are fast-running antelopes.","瞪羚是跑得很快的羚羊。"
ascended,ascend,"上升，攀登","He ascended the mountain peak.","他攀登上了山顶。"
majestic,majestic,"雄伟的，壮丽的","The majestic lion stood on the hill.","雄伟的狮子站在山丘上。"
contrast,contrast,"对比，对照","The contrast between the two paintings is striking.","这两幅画之间的对比非常醒目。"
dictator,dictator,"独裁者","The country was ruled by a dictator for decades.","这个国家被一个独裁者统治了几十年。"
underdogs,underdog,"弱者，失败者","The team of underdogs surprised everyone by winning the championship.","弱者团队赢得了冠军，令所有人惊讶。"
savannah,savannah,"稀树草原","The savannah is home to many wild animals.","稀树草原是许多野生动物的家园。"
anxieties,anxiety,"焦虑","He had a lot of anxieties about his future.","他对自己的未来有很多焦虑。"
calamities,calamity,"灾难","The country suffered from a series of calamities.","这个国家遭受了一系列灾难。"
ecological,ecological,"生态的","The ecological balance of the forest was disrupted.","森林的生态平衡被破坏了。"
catastrophes,catastrophe,"大灾难","The earthquake was a natural catastrophe.","地震是一场自然大灾难。"
over-hasty,over-hasty,"过于匆忙的","His over-hasty decision led to a big mistake.","他过于匆忙的决定导致了一个大错误。"
Race,Race,"种族；赛跑","The race for the presidency was very close.","总统之争非常激烈。"
domestication,domestication,"驯化","The domestication of the horse was a key event in human history.","马的驯化是人类历史上的一个关键事件。"
forefathers,forefather,"祖先","Our forefathers fought for our freedom.","我们的祖先为我们的自由而战。"
dependable,dependable,"可靠的","He is a very dependable person.","他是一个非常可靠的人。"
prowling,prowl,"潜行，徘徊","A lion was prowling in the dark.","一只狮子在黑暗中潜行。"
afterwards,afterwards,"之后，后来","We had dinner and went for a walk afterwards.","我们吃完晚饭，之后去散步了。"
barren,barren,"贫瘠的，不毛的","The barren land could not support any crops.","这片贫瘠的土地无法种植任何作物。"
thickets,thicket,"灌木丛","The birds hid in the thickets.","鸟儿藏在灌木丛中。"
grasslands,grassland,"草地，草原","The herd of wildebeest grazed on the grasslands.","角马群在草原上吃草。"
teeming,teem,"充满的，大量的","The river was teeming with fish.","河里充满了鱼。"
harvest,harvest,"收成，收获","The farmers celebrated a good harvest.","农民们庆祝丰收。"
charcoaled,charcoal,"炭化的","The charcoaled wood was used as fuel.","炭化的木头被用作燃料。"
tubers,tuber,"块茎","Potatoes and yams are tubers.","土豆和山药是块茎。"
wheat,wheat,"小麦","Wheat is a staple crop in many countries.","小麦在许多国家是主食作物。"
staples,staple,"主食","Rice is a staple in many Asian countries.","大米在许多亚洲国家是主食。"
biology,biology,"生物学","He is studying biology at the university.","他在大学学习生物学。"
germs,germ,"细菌","Germs can cause diseases.","细菌可以导致疾病。"
parasites,parasite,"寄生虫","Fleas are parasites that live on animals.","跳蚤是生活在动物身上的寄生虫。"
infested,infest,"被...侵扰","The house was infested with rats.","这所房子被老鼠侵扰。"
easier,easy,"更容易的","It is easier to learn a new language when you are young.","年轻时学习一门新语言更容易。"
favourites,favourite,"最喜欢的","Chocolate is my favourite food.","巧克力是我最喜欢的食物。"
insects,insect,"昆虫","The spider eats insects.","蜘蛛吃昆虫。"
carrion,carrion,"腐肉","Vultures eat carrion.","秃鹫吃腐肉。"
Whereas,Whereas,"然而，鉴于","He is tall, whereas his brother is short.","他很高，然而他哥哥很矮。"
devote,devote,"奉献，致力于","She devoted her life to helping others.","她把一生奉献给了帮助别人。"
intestines,intestine,"肠子","The intestines help in the digestion of food.","肠子有助于消化食物。"
scholars,scholar,"学者","The scholars are debating a new theory.","学者们正在辩论一个新理论。"
advent,advent,"到来，出现","The advent of the internet changed the world.","互联网的出现改变了世界。"
track,track,"追踪，轨道","We lost track of the car.","我们跟丢了那辆车。"
consumption,consumption,"消费，消耗","The consumption of fuel has increased.","燃料的消耗增加了。"
inadvertently,inadvertent,"无意地，不经意地","He inadvertently revealed the secret.","他无意中泄露了秘密。"
jumbo,jumbo,"巨大的","The airline used a jumbo jet for the flight.","这家航空公司用一架巨型飞机执行这次航班。"
gulf,gulf,"海湾，巨大的鸿沟","The two countries are separated by a wide gulf of culture.","这两个国家被巨大的文化鸿沟分隔开来。"
breadth,breadth,"宽度，广度","The breadth of his knowledge is impressive.","他知识的广度令人印象深刻。"
harness,harness,"利用","Scientists are trying to harness the power of the sun.","科学家们正试图利用太阳的力量。"
constrained,constrain,"受约束的，受限制的","His creativity was constrained by the strict rules.","他的创造力受到严格规则的限制。"
Eagles,eagle,"鹰","Eagles are large birds of prey.","鹰是大型猛禽。"
thermal,thermal,"热的，热量的","The thermal energy from the sun is immense.","来自太阳的热能是巨大的。"
columns,column,"柱子","The temple was supported by ancient stone columns.","这座神庙由古老的石柱支撑。"
obedient,obedient,"顺从的，听话的","The dog is very obedient.","这只狗非常听话。"
ignite,ignite,"点燃，激起","He ignited the fire with a match.","他用一根火柴点燃了火。"
exploit,exploit,"利用，开发","The company exploited the workers by paying them very low wages.","这家公司通过支付非常低的工资来剥削工人。"
form,form,"形式，形状","The water can exist in liquid, solid, and gas form.","水可以以液体、固体和气体形式存在。"
stick,stick,"棍子","He used a stick to poke the fire.","他用一根棍子拨弄火。"
Keepers,Keeper,"看守人","The zookeepers feed the animals every day.","动物园的看守人每天喂动物。"
marginal,marginal,"边缘的，微不足道的","The difference in price was marginal.","价格上的差异微不足道。"
occasional,occasional,"偶尔的，间或的","We have occasional meetings.","我们偶尔开会。"
Indonesian,Indonesian,"印度尼西亚的","The Indonesian government issued a new policy.","印度尼西亚政府发布了一项新政策。"
archipelago,archipelago,"群岛","Indonesia is the world's largest archipelago.","印度尼西亚是世界上最大的群岛。"
Iberian peninsula,Iberian peninsula,"伊比利亚半岛","The Iberian peninsula is located in the southwest of Europe.","伊比利亚半岛位于欧洲西南部。"
mere,mere,"仅仅，只不过","It was a mere blip in the company's history.","这在公司的历史中仅仅是一个小插曲。"
blip,blip,"短促的尖声；小插曲","The computer screen showed a blip.","电脑屏幕上显示了一个短促的尖声。"
ecological,ecological,"生态的","The ecological balance of the area is very fragile.","这个地区的生态平衡非常脆弱。"
radar,radar,"雷达","The radar detected an unidentified object.","雷达探测到一个不明物体。"
minding,mind,"介意，注意","He was minding his own business.","他在忙自己的事情。"
classi ed,classi ed,"分类的，机密的","The documents were classified as top secret.","这些文件被归为最高机密。"
morgue,morgue,"停尸房","The body was taken to the morgue.","尸体被送到了停尸房。"
pathologist,pathologist,"病理学家","The pathologist examined the tissue sample.","病理学家检查了组织样本。"
peculiar,peculiar,"独特的，奇怪的","He has a peculiar sense of humor.","他有一种独特的幽默感。"
whereas,whereas,"然而，但是","She is very tall, whereas her sister is quite short.","她很高，然而她的妹妹相当矮。"
overran,overrun,"泛滥，侵占","The weeds overran the garden.","杂草侵占了花园。"
Eurasian,Eurasian,"欧亚大陆的","The Eurasian landmass is the largest on Earth.","欧亚大陆是地球上最大的陆块。"
landmass,landmass,"陆块","The continent is a huge landmass.","这个大陆是一块巨大的陆块。"
landed,land,"着陆，降落","The plane landed safely.","飞机安全着陆。"
Interbreeding Theory,Interbreeding Theory,"杂交理论","The Interbreeding Theory suggests that different human species interbred.","杂交理论表明不同的人类物种之间存在杂交。"
mingling,mingle,"混合，交往","The guests were mingling in the garden.","客人们在花园里交往。"
bred,breed,"繁殖，养育","The farmer bred horses for racing.","农民养马是为了赛马。"
outcome,outcome,"结果","The outcome of the match was a draw.","比赛的结果是平局。"
interbreeding,interbreed,"杂交","Interbreeding between different species can produce hybrids.","不同物种之间的杂交可以产生杂交种。"
in rm,in rm,"体弱多病的","He was in rm and could not walk.","他体弱多病，不能行走。"
handicaps,handicap,"残疾，障碍","He overcame his physical handicaps to become a successful athlete.","他克服了自己的身体残疾，成为一名成功的运动员。"
caricatures,caricature,"漫画，夸张的描绘","The artist drew caricatures of the politicians.","艺术家画了那些政治家的漫画。"
archetypical,archetypical,"原型的，典型的","The hero is an archetypical character.","这个英雄是一个原型人物。"
Eurasians,Eurasian,"欧亚人","The Eurasian population is a diverse mix of people.","欧亚人是多样化的人口混合体。"
Erectus,Erectus,"直立人（Homo erectus）","Homo erectus was an early human species.","直立人是一种早期人类物种。"
incompatibility,incompatibility,"不相容，不协调","Their incompatibility led to their divorce.","他们的不相容导致了他们的离婚。"
revulsion,revulsion,"厌恶，憎恶","He felt revulsion at the sight of the dead animal.","他看到死去的动物时感到厌恶。"
genocide,genocide,"种族灭绝","The genocide was a horrific crime against humanity.","种族灭绝是针对人类的可怕罪行。"
anatomies,anatomy,"解剖学，身体结构","The doctor studied human anatomies.","医生研究人类的解剖学。"
odours,odour,"气味","The odours of the kitchen filled the house.","厨房的气味弥漫了整个房子。"
fertile,fertile,"肥沃的，能生育的","The fertile soil is perfect for farming.","这片肥沃的土地非常适合耕种。"
gulf,gulf,"海湾，鸿沟","There is a huge gulf between the rich and the poor.","贫富之间存在巨大的鸿沟。"
separating,separate,"分离","The wall is separating the two gardens.","这堵墙将两个花园分开了。"
unbridgeable,unbridgeable,"无法跨越的","There was an unbridgeable gap between their cultures.","他们的文化之间存在一道无法跨越的鸿沟。"
distinct,distinct,"独特的，截然不同的","The two flavors are quite distinct.","这两种味道截然不同。"
died out,die out,"灭绝，消失","The dinosaurs died out millions of years ago.","恐龙在数百万年前灭绝了。"
lineages,lineage,"血统，世系","He comes from a long lineage of doctors.","他来自一个悠久的医生世家。"
exclusively,exclusive,"独有地，排他地","This service is available exclusively to members.","这项服务仅供会员独享。"
hinges,hinge,"铰链；取决于","The success of the plan hinges on his cooperation.","这个计划的成功取决于他的合作。"
debate,debate,"辩论","There was a heated debate about the new law.","关于新法律有一场激烈的辩论。"
roughly,rough,"粗略地，大约","The job will take roughly two weeks.","这项工作大约需要两周时间。"
baggage,baggage,"行李，包袱","She left her emotional baggage behind and moved on.","她抛下情感包袱，继续前行。"
racial,racial,"种族的","Racial discrimination is a serious problem.","种族歧视是一个严重的问题。"
hundreds,hundred,"数百，几百","There were hundreds of people at the concert.","音乐会上有数百人。"
political,political,"政治的","He has a strong interest in political matters.","他对政治事务有浓厚的兴趣。"
politically,political,"政治上","The decision was politically motivated.","这个决定在政治上是有动机的。"
stunned,stun,"震惊的，目瞪口呆的","She was stunned by the sudden news.","她被这个突如其来的消息震惊了。"
scientific,scientific,"科学的","The discovery was a major scientific breakthrough.","这项发现是一个重大的科学突破。"
valid,valid,"有效的，有根据的","Your argument is valid and well-reasoned.","你的论点是有效且有充分理由的。"
reinforce,reinforce,"加强，强化","The soldiers reinforced their defenses.","士兵们加强了他们的防御。"
conclusions,conclusion,"结论","The research findings led to some interesting conclusions.","研究结果得出了一些有趣的结论。"
genome,genome,"基因组","The human genome project was a monumental achievement.","人类基因组计划是一项巨大的成就。"
fertile,fertile,"肥沃的，能生育的","She is a fertile mother of four children.","她是一位生育了四个孩子的母亲。"
intercourse,intercourse,"性交；交流","They engaged in intellectual intercourse during the conference.","他们在会议期间进行了思想交流。"
relatedness,relatedness,"关联性","There is a relatedness between the two concepts.","这两个概念之间存在关联性。"
Denisovans,Denisovan,"丹尼索瓦人","The Denisovans were an extinct species of archaic humans.","丹尼索瓦人是一种已灭绝的古老人类物种。"
bulldogs,bulldog,"斗牛犬","Bulldogs are known for their stubbornness.","斗牛犬以其固执而闻名。"
reality,reality,"现实","The reality of the situation was much different from what we had imagined.","情况的现实与我们想象的截然不同。"
spaniels,spaniel,"西班牙猎犬","Spaniels are a type of dog with long, floppy ears.","西班牙猎犬是一种耳朵长而下垂的狗。"
on rare occasions,on rare occasion,"在极少数情况下","He only drinks alcohol on rare occasions.","他只在极少数情况下喝酒。"
mutation,mutation,"突变","A genetic mutation can cause a change in an organism's DNA.","基因突变可以导致生物体DNA的改变。"
borderline,borderline,"边缘的，临界的","He has a borderline personality disorder.","他有边缘型人格障碍。"
traits,trait,"特征","He has many admirable traits.","他有许多令人钦佩的特征。"
cognitive,cognitive,"认知的","Cognitive abilities include memory and problem-solving.","认知能力包括记忆和解决问题。"
hitch,hitch,"障碍，故障","There was a hitch in the plan.","计划中出现了一个小故障。"
unsettling,unsettle,"令人不安的","The strange silence was unsettling.","这种奇怪的寂静令人不安。"
speculative,speculative,"推测的，投机的","The article was full of speculative claims.","这篇文章充满了推测性的说法。"
fair,fair,"公平的，公正的；肤色白皙的","The judge made a fair decision.","法官做出了公正的决定。"
drove,drive,"驱使，驾驶","Ambition drove him to succeed.","雄心驱使他走向成功。"
superior social skills,superior social skill,"卓越的社交技能","He has superior social skills that make him popular.","他拥有卓越的社交技能，这使他很受欢迎。"
dwindled,dwindle,"减少，缩小","The number of visitors dwindled after the summer.","夏天过后，游客数量减少了。"
competition,competition,"竞争","The company faces stiff competition from its rivals.","这家公司面临来自其竞争对手的激烈竞争。"
ared up,are up,"爆发，加剧","The argument flared up unexpectedly.","争吵意外地爆发了。"
genocide,genocide,"种族灭绝","The genocide was a horrific crime against humanity.","种族灭绝是针对人类的可怕罪行。"
Tolerance,Tolerance,"容忍，宽容","Tolerance is a key virtue in a diverse society.","在多元化社会中，宽容是一种关键的美德。"
trademark,trademark,"商标，标志；特有的","The company's logo is a registered trademark.","公司的标志是一个注册商标。"
tolerant,tolerant,"宽容的，容忍的","He is tolerant of other people's opinions.","他能容忍别人的意见。"
ethnic-cleansing,ethnic-cleansing,"种族清洗","The government was accused of ethnic-cleansing.","政府被指控进行种族清洗。"
religious,religious,"宗教的","He has strong religious beliefs.","他有强烈的宗教信仰。"
faiths,faith,"信仰（复数）","The country is home to many different faiths.","这个国家是多种不同信仰的家园。"
unfolded,unfold,"展开，揭示","The story unfolded gradually.","故事逐渐展开。"
righteous,righteous,"正义的，公正的","He fought a righteous battle against injustice.","他为反对不公正而进行了一场正义的战斗。"
legions,legion,"军团，大批","Legions of fans waited outside the stadium.","大批粉丝在体育场外等候。"
sprawling,sprawl,"蔓延的， sprawling","The sprawling city stretches for miles.","这座蔓延的城市绵延数英里。"
imperial,imperial,"帝国的，帝王的","The imperial palace was a sight to behold.","帝国宫殿是一道值得一看的风景。"
urged,urge,"敦促，力劝","He urged me to accept the job offer.","他敦促我接受这份工作。"
unite,unite,"联合，统一","The nations decided to unite against the common enemy.","各国决定联合起来对抗共同的敌人。"
accustomed,accustom,"习惯于","I am accustomed to waking up early.","我习惯早起。"
epitome,epitome,"缩影，典范","He is the epitome of a modern gentleman.","他是现代绅士的缩影。"
chasm,chasm,"深渊，裂口","There was a chasm between their beliefs.","他们的信仰之间存在一道鸿沟。"
indicated,indicate,"表明，指示","The sign indicated the way to the station.","路标指示通往车站的方向。"
outraged,outrage,"愤怒的，愤慨的","The public was outraged by the scandal.","公众对这一丑闻感到愤慨。"
wiped out,wipe out,"消灭，清除","The disease wiped out the entire village.","这种疾病消灭了整个村庄。"
tolerate,tolerate,"容忍，忍受","I cannot tolerate such rude behavior.","我无法容忍这种粗鲁的行为。"
blame,blame,"责备，归咎","He blamed me for the mistake.","他责备我犯了错误。"
thereafter,thereafter,"此后，之后","He resigned from his job, and thereafter, he started his own business.","他辞掉了工作，此后开始了自己的生意。"
Flores Island,Flores Island,"弗洛雷斯岛","Flores Island is known for its unique culture and nature.","弗洛雷斯岛以其独特的文化和自然而闻名。"
settle,settle,"定居","The pioneers settled in the new land.","拓荒者在新土地上定居。"
ecologically,ecological,"生态上","The area is ecologically fragile.","这个地区在生态上很脆弱。"
onslaught,onslaught,"猛攻，突袭","The army prepared for the enemy's onslaught.","军队准备好迎接敌人的猛攻。"
overrun,overrun,"泛滥，侵占","The garden was overrun with weeds.","杂草侵占了花园。"
millennia,millennium,"千年","The ancient city has existed for millennia.","这座古城已经存在了数千年。"
archaic,archaic,"古老的","The archaic laws were no longer in use.","古老的法律已经不再使用。"
particularly,particular,"尤其，特别","He is particularly good at math.","他尤其擅长数学。"
Levant,Levant,"黎凡特","The Levant is a historical geographical term.","黎凡特是一个历史地理术语。"
territory,territory,"领土，领域","The country's territory extends to the sea.","这个国家的领土延伸到大海。"
secure,secure,"安全的，牢固的；保护","The fence will secure the garden from intruders.","篱笆将保护花园免受入侵者的侵害。"
rm,firm,"坚定的","He stood rm in his beliefs.","他坚守自己的信仰。"
natives,native,"本地人，原住民","The natives of the island welcomed the visitors.","岛上的本地人欢迎游客。"
inclement,inclement,"恶劣的（天气）","The inclement weather forced us to stay indoors.","恶劣的天气迫使我们待在室内。"
parasites,parasite,"寄生虫","Fleas and ticks are parasites.","跳蚤和蜱是寄生虫。"
retreated,retreat,"撤退","The army retreated after a long battle.","军队在漫长的战斗后撤退了。"
cognitive,cognitive,"认知的","The cognitive development of a child is very important.","孩子的认知发展非常重要。"
persuading,persuade,"说服","He spent hours persuading me to join his team.","他花了几个小时说服我加入他的团队。"
Christian dogma,Christian dogma,"基督教教义","Christian dogma is a set of religious beliefs.","基督教教义是一套宗教信仰。"
undertakings,undertaking,"事业，任务","The construction of the bridge was a great undertaking.","这座桥的建设是一项伟大的事业。"
Conversely,Conversely,"相反地","He is very quiet, and conversely, his brother is very talkative.","他很安静，相反地，他的哥哥非常健谈。"
boats,boat,"船（复数）","There were many boats in the harbor.","港口里有很多船。"
oil lamps,oil lamp,"油灯","They used oil lamps to light the room.","他们用油灯来照明房间。"
reliably,reliable,"可靠地","He always arrives on time, he is very reliably.","他总是准时到达，他非常可靠。"
commerce,commerce,"商业，贸易","The city flourished as a center of commerce.","这座城市作为商业中心而繁荣。"
stratification,stratification,"分层，阶层","Social stratification is the division of society into social classes.","社会分层是社会划分为社会阶级。"
unprecedented,unprecedented,"史无前例的","The storm caused an unprecedented amount of damage.","这场风暴造成了前所未有的破坏。"
accomplishments,accomplishment,"成就，完成","She has many accomplishments in her career.","她在职业生涯中有很多成就。"
carved,carve,"雕刻","He carved a beautiful wooden statue.","他雕刻了一个美丽的木制雕像。"
lion-man,lion-man,"狮人","The Lion-Man is an ivory sculpture from the Paleolithic era.","狮人是旧石器时代的一个象牙雕塑。"
intelligent,intelligent,"聪明的，有智慧的","Dolphins are highly intelligent animals.","海豚是高度聪明的动物。"
quantum,quantum,"量子","Quantum physics is a branch of science.","量子物理学是科学的一个分支。"
mutations,mutation,"突变（复数）","Genetic mutations can cause diseases.","基因突变可以导致疾病。"
wiring,wiring,"接线，布线","The electrical wiring of the house is very old.","这所房子的电线布线非常旧。"
unprecedented,unprecedented,"前所未有的","The level of support was unprecedented.","支持的程度是前所未有的。"
insects,insect,"昆虫","Bees and ants are insects.","蜜蜂和蚂蚁是昆虫。"
sophisticated,sophisticated,"复杂的，精致的","The technology is very sophisticated.","这项技术非常复杂。"
whereabouts,whereabout,"行踪，下落","The police are investigating his whereabouts.","警方正在调查他的行踪。"
vocal,vocal,"声音的，口头的","He is a very vocal supporter of the team.","他是这个团队非常直言不讳的支持者。"
green monkeys,green monkey,"绿猴","Green monkeys are a species of monkey native to West Africa.","绿猴是一种原产于西非的猴子。"
Zoologists,Zoologist,"动物学家","Zoologists study the behavior of animals.","动物学家研究动物的行为。"
whales,whale,"鲸鱼","Whales are the largest animals on Earth.","鲸鱼是地球上最大的动物。"
elephants,elephant,"大象","Elephants have long trunks.","大象有长长的鼻子。"
parrot,parrot,"鹦鹉","A parrot can mimic human speech.","鹦鹉可以模仿人类的语言。"
mimicking,mimic,"模仿","He is mimicking his father's voice.","他正在模仿他父亲的声音。"
wailing,wail,"哭泣，嚎啕大哭","The wailing of the baby could be heard from the other room.","婴儿的哭声可以从另一个房间听到。"
parrot,parrot,"鹦鹉","Parrots are known for their ability to talk.","鹦鹉以其说话能力而闻名。"
supple,supple,"柔软的，柔韧的","The gymnast has a supple body.","这位体操运动员的身体很柔韧。"
thereby,thereby,"因此，从而","He worked hard, thereby earning a promotion.","他努力工作，从而获得了升职。"
ingest,ingest,"摄取，吞食","The snake can ingest large prey.","这条蛇可以吞食大型猎物。"
prodigious,prodigious,"巨大的，惊人的","He has a prodigious talent for music.","他有惊人的音乐天赋。"
comrades,comrade,"同志，伙伴","He fought alongside his comrades in the war.","他与他的同志们并肩作战。"
herd,herd,"兽群，牧群","A herd of cows was grazing in the field.","一群牛在田野里吃草。"
bison,bison,"野牛","Bison used to roam the plains of North America.","野牛曾经漫游在北美大平原上。"
ought,ought,"应该","You ought to tell him the truth.","你应该告诉他真相。"
conveyed,convey,"传达，表达","He conveyed his message through a letter.","他通过一封信传达了他的信息。"
ivory,ivory,"象牙；象牙色的","The figurine was carved from ivory.","这个小雕像是由象牙雕刻而成的。"
figurine,figurine,"小雕像","She collected small porcelain figurines.","她收集小瓷器雕像。"
leonine,leonine,"狮子般的","He had a leonine mane of hair.","他有一头狮子般的鬃毛。"
indisputable,indisputable,"不容置疑的，无可争辩的","The evidence was indisputable.","证据是无可争辩的。"
staggering,stagger,"令人震惊的，摇摇晃晃的","The news came as a staggering blow.","这个消息是一个令人震惊的打击。"
keen,keen,"热切的，敏锐的","He has a keen interest in history.","他对历史有浓厚的兴趣。"
maligned,malign,"诽谤的，污蔑的","He felt maligned by the media's unfair reporting.","他觉得被媒体不公平的报道污蔑了。"
linguistic,linguistic,"语言的，语言学的","Linguistic studies can be very complex.","语言学研究可能非常复杂。"
seventy,seventy,"七十","The old man is seventy years old.","这位老人七十岁了。"
vast,vast,"广阔的，巨大的","The vast desert stretched for miles.","广阔的沙漠绵延数英里。"
majority,majority,"大多数，大部分","The majority of people voted for the new law.","大多数人投票支持新法律。"
evolved,evolve,"进化，发展","The company has evolved from a small startup into a major corporation.","这家公司从一个小的初创公司发展成一个大企业。"
conferences,conference,"会议（复数）","He attended several conferences last year.","他去年参加了几个会议。"
quarks,quark,"夸克","Quarks are elementary particles.","夸克是基本粒子。"
quarrel,quarrel,"争吵，争执","The couple had a quarrel over money.","这对夫妇因为钱吵架了。"
dean,dean,"院长","The dean of the faculty gave a speech.","学院院长发表了演讲。"
focuses,focus,"焦点，集中","The discussion focuses on the main issue.","讨论集中在主要问题上。"
wrongdoings,wrongdoing,"不法行为，坏事","He was punished for his wrongdoings.","他因他的不法行为而受到惩罚。"
Rumour-mongers,Rumour-monger,"造谣者","Rumour-mongers spread false information.","造谣者散布虚假信息。"
fourth estate,fourth estate,"第四等级（新闻界）","The fourth estate plays a crucial role in a democracy.","新闻界在民主社会中扮演着至关重要的角色。"
freeloaders,freeloader,"白吃白喝的人，蹭吃蹭喝的人","The hotel was full of freeloaders.","这家酒店里到处都是蹭吃蹭喝的人。"
valid,valid,"有效的，有根据的","The ticket is valid for one month.","这张票有效期为一个月。"
transmit,transmit,"传输，传播","The virus is transmitted through the air.","这种病毒通过空气传播。"
religions,religion,"宗教","The country respects all religions.","这个国家尊重所有宗教。"
previously,previous,"先前，以前","He was a doctor previously.","他以前是名医生。"
guardian,guardian,"监护人，守护者","He is the legal guardian of the child.","他是这个孩子的法定监护人。"
spirit,spirit,"精神，灵魂","He has a strong fighting spirit.","他有很强的斗志。"
tribe,tribe,"部落","The tribe lived in harmony with nature.","这个部落与自然和谐相处。"
fictions,fiction,"虚构，小说","The story is a work of fiction.","这个故事是虚构的。"
ction,ction,"虚构","The line between fact and fiction is often blurred.","事实和虚构之间的界限常常是模糊的。"
misleading,mislead,"误导性的","The advertisement was misleading.","这个广告具有误导性。"
fairies,fairy,"仙女（复数）","The children believed in fairies.","孩子们相信有仙女。"
unicorns,unicorn,"独角兽（复数）","Unicorns are mythical creatures.","独角兽是神话生物。"
guardian,guardian,"守护者","The dragon was the guardian of the treasure.","龙是宝藏的守护者。"
foraging,forage,"觅食","The bears are foraging for berries.","熊正在觅食浆果。"
fornicating,fornicate,"私通","The couple was accused of fornicating.","这对夫妇被指控私通。"
merely,mere,"仅仅，只不过","He is merely a child.","他仅仅是个孩子。"
biblical,biblical,"圣经的","The story is based on a biblical event.","这个故事是基于一个圣经事件。"
Dreamtime,Dreamtime,"梦幻时代","The Aboriginal people have stories about the Dreamtime.","原住民有关于梦幻时代的故事。"
unprecedented,unprecedented,"史无前例的","The success of the project was unprecedented.","这个项目的成功是史无前例的。"
rigid,rigid,"僵硬的，严格的","The company has a rigid set of rules.","这家公司有一套严格的规则。"
intimately,intimate,"亲密地，密切地","The two events are intimately connected.","这两件事密切相关。"
laboratories,laboratory,"实验室（复数）","Scientists are working in the laboratories.","科学家们正在实验室里工作。"
Peugeot,Peugeot,"标致（汽车品牌）","He drives a Peugeot car.","他开一辆标致车。"
troops,troop,"军队，部队","The troops were sent to the battlefield.","部队被派往战场。"
baboons,baboon,"狒狒","Baboons are known for their complex social structures.","狒狒以其复杂的社会结构而闻名。"
cheetahs,cheetah,"猎豹","Cheetahs are the fastest land animals.","猎豹是陆地上跑得最快的动物。"
hierarchical,hierarchical,"等级制度的","The company has a hierarchical structure.","这家公司有等级制度的结构。"
termed,term,"称作，称为","The event was termed a disaster.","这起事件被称为一场灾难。"
bowing,bow,"鞠躬","He was bowing to the audience.","他正在向观众鞠躬。"
grunting,grunt,"咕噜声，哼声","The pig was grunting in the mud.","猪在泥地里发出咕噜声。"
kowtowing,kowtow,"叩头，谄媚","He was kowtowing to his boss.","他在向他的老板叩头。"
strives,strive,"努力，奋斗","He strives to be the best.","他努力成为最好的。"
harmony,harmony,"和谐，和睦","The family lives in harmony.","这个家庭和睦相处。"
troop,troop,"部队，群","A troop of monkeys was seen in the forest.","在森林里看到了一群猴子。"
intervene,intervene,"干预，介入","The government had to intervene in the crisis.","政府不得不干预这场危机。"
benevolently,benevolent,"仁慈地，善意地","He smiled benevolently at the children.","他仁慈地对孩子们微笑。"
mating,mate,"交配","The birds are in their mating season.","鸟类正处于交配季节。"
forming,form,"形成","The clouds are forming a storm.","云正在形成一场暴风雨。"
coalitions,coalition,"联盟（复数）","The political parties formed coalitions.","政党组成了联盟。"
Ties,Tie,"关系，联系","They have strong family ties.","他们有很强的家庭关系。"
grooming,groom,"梳理，打扮","The cat is grooming itself.","猫正在给自己梳理。"
favours,favour,"恩惠，帮助","She asked for a favor.","她请求帮助。"
aspirants,aspirant,"有抱负者，追求者","The aspirants for the job are numerous.","这份工作的追求者众多。"
coalitions,coalition,"联盟","The two companies formed a coalition to compete with the larger rival.","这两家公司组建了一个联盟来对抗更大的竞争对手。"
intimately,intimate,"亲密地","The two events are intimately connected.","这两件事密切相关。"
worthwhile,worthwhile,"值得的，有价值的","It was a worthwhile experience.","这是一次有价值的经历。"
troop,troop,"部队","The troop of soldiers marched through the town.","士兵部队穿过城镇。"
destabilises,destabilise,"破坏稳定","The political scandal destabilises the government.","政治丑闻破坏了政府的稳定。"
rupture,rupture,"破裂，断裂","The sudden pressure caused the pipe to rupture.","突然的压力导致管道破裂。"
formation,formation,"形成","The formation of new galaxies is a beautiful sight.","新星系的形成是一种美丽的景象。"
cases,case,"案例，情况","In some cases, the patient needs surgery.","在某些情况下，病人需要手术。"
zoologists,zoologist,"动物学家","The zoologists studied the behavior of the lions.","动物学家研究狮子的行为。"
territory,territory,"领土","The lion protected its territory from other predators.","狮子保护自己的领土不被其他捕食者侵犯。"
prolonged,prolong,"延长的，长期的","He suffered from a prolonged illness.","他患有长期疾病。"
genocidal,genocidal,"种族灭绝的","The leader was accused of genocidal acts.","这位领导人被指控犯有种族灭绝行为。"
systematically,systematic,"系统地，有条不紊地","The data was systematically collected and analysed.","数据被系统地收集和分析。"
slaughtered,slaughter,"屠杀","The soldiers slaughtered the innocent villagers.","士兵们屠杀了无辜的村民。"
instincts,instinct,"本能","The baby's sucking is an instinct.","婴儿的吸吮是本能。"
hierarchies,hierarchy,"等级制度","The social hierarchies of the ancient world were rigid.","古代世界的社会等级制度是严格的。"
intimate,intimate,"亲密的","He has an intimate knowledge of the subject.","他对这个主题有深入的了解。"
destabilised,destabilise,"破坏稳定","The political crisis destabilised the country.","政治危机破坏了这个国家的稳定。"
split,split,"分裂，分割","The company split into two separate entities.","这家公司分裂成了两个独立的实体。"
fertile,fertile,"肥沃的","The fertile soil is good for growing crops.","肥沃的土壤适合种植庄稼。"
valley,valley,"山谷","The valley was covered in a thick mist.","山谷里笼罩着浓密的薄雾。"
Sociological,Sociological,"社会学的","The study has sociological implications.","这项研究具有社会学意义。"
threshold,threshold,"门槛，界限","He has a low pain threshold.","他的痛阈很低。"
rumour-mongering,rumour-mongering,"造谣，散布谣言","The company was damaged by rumour-mongering.","这家公司因造谣而受到损害。"
soldiers,soldier,"士兵","The soldiers were fighting on the front line.","士兵们在前线战斗。"
discipline,discipline,"纪律","The army has strict discipline.","军队有严格的纪律。"
sergeant,sergeant,"中士","The sergeant shouted orders at the recruits.","中士向新兵们喊着命令。"
commissioned,commission,"委任，委托","He was commissioned to paint a portrait of the king.","他受托为国王画一幅肖像。"
ourish,flourish,"繁荣，茂盛","The new business began to flourish.","新业务开始蓬勃发展。"
board,board,"董事会","The board of directors approved the new plan.","董事会批准了新计划。"
directors,director,"董事","The directors of the company met once a month.","公司的董事们每月开会一次。"
platoon,platoon,"排（军事单位）","The platoon was sent on a reconnaissance mission.","这个排被派去执行侦察任务。"
crisis,crisis,"危机","The company is facing a financial crisis.","这家公司正面临一场金融危机。"
reinvent,reinvent,"重塑，重新创造","He reinvented himself after the divorce.","他离婚后重塑了自己。"
bust,bust,"破产，萧条","The company went bust last year.","这家公司去年破产了。"
myths,myth,"神话","Greek myths are full of gods and goddesses.","希腊神话充满了神和女神。"
medieval,medieval,"中世纪的","The medieval castle was built in the 12th century.","这座中世纪城堡建于12世纪。"
archaic,archaic,"古老的","The archaic language of the text was difficult to understand.","文本中古老的语言很难理解。"
tribe,tribe,"部落","The tribe lived in a remote part of the forest.","部落住在森林的一个偏远地区。"
religious,religious,"宗教的","He has strong religious beliefs.","他有强烈的宗教信仰。"
Catholics,Catholic,"天主教徒","Catholics are followers of the Roman Catholic Church.","天主教徒是罗马天主教会的追随者。"
incarnated,incarnate,"化身，体现","The god was incarnated as a human.","神化身为人类。"
redeem,redeem,"赎回，弥补","He tried to redeem himself for his past mistakes.","他试图弥补自己过去的错误。"
Serbian nation,Serbian nation,"塞尔维亚民族","The Serbian nation has a long and complex history.","塞尔维亚民族有悠久而复杂的历史。"
Judicial,Judicial,"司法的，审判的","The judicial system of the country is corrupt.","这个国家的司法系统是腐败的。"
legal,legal,"合法的","He sought legal advice from a lawyer.","他向律师寻求法律建议。"
myths,myth,"神话","The myths of ancient Greece are fascinating.","古希腊的神话引人入胜。"
out in,out in,"出去","He went out in the rain without an umbrella.","他没有带伞就冒雨出去了。"
invent,invent,"发明","Thomas Edison invented the light bulb.","托马斯·爱迪生发明了电灯泡。"
primitives,primitive,"原始人","The primitives lived in caves and hunted for food.","原始人住在洞穴里，靠打猎为生。"
cement,cement,"水泥；巩固","They used cement to build the house.","他们用"
sorcerers,sorcerer,"巫师","The sorcerers in the story had magical powers.","故事中的巫师有神奇的力量。"
shamans,shaman,"萨满","The shaman performed a ritual to heal the sick.","萨满举行了一项仪式来治疗病人。"
somewhat,somewhat,"有点，稍微","He was somewhat tired after the long journey.","漫长的旅程后，他有点累。"
Stadel,Stadel,"施塔德尔（地名）","The Stadel Museum is in Frankfurt, Germany.","施塔德尔博物馆在德国法兰克福。"
hood,hood,"头巾，兜帽；引擎盖","He pulled the hood of his sweatshirt over his head.","他把运动衫的帽子拉到头上。"
ornament,ornament,"装饰品，摆设","The Christmas tree was decorated with ornaments.","圣诞树上装饰着摆设。"
adorns,adorn,"装饰","The painting adorns the wall of the living room.","这幅画装饰着客厅的墙壁。"
Peugeot,Peugeot,"标致（汽车品牌）","He drives a Peugeot car.","他开一辆标致车。"
Stadel Cave,Stadel Cave,"施塔德尔洞穴","The Lion-Man figurine was found in the Stadel Cave.","狮人小雕像是在施塔德尔洞穴发现的。"
euros,euro,"欧元（复数）","The currency of Germany is euros.","德国的货币是欧元。"
simultaneously,simultaneous,"同时地","The two events happened simultaneously.","这两件事同时发生。"
junked,junk,"废弃，扔掉","He junked his old car.","他把他的旧车扔掉了。"
scrap,scrap,"碎片，废料","The metal scrap was recycled.","金属废料被回收了。"
issue,issue,"问题，发行","The magazine is a monthly issue.","这本杂志是月刊。"
annual,annual,"每年的，年度的","The company holds an annual meeting.","这家公司每年举行一次会议。"
machinery,machinery,"机器，机械","The factory is full of heavy machinery.","工厂里充满了重型机械。"
accountants,accountant,"会计师","The accountants prepared the financial statements.","会计师们准备了财务报表。"
comprise,comprise,"包含，组成","The team comprises five members.","这个团队由五名成员组成。"
assembly,assembly,"集会，装配","The car is assembled in the factory.","这辆汽车在工厂里组装。"
shareholders,shareholder,"股东","The shareholders voted on the new proposal.","股东们对新提案进行了投票。"
dismissed,dismiss,"解雇，解散","He was dismissed from his job.","他被解雇了。"
intact,intact,"完好无损的","The vase was found intact after the earthquake.","地震后花瓶被发现完好无损。"
invulnerable,invulnerable,"无懈可击的","The castle was considered to be invulnerable.","这座城堡被认为是无懈可击的。"
immortal,immortal,"不朽的，永生的","The gods were immortal beings.","神是不朽的生物。"
mandate,mandate,"授权，命令","The government received a clear mandate from the people.","政府从人民那里获得了明确的授权。"
dissolution,dissolution,"解散，溶解","The dissolution of the company was a difficult process.","公司的解散是一个艰难的过程。"
prosecuted,prosecute,"起诉，检举","He was prosecuted for tax fraud.","他因税务欺诈被起诉。"
genre,genre,"类型，流派","Science fiction is a popular genre of literature.","科幻小说是一种受欢迎的文学流派。"
liability,liability,"责任，负债","The company has a liability to its shareholders.","公司对其股东负有责任。"
untold,untold,"无数的，数不清的","The war caused untold suffering.","这场战争造成了无数的苦难。"
devastating,devastate,"破坏性的；令人震惊的","The storm had a devastating effect on the city.","这场风暴对这座城市产生了毁灭性的影响。"
spruce,spruce,"云杉；落叶松,打扮整洁的，漂亮的,打扮整齐","He looked spruce in his new suit.","他穿着新西装显得很精神。"
precipitation,precipitate,"降水；沉淀；仓促","The forecast calls for a high chance of precipitation.","天气预报说降水的可能性很高。"
metric,metric,"公制的,公制","The metric system is used in most countries.","公制在大多数国家使用。"
haunt,haunt,"鬼魂出没；萦绕心头；常去,常去的地方","The old house is rumored to be haunted.","传闻那所老房子闹鬼。"
nitric,nitric,"氮的；硝酸的","Nitric acid is a strong acid.","硝酸是一种强酸。"
sulfuric,sulfuric,"硫磺的；硫的","Sulfuric acid is a very corrosive acid.","硫酸是一种腐蚀性很强的酸。"
coined,coin,"创造（新词语）,创造","He coined the term 'cyberspace'.","他创造了“赛博空间”这个词。"
Scottish,Scottish,"苏格兰的；苏格兰人的,苏格兰人；苏格兰语","He has a strong Scottish accent.","他有很重的苏格兰口音。"
chemist,chemist,"化学家","She is a brilliant chemist.","她是一位杰出的化学家。"
bits,bit,"一点点；少量；,马嚼子","He ate a few bits of bread.","他吃了几块面包。"
settle,settle,"解决；定居；沉淀,和解，协议","They decided to settle the dispute out of court.","他们决定庭外和解。"
vegetation,vegetation,"植被；草木","The vegetation in the desert is sparse.","沙漠里的植被很稀疏。"
erupting,erupt,"喷发，爆发；突然发生","The volcano is erupting.","火山正在喷发。"
coal-burning,coal-burning,"燃煤的","A coal-burning power plant.","燃煤发电厂。"
emissions,emission,"排放；散发","The factory's emissions are harmful to the environment.","这家工厂的排放物对环境有害。"
sulfur,sulfur,"硫磺","Sulfur is a yellow non-metal element.","硫是一种黄色的非金属元素。"
dioxide,dioxide,"二氧化物","Carbon dioxide is a greenhouse gas.","二氧化碳是一种温室气体。"
nitrogen,nitrogen,"氮","Nitrogen makes up a large part of the atmosphere.","氮构成了大气的大部分。"
oxides,oxide,"氧化物","Iron oxides are found in rust.","氧化铁存在于铁锈中。"
atmosphere,atmosphere,"大气；氛围","The atmosphere of the room was tense.","房间里的气氛很紧张。"
substances,substance,"物质","The substance was identified as a chemical.","该物质被鉴定为一种化学品。"
runoff water,runoff water,"径流；地表径流","Runoff water can carry pollutants into rivers.","地表径流会将污染物带入河流。"
greenhouse,greenhouse,"温室","A greenhouse is used to grow plants.","温室是用来种植植物的。"
ground-level,ground-level,"地面的；地面上的","Ground-level ozone is a major air pollutant.","地表臭氧是主要的空气污染物。"
pollutant,pollutant,"污染物","Pollutants from the factory contaminated the river.","工厂的污染物污染了河流。"
concerns,concern,"关心；担心","His health is a major concern to his family.","他的健康是他的家人主要担心的问题。"
streams,stream,"溪流，小河","The children were playing in the stream.","孩子们正在溪流里玩耍。"
wetlands,wetland,"湿地","Wetlands are important for many wildlife species.","湿地对许多野生动物物种很重要。"
aquatic,aquatic,"水生的；水产的","Ducks are aquatic birds.","鸭子是水生鸟类。"
aluminum,aluminum,"铝","Aluminum is a lightweight metal.","铝是一种轻金属。"
absorption,absorption,"吸收；全神贯注","The absorption of nutrients is vital.","营养物质的吸收至关重要。"
tolerate,tolerate,"容忍；忍受","I can't tolerate rude behavior.","我无法容忍无礼的行为。"
non-aquatic,non-aquatic,"非水生的","Non-aquatic plants cannot grow underwater.","非水生植物不能在水下生长。"
elevations,elevation,"海拔；高地","The city is at a high elevation.","这座城市海拔很高。"
deposition,deposition,"沉积；存放","The deposition of sediment formed the rock.","沉积物的堆积形成了岩石。"
nutrients,nutrient,"营养物质","Fruits and vegetables are rich in nutrients.","水果和蔬菜富含营养。"
stressors,stressor,"压力源；加压物","Lack of sleep is a major stressor for me.","睡眠不足是我的主要压力源。"
pollutants,pollutant,"污染物","The car's pollutants are harmful to the air.","汽车的污染物对空气有害。"
neutralize,neutralize,"中和；使失效；抵消","Baking soda can neutralize stomach acid.","小苏打可以中和胃酸。"
limestone,limestone,"石灰岩；石灰石","Limestone is a type of rock.","石灰岩是一种岩石。"
inhalable,inhalable,"可吸入的","Inhalable particles can cause respiratory problems.","可吸入颗粒物会引起呼吸系统问题。"
irritation,irritation,"刺激；恼怒","The dust caused skin irritation.","灰尘引起了皮肤刺激。"
asthma,asthma,"哮喘","Asthma is a chronic respiratory disease.","哮喘是一种慢性呼吸道疾病。"
curbing,curb,"遏制；控制","The government is trying to curb inflation.","政府正在努力遏制通货膨胀。"
sulfur,sulfur,"硫磺","Sulfur is a key ingredient in gunpowder.","硫磺是火药中的关键成分。"
Initiatives,Initiative,"倡议；新方案","The company has several new initiatives.","公司有几个新方案。"
red spruce,red spruce,"红云杉","The red spruce is a common tree in this area.","红云杉是这个地区常见的树。"
Sinosphere,Sinosphere,"汉字文化圈","The Sinosphere includes countries like China, Japan, and Korea.","汉字文化圈包括中国、日本和韩国等国家。"
relied,rely,"依赖；依靠","He relied on his friend for support.","他依赖他的朋友来获得支持。"
grappling,grapple,"扭打；努力应对","He is grappling with a difficult problem.","他正在努力应对一个难题。"
literature,literature,"文学；文献","He is a professor of English literature.","他是英语文学教授。"
implementing,implement,"实施；执行","The government is implementing a new policy.","政府正在实施一项新政策。"
pouring,pour,"倾倒；倾盆而下","It's pouring outside, so don't forget your umbrella.","外面正在下倾盆大雨，别忘了带伞。"
aspect,aspect,"方面；外表","The two aspects of the problem are related.","问题的两个方面是相互关联的。"



savvy,savvy,有见识的，精明的,"He's a savvy investor.","他是一个精明的投资者。"
dogma,dogma,教条，信条,"The political dogma was difficult to challenge.","这个政治教条很难被挑战。"
monasteries,monastery,修道院；寺院,"Monasteries were centers of learning in the past.","修道院在过去是学习的中心。"
convents,convent,女修道院；女修道会,"She decided to join a convent.","她决定加入一个女修道院。"
apothecaries,apothecary,药剂师；药店,"Apothecaries sold various medicines and herbs.","药剂师们出售各种药品和草药。"
incorporated,incorporate,包含；合并；组成公司,"The company incorporated the new technology.","该公司融入了新技术。"
guilds,guild,行会；同业公会,"The tailor's guild protected the interests of its members.","裁缝行会保护其成员的利益。"
medicine,medicine,药；医学,"He is studying medicine at university.","他在大学学习医学。"
prescribed,prescribe,开药方；规定，指定,"The doctor prescribed some medicine for her.","医生给她开了一些药。"
fresco,fresco,湿壁画,"The chapel is decorated with a beautiful fresco.","教堂里装饰着一幅美丽的湿壁画。"
interior,interior,内部；内地,内部的；内地的,"The interior of the house was newly painted.","房子的内部被重新粉刷了。"
apothecary,apothecary,药剂师，药店,"He worked as an apothecary.","他是一名药剂师。"
pharmacist,pharmacist,药剂师,"The pharmacist advised me on how to take the medicine.","药剂师建议我如何服用这种药。"
secular,secular,世俗的，非宗教的,"The school has a secular curriculum.","这所学校有世俗课程。"
precision,precision,精确，精准,"The surgeon performed the operation with great precision.","外科医生以极高的精确度进行了手术。"
elegantly,elegantly,优雅地；高雅地,"She was elegantly dressed for the party.","她为了派对穿得非常优雅。"
attired,attire,穿着，打扮,"He was formally attired for the meeting.","他为会议穿得很正式。"
tattered,tattered,破烂的；衣衫褴褛的,"The homeless man wore tattered clothes.","那个无家可归的人穿着破烂的衣服。"
grinding,grind,磨碎，碾碎,"The mill is grinding corn into flour.","磨坊正在将玉米磨成面粉。"
components,component,组成部分；零件,"The car is made up of thousands of components.","这辆车由数千个零件组成。"
pestle,pestle,研杵,"He used a pestle and mortar to grind the spices.","他用研杵和研钵磨碎了香料。"
mortar,mortar,研钵；砂浆,"The chemist used a mortar to mix the chemicals.","化学家用研钵来混合化学物质。"
pharmacy,pharmacy,药房；药剂学,"I went to the pharmacy to get my prescription.","我去了药房拿我的处方药。"
lodging,lodging,寄宿，住宿,"They found lodging for the night.","他们找到了过夜的地方。"
plagues,plague,瘟疫；祸患,困扰，使苦恼,"The village was struck by a plague.","村庄遭受了瘟疫的袭击。"
easing,ease,减轻；放松,"The medicine is easing my pain.","这种药正在减轻我的疼痛。"
applied,apply,应用；涂抹；申请,"He applied the ointment to the wound.","他把药膏涂在伤口上。"
ointments,ointment,药膏；软膏,"The doctor prescribed an ointment for the rash.","医生为皮疹开了一支药膏。"
miraculous,miraculous,奇迹般的；不可思议的,"The treatment had a miraculous effect on her health.","这种治疗对她的健康产生了奇迹般的效果。"
properties,property,性质；特性；财产,"The chemical has unusual properties.","这种化学物质有不同寻常的性质。"
agate,agate,玛瑙,"She wore a necklace made of agate.","她戴着一条玛瑙项链。"
complaints,complaint,抱怨；疾病,"He went to the doctor with a stomach complaint.","他因胃部不适去看医生。"
hemorrhoids,hemorrhoid,痔疮,"Hemorrhoids are a common medical condition.","痔疮是一种常见的疾病。"
derived,derive,起源于；得到，导出,"The word 'derive' is derived from Latin.","“derive”这个词来源于拉丁语。"
mineral,mineral,矿物；矿物质,矿物的,"Gold is a precious mineral.","黄金是一种珍贵的矿物。"
urine,urine,尿,"The doctor tested a sample of his urine.","医生检测了他的尿液样本。"
variety,variety,多样性；品种,"The store offers a variety of products.","这家商店提供多种多样的产品。"
pharmacopoeia,pharmacopoeia,药典,"The new edition of the pharmacopoeia was published.","新版的药典出版了。"
physician,physician,医生；内科医生,"He is a respected physician in the community.","他是社区里一位受人尊敬的医生。"
Dioscorides,Dioscorides,迪奥斯科里德斯,"Dioscorides was an ancient Greek physician.","迪奥斯科里德斯是一位古希腊医生。"
botanical,botanical,植物学的；与植物有关的,"The garden has a wide variety of botanical specimens.","这个花园有多种植物标本。"
Certain,certain,某些；确信的，肯定的,"Certain plants are known to be poisonous.","某些植物是已知的有毒植物。"
credited,credit,相信；把…归功于,"He is credited with the invention of the machine.","这项发明归功于他。"
cyclamen,cyclamen,仙客来,"Cyclamen is a beautiful flowering plant.","仙客来是一种美丽的开花植物。"
potion,potion,药水；魔药,"The wizard made a magical potion.","巫师制作了一种神奇的药水。"
jaundice,jaundice,黄疸,"Jaundice is a condition that causes yellowing of the skin.","黄疸是一种导致皮肤变黄的疾病。"
constipation,constipation,便秘,"Eating more fiber can help with constipation.","多吃纤维可以帮助缓解便秘。"
chilblains,chilblain,冻疮,"Chilblains are caused by cold temperatures.","冻疮是由寒冷的气温引起的。"
acne,acne,痤疮；粉刺,"She has a bad case of acne.","她得了严重的痤疮。"
alopecia,alopecia,脱发症,"Alopecia is a condition that causes hair loss.","脱发症是一种导致脱发的疾病。"
Cinnamon,cinnamon,肉桂,"Cinnamon is a spice used in baking.","肉桂是一种用于烘焙的香料。"
anise,anise,茴香,"Anise has a strong licorice-like flavor.","茴香有很强的甘草味。"
Lotions,lotion,洗液；护肤液,"She applied lotion to her dry skin.","她把洗液涂在干燥的皮肤上。"
potions,potion,药水；魔药,"He prepared a potion to cure the disease.","他准备了一种药水来治疗这种疾病。"
poultices,poultice,药糊；膏药,"A hot poultice was applied to the swelling.","将热药糊敷在肿胀处。"
itinerant,itinerant,巡回的；流动的,"Itinerant healers traveled from village to village.","巡回治疗师从一个村庄到另一个村庄。"
healers,healer,治疗师；医治者,"The healer used herbs to cure his patients.","治疗师用草药来治愈他的病人。"
dispensaries,dispensary,药房；配药处,"The hospital has a dispensary for patients.","医院有一个为病人服务的药房。"
storehouse,storehouse,仓库；货栈,"The grain was stored in a large storehouse.","谷物被储存在一个大仓库里。"
pharmacies,pharmacy,药店；药房,"There are several pharmacies in the neighborhood.","这个社区有好几家药店。"
miniature,miniature,微型的，小型的,微型画；小型复制品,"He built a miniature model of a ship.","他制作了一个微型船模型。"
herbularius,herbularius,药草园丁,"The herbularius was responsible for the herb garden.","药草园丁负责药草园。"
dedicated,dedicated,专用的；专注的,"He is a dedicated teacher.","他是一位专注的老师。"
cultivating,cultivate,耕种；培养,"She is cultivating her interest in music.","她正在培养她对音乐的兴趣。"
abbeys,abbey,大修道院；大教堂,"The abbey was built in the 12th century.","这座大修道院建于12世纪。"
Monastic,monastic,修道院的；僧侣的,"He lives a monastic life.","他过着僧侣般的生活。"
pilgrims,pilgrim,朝圣者；旅行者,"Pilgrims travel to holy sites.","朝圣者前往圣地。"
ailments,ailment,小病；不适,"He suffers from minor ailments.","他患有一些小毛病。"
monastery,monastery,修道院；寺院,"He joined a monastery to become a monk.","他加入了一座修道院，成为一名僧侣。"
provision,provision,提供；供应；条款,"The provision of food and water is essential.","提供食物和水是至关重要的。"
herbs,herb,药草；香草,"He used herbs to make tea.","他用药草泡茶。"
illuminated,illuminate,照亮；阐明；装饰,"The illuminated manuscript was a work of art.","这本泥金装饰手抄本是一件艺术品。"
manuscript,manuscript,手稿；原稿,"The author submitted his manuscript to the publisher.","作者将手稿提交给了出版商。"
collectorium,collectorium,藏书室，档案室,"The collectorium held ancient texts.","藏书室收藏了古代文献。"
chirurgicum,chirurgicum,外科手术的,"The chirurgicum was a surgical text.","该chirurgicum是一本外科手术文本。"
surgical,surgical,外科手术的,"He needed surgical treatment.","他需要外科手术治疗。"
Latin,Latin,拉丁语,拉丁语的,"Latin is a classical language.","拉丁语是一种古典语言。"
herbalist,herbalist,草药师,"The herbalist recommended some herbs for his cough.","草药师为他的咳嗽推荐了一些草药。"
convent,convent,女修道院,"The convent was a place of peace.","这座女修道院是一个宁静的地方。"
friars,friar,修道士；修士,"The friars lived a life of poverty.","修士们过着贫困的生活。"
merchant,merchant,商人,"He is a wealthy merchant.","他是一位富有的商人。"
fame,fame,名声；名气,"He achieved fame as a writer.","他作为一名作家获得了名声。"
flocked,flock,聚集；蜂拥而至,"People flocked to the concert.","人们蜂拥而至去看演唱会。"
precursor,precursor,先驱；前兆,"This event was a precursor to the war.","这次事件是战争的前兆。"
harden,harden,变硬；巩固,"The cement will harden overnight.","水泥会在一夜之间变硬。"
coinciding,coincide,同时发生；巧合,"The two events coincided.","这两个事件同时发生。"
guilds,guild,行会；同业公会,"The guilds were powerful organizations.","行会是强大的组织。"
dignity,dignity,尊严；高贵,"He faced his illness with dignity.","他有尊严地面对疾病。"
promulgated,promulgate,颁布；公布,"The government promulgated a new law.","政府颁布了一项新法律。"
remedies,remedy,疗法；补救方法,"He tried various remedies for his cold.","他尝试了各种疗法来治疗感冒。"
forbade,forbid,禁止，不准,"She forbade him from going out.","她禁止他出门。"
subjected,subject,使服从；使遭受,"The prisoners were subjected to harsh treatment.","囚犯们遭受了残酷的待遇。"
regulation,regulation,规定；法规,"The new regulation is very strict.","新规定非常严格。"
prescriptions,prescription,处方；药方,"You need a prescription to buy this medicine.","你需要处方才能买这种药。"
poisonous,poisonous,有毒的,"This mushroom is poisonous.","这种蘑菇有毒。"
labeling,label,贴标签于；标记,标签；标记,"The product has clear labeling.","这个产品有清晰的标签。"
bottles,bottle,瓶子,"He filled the bottles with water.","他把瓶子里装满了水。"
obligatory,obligatory,强制性的；必须的,"Wearing a seat belt is obligatory.","系安全带是强制性的。"
compliance,compliance,服从；顺从；合规,"The company is in compliance with all regulations.","公司遵守所有规定。"
appointed,appoint,任命；指定,"He was appointed as the new manager.","他被任命为新经理。"
assisted,assist,帮助；协助,"He assisted the elderly man with his bags.","他帮助老人拿行李。"
physicians,physician,医生；内科医生,"Physicians are responsible for the health of their patients.","医生们对病人的健康负责。"
inspected,inspect,检查；视察,"The inspector inspected the building.","检查员视察了这座建筑。"
therein,therein,在其中,"The document and the information contained therein.","这份文件及其中所包含的信息。"
antiquity,antiquity,古代；古物,"The city is famous for its antiquities.","这座城市以其古物而闻名。"
restrict,restrict,限制；约束,"The rules restrict the number of people who can enter.","这些规则限制了可以进入的人数。"
midwifery,midwifery,助产学；产科,"She is studying midwifery.","她在学习助产学。"
reflecting,reflect,反映；反射；沉思,"The book is reflecting on the past.","这本书反映了过去。"
receipts,receipt,收据；收入,"He kept all his receipts.","他保留了所有的收据。"
recipes,recipe,食谱；秘诀,"She followed the recipe to make a cake.","她按照食谱做了一个蛋糕。"
Physick,Physick,医学；内科,"He studied Physick at the university.","他在大学学习内科医学。"
Chyrugery,Chyrugery,外科,"The term 'Chyrugery' is an old spelling of 'surgery'.","‘Chyrugery’是‘surgery’的旧拼写。"
colonists,colonist,殖民者，移民,"The colonists settled on the new land.","殖民者在新土地上定居。"
sail,sail,航行，行驶；,"The ship will sail at dawn.","船将在黎明时启航。"
settlers,settler,定居者；殖民者,"The early settlers faced many challenges.","早期定居者面临许多挑战。"
colony,colony,殖民地；群体,"The country was a former British colony.","这个国家曾是英国的殖民地。"
kidneys,kidney,肾脏,"The kidneys filter waste from the blood.","肾脏过滤血液中的废物。"


discrimination,discrimination,歧视,"Racial discrimination is a serious problem.","种族歧视是一个严重的问题。"
manuscript,manuscript,手稿；原稿,"The author submitted his manuscript to the publisher.","作者将他的手稿提交给了出版商。"
majestically,majestically,雄伟地，庄严地,"The eagle soared majestically through the sky.","雄鹰在天空中雄伟地翱翔。"
tactful,tactful,圆滑的；机敏的,"He gave a tactful answer to the sensitive question.","他对这个敏感的问题给出了一个圆滑的回答。"
Tattersall,Tattersall,塔特萨尔花格布（一种格子图案）,"He was wearing a Tattersall check shirt.","他穿着一件塔特萨尔花格衬衫。"
inventive,inventive,有创造力的；善于发明的,"She is an inventive designer.","她是一位有创造力的设计师。"
unorthodox,unorthodox,非传统的；非正统的,"His methods were considered unorthodox by his colleagues.","他的方法被同事们认为是离经叛道的。"
italicize,italicize,用斜体字书写，强调,"The title of the book was italicized.","书名是用斜体字书写的。"
taxonomic,taxonomic,分类学的,"The taxonomic classification of the species is complex.","该物种的分类学分类很复杂。"
Olorgesailie,Olorgesailie,"奥洛尔盖赛利（地名）","The archaeological site of Olorgesailie is in Kenya.","奥洛尔盖赛利考古遗址在肯尼亚。"
vein,vein,静脉；叶脉；方式,"Blood flows through the veins.","血液流过静脉。"
inky,inky,墨水般的；漆黑的,"The night sky was inky black.","夜空漆黑一片。"
lurk,lurk,潜伏；埋伏,"Danger lurks around every corner.","危险潜伏在每个角落。"
adequately,adequately,足够地；适当地,"He was not adequately prepared for the exam.","他为考试做的准备不够充分。"
indebted,indebted,感激的；负债的,"I am indebted to you for your help.","我感谢你的帮助。"
uniformly,uniformly,一致地；统一地,"The students were uniformly dressed in black.","学生们统一穿着黑色服装。"
heroic,heroic,英雄的；英勇的,"He made a heroic effort to save the child.","他英勇地努力拯救了那个孩子。"
Imperial,Imperial,帝国的；皇帝的,"The Imperial Palace is a historical site.","帝国宫殿是一个历史遗迹。"
Museum,Museum,博物馆,"The Museum is home to many ancient artifacts.","博物馆收藏了许多古代文物。"
Institute,Institute,学院；研究所,"He works at a research institute.","他在一个研究所工作。"
formerly,formerly,以前；从前,"This building was formerly a school.","这栋楼以前是一所学校。"
Iowa,Iowa,艾奥瓦州（美国州名）,"He lives in Iowa.","他住在艾奥瓦州。"
delighted,delighted,高兴的；愉快的,"I was delighted to hear the news.","听到这个消息我很高兴。"
trillions,trillion,万亿,"The star is trillions of miles away.","这颗恒星在数万亿英里之外。"
intricate,intricate,错综复杂的；精致的,"The intricate design of the clock fascinated the children.","时钟错综复杂的设计吸引了孩子们。"
obliging,obliging,乐于助人的；热心帮忙的,"He was an obliging and friendly host.","他是一个乐于助人且友好的主人。"
manner,manner,方式；举止；风俗,"He spoke in a calm manner.","他以一种平静的方式说话。"
arrangement,arrangement,安排；整理；布置,"The arrangement of flowers was beautiful.","花朵的布置很漂亮。"
uncomplainingly,uncomplainingly,毫无怨言地,"She worked uncomplainingly all day.","她一整天都毫无怨言地工作。"
deft,deft,灵巧的；熟练的,"He gave a deft performance.","他进行了灵巧的表演。"
operative,operative,操作的；有效的,特工；工人,"The machine is not operative.","这台机器无法运转。"
efforts,effort,努力；尝试,"He made a great effort to finish the project.","他付出了巨大的努力来完成这个项目。"
intact,intact,完好无损的,"The vase was found intact after the earthquake.","地震后花瓶被发现完好无损。"
supremely,supremely,至高无上地；极其,"He was supremely confident.","他极其自信。"
existence,existence,存在；生存,"The existence of aliens has not been proven.","外星人的存在尚未被证明。"
gratifying,gratify,令人满意的；可喜的,"It was gratifying to see his success.","看到他的成功是令人欣慰的。"
devoted,devote,忠诚的；投入的,"He is a devoted husband and father.","他是一个忠诚的丈夫和父亲。"
indeed,indeed,确实；的确,"It was a very good performance indeed.","这确实是一场非常好的表演。"
mindless,mindless,无意识的；无须思考的,"It was a mindless task that didn't require much thought.","这是一项不需要太多思考的无意识任务。"
particles,particle,粒子；微粒,"Dust particles were floating in the air.","灰尘微粒在空气中漂浮。"
tweezers,tweezers,镊子,"He used tweezers to pick up the small object.","他用镊子夹起那个小物体。"
impulse,impulse,冲动；推动力,"She bought the dress on impulse.","她一时冲动买下了这条裙子。"
fickle,fickle,变幻无常的；浮躁的,"The weather in this area is fickle.","这个地区的天气变幻无常。"
fleeting,fleeting,短暂的；转瞬即逝的,"He had a fleeting thought of quitting his job.","他有过一个短暂的辞职念头。"
modest,modest,谦虚的；适度的,"He has a modest house and a quiet life.","他有一栋普通的房子和安静的生活。"
flashes,flash,闪光；闪现,"Flashes of lightning lit up the sky.","闪电的光芒照亮了天空。"
thereabouts,thereabouts,在那附近；大约,"I'll be there at 8 o'clock or thereabouts.","我会在8点左右到那里。"
disassemble,disassemble,拆卸；分解,"He disassembled the engine to fix it.","他拆卸了发动机来修理它。"
rejoice,rejoice,高兴；欢庆,"We rejoiced at the news of their victory.","我们为他们胜利的消息而欢欣鼓舞。"
decidedly,decidedly,无疑地；坚决地,"He was decidedly against the idea.","他坚决反对这个想法。"
congenially,congenially,意气相投地；亲切地,"They chatted congenially for hours.","他们意气相投地聊了好几个小时。"
mundane,mundane,世俗的；普通的；乏味的,"The mundane details of daily life.","日常生活的琐事。"
hydrogen,hydrogen,氢,"Hydrogen is the lightest element.","氢是最轻的元素。"
calcium,calcium,钙,"Calcium is important for strong bones.","钙对骨骼强健很重要。"
sulphur,sulphur,硫磺,"Sulphur is a yellow non-metal.","硫磺是一种黄色的非金属。"
pharmacy,pharmacy,药店；药房,"I went to the pharmacy to get my medicine.","我去药店拿药。"
gassy,gassy,含气体的；多气的,"This drink is gassy.","这种饮料有气。"
swirling,swirl,旋转；涡旋,"The swirling mist obscured the view.","旋转的薄雾遮住了视线。"
nebulae,nebula,星云（nebula的复数）,"The Hubble telescope took pictures of distant nebulae.","哈勃望远镜拍摄了遥远星云的照片。"
agreeably,agreeably,令人愉快地；赞同地,"She smiled agreeably at his suggestion.","她赞同地笑了笑。"
numerous,numerous,许多的；大量的,"He has numerous friends.","他有许多朋友。"
particles,particle,粒子；微粒,"The particles of dust were too small to see.","灰尘微粒太小了，看不到。"
suggested,suggest,建议；暗示,"He suggested that we go out for dinner.","他建议我们出去吃晚饭。"
dismayingly,dismaying,令人沮丧地,"The results were dismayingly low.","结果低得令人沮丧。"
tenuous,tenuous,纤细的；脆弱的；不确定的,"He has a tenuous grasp of the facts.","他对事实的掌握很脆弱。"
extinguishing,extinguish,熄灭；消灭,"The fire department is extinguishing the fire.","消防队正在扑灭大火。"
affiliation,affiliation,隶属关系；联系,"He has no political affiliation.","他没有任何政治背景。"
repeatedly,repeatedly,反复地；重复地,"He repeatedly asked the same question.","他反复问同样的问题。"
protoplasmal,protoplasmal,原生质的,"The protoplasmal membrane surrounds the cell.","原生质膜包围着细胞。"
primordial,primordial,原始的；最初的,"The primordial soup is a theory about the origin of life.","原始汤是关于生命起源的理论。"
globule,globule,小球；小滴,"A globule of oil was floating on the water.","一滴油漂浮在水面上。"
sentient,sentient,有知觉的；有感情的,"Humans are sentient beings.","人类是有知觉的生物。"
mutate,mutate,突变；变异,"The virus is able to mutate rapidly.","这种病毒能够迅速变异。"
precisely,precisely,精确地；恰好地,"He arrived precisely at noon.","他恰好在中午到达。"
timely,timely,及时的；适时的,"The timely intervention saved his life.","及时的干预挽救了他的生命。"
exceedingly,exceedingly,非常地；极其,"The weather was exceedingly cold.","天气极其寒冷。"
abhorred,abhor,憎恶；痛恨,"He abhorred violence.","他憎恨暴力。"
doted,dote,溺爱；过分喜爱,"She doted on her grandchildren.","她溺爱她的孙子孙女。"
fins,fin,鳍,"Fish use their fins to swim.","鱼用它们的鳍来游泳。"
limbs,limb,肢体；树枝,"The ape swung from limb to limb.","猿在树枝间摇摆。"
jaunty,jaunty,快活的；自信的,"He walked with a jaunty step.","他迈着轻快的步伐。"
sails,sail,帆,"The boat's sails were full of wind.","船的帆上充满了风。"
flicked,flick,轻弹；快速移动,"He flicked the dust off his jacket.","他弹掉了夹克上的灰尘。"
sleek,sleek,光滑的；时髦的,"The sleek design of the car was appealing.","汽车光滑的设计很吸引人。"
imperatives,imperative,命令；必须做的事,"Learning to swim is a survival imperative.","学会游泳是生存的必要条件。"
algae,algae,藻类,"Algae grows in the pond.","池塘里长着藻类。"
lolling,loll,懒洋洋地躺着；下垂,"The dog was lolling on the grass.","狗懒洋洋地躺在草地上。"
walrus-like,walrus-like,海象般的,"He had a walrus-like mustache.","他有海象般的胡须。"
shore,shore,岸边；海岸,"We walked along the shore.","我们沿着岸边散步。"
disgorging,disgorge,吐出；倾泻,"The whale was disgorging water from its blowhole.","鲸鱼正在从它的喷水孔吐水。"
blowhole,blowhole,（鲸鱼等头顶的）喷水孔,"The whale surfaced and blew water from its blowhole.","鲸鱼浮出水面，从喷水孔喷出水。"
diving,dive,潜水；跳水,"He went diving in the ocean.","他去海洋潜水了。"
mouthful,mouthful,一口；满口,"She took a mouthful of food.","她吃了一口食物。"
attached,attach,附上；依恋,"He is very attached to his family.","他非常依恋他的家人。"
immemorial,immemorial,远古的；太古的,"The custom dates from time immemorial.","这个习俗起源于远古时代。"
favoured,favour,偏爱的；受青睐的,"He was the favoured candidate for the job.","他是这份工作的热门候选人。"
miraculously,miraculously,奇迹般地,"The lost child was miraculously found safe and sound.","失踪的孩子奇迹般地被发现安然无恙。"
ancestry,ancestry,祖先；血统,"He can trace his ancestry back to the 18th century.","他可以追溯他的祖先到18世纪。"
forebears,forebear,祖先,"Our forebears fought for our freedom.","我们的祖先为我们的自由而战。"
sufficiently,sufficiently,足够地；充分地,"He was not sufficiently prepared for the interview.","他为面试做的准备不够充分。"
circumstances,circumstance,情况；环境,"Under no circumstances should you open the door.","在任何情况下你都不能开门。"
squashed,squash,压扁；挤压,"The fruit was squashed in the bag.","水果在袋子里被压扁了。"
stuck,stick,卡住；被困住,"I am stuck in traffic.","我堵车了。"
untimely,untimely,不合时宜的；过早的,"His untimely death shocked everyone.","他英年早逝震惊了所有人。"
wounded,wound,受伤的,伤害，使受伤,"The wounded soldier was taken to the hospital.","受伤的士兵被送往医院。"
deflected,deflect,使偏斜；转移,"The shield deflected the arrow.","盾牌使箭偏离了方向。"
quest,quest,探索；追求,"The knights went on a quest for the Holy Grail.","骑士们踏上了寻找圣杯的探索之旅。"
delivering,deliver,递送；发表；交付,"He is delivering a speech.","他正在发表演讲。"
perpetuate,perpetuate,使…永存；使…继续,"The museum was built to perpetuate the memory of the soldiers.","建造这座博物馆是为了让士兵的记忆永存。"
hereditary,hereditary,世袭的；遗传的,"The disease is hereditary.","这种疾病是遗传的。"
astoundingly,astoundingly,令人震惊地；惊人地,"The results were astoundingly good.","结果好得令人震惊。"
briefly,briefly,简短地；短暂地,"He spoke briefly about his plans.","他简短地谈了他的计划。"
grimly,grimly,严峻地；冷酷地,"He grimly stared at the situation.","他严峻地审视着情况。"
hefty,hefty,重的；大的；可观的,"He received a hefty fine.","他收到了巨额罚款。"
illustration,illustration,插图；说明,"The book contains many illustrations.","这本书包含许多插图。"
captivated,captivate,迷住；吸引,"She was captivated by his charm.","她被他的魅力迷住了。"
cutaway,cutaway,"剖视图；（汽车车身）切开的，无顶的","The book has a cutaway illustration of the engine.","这本书有一个发动机的剖视图。"
withdrew,withdraw,撤回；取回,"He withdrew money from his bank account.","他从银行账户取了钱。"
wedge,wedge,楔子；楔入,"He wedged the door open.","他用楔子把门卡住。"
evidently,evidently,明显地；显然,"Evidently, she was not happy with the decision.","显然，她对这个决定不满意。"
transfixed,transfix,使…呆住；使…不动,"He was transfixed by the sight of the ghost.","他被鬼魂的景象吓呆了。"
suspect,suspect,怀疑；猜想,嫌疑犯,"The police suspect him of the crime.","警察怀疑他犯了罪。"
initial,initial,最初的；开始的,"The initial plan was to go to the beach.","最初的计划是去海滩。"
unsuspecting,unsuspecting,不怀疑的；无戒心的,"He approached the unsuspecting victim.","他走近毫无戒心的受害者。"
eastbound,eastbound,向东的,"The eastbound train is on track 3.","向东的火车在3号轨道上。"
motorists,motorist,汽车驾驶员,"Motorists should drive carefully in the rain.","司机们在雨天应该小心驾驶。"
plains,plain,平原,"The buffalo roamed the vast plains.","水牛在广阔的平原上漫游。"
plunging,plunge,投入；跳进；暴跌,"He was plunging into the water.","他正跳进水里。"
scholarly,scholarly,学术的；好学的,"She is a scholarly person.","她是一个好学的人。"
centre,centre,中心；中央,"The city centre is very busy.","市中心非常繁忙。"
sphere,sphere,球体；范围；领域,"The earth is a sphere.","地球是一个球体。"
nickel,nickel,镍；五分镍币,"The coin is made of nickel.","这枚硬币是镍做的。"
caption,caption,标题；说明文字,"The photograph had a caption underneath.","照片下面有一段说明文字。"
instant,instant,瞬间；立即,"He reacted in an instant.","他立即作出了反应。"
surgeons,surgeon,外科医生,"The surgeons performed a complex operation.","外科医生们进行了一次复杂的手术。"
plumbers,plumber,水管工,"The plumber fixed the leak in the sink.","水管工修好了水槽里的泄漏。"
arcane,arcane,神秘的；晦涩的,"He has an arcane knowledge of ancient languages.","他对古代语言有着神秘的知识。"
privileged,privileged,享有特权的；荣幸的,"He comes from a privileged background.","他来自一个享有特权的背景。"
conceive,conceive,构想；怀孕,"He conceived of a plan to escape.","他构想了一个逃跑的计划。"
penetrate,penetrate,穿透；渗透,"The nail penetrated the wood.","钉子穿透了木头。"
prompted,prompt,促使；提醒,"His question prompted a new discussion.","他的问题引发了一场新的讨论。"
forehead,forehead,前额,"He wiped the sweat from his forehead.","他擦了擦额头上的汗。"
altogether,altogether,完全地；总共,"The project was an altogether different matter.","这个项目是完全不同的事情。"
stirred,stir,搅拌；激起,"He stirred his coffee with a spoon.","他用勺子搅拌咖啡。"
enquiring,enquire,询问的；好奇的,"He gave an enquiring look.","他投来好奇的一瞥。"
interior,interior,内部；内地,"The interior of the house was very dark.","房子的内部很暗。"
melting,melt,融化；熔化,"The ice cream is melting.","冰淇淋正在融化。"
slump,slump,暴跌；萧条；萎靡,"The stock market is in a slump.","股票市场处于萧条状态。"
sinkhole,sinkhole,天坑；污水池,"A large sinkhole appeared in the middle of the road.","一个大天坑出现在马路中间。"
anticlines,anticline,背斜层,"The anticlines were visible in the rock formation.","在岩石层中可以看到背斜层。"
synclines,syncline,向斜层,"The synclines are folds in the rock.","向斜层是岩石中的褶皱。"
axial,axial,轴向的,"The axial force on the column was immense.","作用在柱子上的轴向力是巨大的。"
faults,fault,断层；缺点,"The earthquake was caused by a fault in the earth's crust.","地震是由地壳中的一个断层引起的。"
unfathomable,unfathomable,深不可测的；难以理解的,"The depths of the ocean are unfathomable.","海洋的深度是深不可测的。"
conspiracy,conspiracy,阴谋；共谋,"They were charged with conspiracy to commit murder.","他们被控密谋谋杀。"
dealt,deal,处理；交易,"He dealt with the problem calmly.","他冷静地处理了这个问题。"
strayed,stray,迷路；偏离,"The dog strayed from its owner.","狗从它的主人身边走失了。"
realm,realm,领域；王国,"The king ruled over the whole realm.","国王统治着整个王国。"
mildly,mildly,温和地；轻微地,"He was mildly surprised by the news.","他对这个消息感到轻微的惊讶。"
lucid,lucid,清晰的；明了的,"He gave a lucid explanation of the theory.","他对这个理论做出了清晰的解释。"
thrilling,thrill,令人兴奋的；毛骨悚然的,"It was a thrilling experience.","这是一次令人兴奋的经历。"
prose,prose,散文； prose,"He writes in clear and concise prose.","他写出的散文清晰简洁。"
jump out from a single station of the alphabet,jump out from a single station of the alphabet,字面上是“从字母表的一个站点跳出来”，比喻“突出、引人注目”,"His idea seemed to jump out from a single station of the alphabet.","他的想法似乎脱颖而出，令人耳目一新。"
notion,notion,观念；想法,"He has a strange notion about time travel.","他对时间旅行有一个奇怪的想法。"
formula,formula,公式；配方,"The formula for water is H2O.","水的化学式是H2O。"
amusingly,amusingly,有趣地；好笑地,"He told the story amusingly.","他有趣地讲述了这个故事。"
deluded,delude,欺骗的；被误导的,"He was deluded into thinking he was a great artist.","他被误导，以为自己是一位伟大的艺术家。"
chapters,chapter,章节,"The book has ten chapters.","这本书有十章。"
mull,mull,仔细考虑；加热，加香料,"He mulled over the decision for a long time.","他仔细考虑了这个决定很长时间。"
convinced,convince,相信的；确信的,"I am convinced that he is innocent.","我确信他是无辜的。"
dull,dull,乏味的；迟钝的,"The movie was very dull.","这部电影很无聊。"
needn’t,need not,不需要,"You needn't worry about it.","你不需要担心这件事。"
staring,stare,凝视；盯着看,"He was staring out of the window.","他正凝视着窗外。"
idly,idly,闲散地；漫无目的地,"He spent the afternoon idly wandering around the park.","他闲散地在公园里漫步了一下午。"
moonlit,moonlit,月光照耀的,"The moonlit path was beautiful.","月光照耀的小路很美。"
forcefulness,forceful,强有力；说服力,"The forcefulness of his argument was impressive.","他的论点的说服力令人印象深刻。"
planet,planet,行星,"Earth is a planet.","地球是一颗行星。"
faintest,faint,最微弱的；最模糊的,"He didn't have the faintest idea what to do.","他一点也不知道该怎么做。"
salinity,salinity,盐度,"The salinity of the ocean is high.","海洋的盐度很高。"
audibly,audibly,可听见地；听得见地,"He sighed audibly.","他发出了清晰可闻的叹息声。"
merest,mere,最微小的；最少的,"The merest touch of a hand was enough to scare him.","哪怕只是最轻微的触碰都足以吓到他。"
sliver,sliver,碎片；细片,"A sliver of glass was stuck in my finger.","一块玻璃碎片卡在我的手指里。"
proton,proton,质子,"A proton is a subatomic particle.","质子是一种亚原子粒子。"
protein,protein,蛋白质,"Meat is a good source of protein.","肉是很好的蛋白质来源。"
quasar,quasar,类星体,"A quasar is a very distant and energetic object.","类星体是一个非常遥远且高能的物体。"
gripped,grip,抓住；吸引住,"He was gripped by a sudden fear.","他被突如其来的恐惧抓住。"
unwonted,unwonted,不寻常的；不习惯的,"He felt an unwonted sense of happiness.","他感到一种不寻常的幸福感。"
insistent,insistent,坚持的；强求的,"He was insistent that she come with him.","他坚持要她和他一起去。"
urge,urge,冲动；强烈愿望,"He felt an urge to travel.","他感到一种去旅行的冲动。"
figured,figure,认为；计算；弄懂,"I figured out the answer.","我弄懂了答案。"
reflection,reflection,反射；反映；沉思,"The reflection of the moon was in the water.","月亮的倒影在水里。"
races,race,种族；赛跑,"The human race is diverse.","人类种族是多样的。"
portion,portion,部分；一份,"He ate a large portion of cake.","他吃了一大块蛋糕。"
saintly,saintly,圣洁的；神圣的,"She has a saintly patience.","她有圣人般的耐心。"
outstandingly,outstanding,杰出地；显著地,"He performed outstandingly in the exam.","他在考试中表现出色。"
demanding,demand,要求高的；苛求的,"It's a very demanding job.","这是一份要求很高的工作。"
superficial,superficial,肤浅的；表面的,"His knowledge of the subject is superficial.","他对这个主题的知识是肤浅的。"
Milky,Milky,牛奶般的；银河的,"The Milky Way is our galaxy.","银河系是我们的星系。"
cosy,cosy,舒适的；惬意的,"The room was small but cosy.","这个房间很小但很舒适。"
illustration,illustration,插图；说明,"The book has a beautiful illustration on the cover.","这本书的封面上有一张漂亮的插图。"
grasp,grasp,抓住；理解,"He has a good grasp of the situation.","他对情况有很好的掌握。"
tiny,tiny,极小的；微小的,"There was a tiny insect on the leaf.","叶子上有一只微小的昆虫。"
spatially,spatial,空间上,"The objects are arranged spatially.","这些物体在空间上排列。"
unassuming,unassuming,谦逊的；不装腔作势的,"He is an unassuming man.","他是一个谦逊的人。"
infinitesimal,infinitesimal,极微小的；无穷小的,"The difference was infinitesimal.","差异是极微小的。"
insubstantial,insubstantial,不坚固的；无实质的,"The old building was insubstantial.","那栋旧楼不坚固。"
dib,dib,（俚语）钱,"He has plenty of dibs.","他有很多钱。"
exceedingly,exceeding,非常地；极其,"The weather was exceedingly cold.","天气极其寒冷。"
shrinking,shrink,收缩；萎缩,"The company's profits are shrinking.","公司的利润正在萎缩。"
enormous,enormous,巨大的；庞大的,"The building is enormous.","这栋楼是巨大的。"
ounce,ounce,盎司；少量,"He didn't have an ounce of sense.","他一点理智都没有。"
inflationary,inflationary,通货膨胀的,"The country is facing inflationary pressures.","这个国家正面临通货膨胀的压力。"
instead,instead,代替；反而,"I'll have tea instead of coffee.","我要喝茶而不是咖啡。"
gather,gather,收集；聚集,"We gathered some information.","我们收集了一些信息。"
mote,mote,微粒；尘埃,"A tiny mote of dust was floating in the air.","一粒微小的尘埃在空气中漂浮。"
particle,particle,粒子；微粒,"The particle is too small to see.","这个粒子太小了，看不到。"
creation,creation,创造；创作,"The creation of the universe is a mystery.","宇宙的创造是一个谜。"
compact,compact,紧凑的；密实的,合同,"The car is very compact.","这辆车非常紧凑。"
singularity,singularity,奇点；独特性,"The theory of a Big Bang singularity.","大爆炸奇点理论。"
spectacle,spectacle,景象；奇观,"The sunset was a beautiful spectacle.","日落是一个美丽的景象。"
spreading,spread,传播；蔓延,"The fire is spreading rapidly.","火势正在迅速蔓延。"
emptiness,empty,空虚；空无,"He felt a sense of emptiness after she left.","她离开后他感到一种空虚感。"
visualize,visualize,想象；设想,"He tried to visualize the future.","他试图设想未来。"
pregnant,pregnant,怀孕的；充满…的,"She is six months pregnant.","她怀孕六个月了。"
boundless,boundless,无限的；无尽的,"The boundless ocean stretched out before us.","无边无际的海洋在我们面前展开。"
occupy,occupy,占据；占用,"The new company will occupy the whole building.","新公司将占据整栋楼。"
popped,pop,弹出；发出爆裂声,"The balloon popped.","气球爆了。"
quietly,quiet,安静地；悄悄地,"He quietly left the room.","他悄悄地离开了房间。"


Appliances

Refrigerator
Oven
Blender
Kettle
Utensils
Mug
Ladle
Pot
Spatula
Pasta
Jar
Foil
Plastic wrap
Sink
Faucet
Countertop
Pantry
Apron
Sponge
Furniture
Armchair
Bookshelf
Ottoman
Decor
Mattress
frame
Cushion
Blanket
Rug
Curtain
Lamp
Vase
Wardrobe

Duvet
Quilt
Pillowcase
Skirt
Essentials
Sink
Faucet
Toothpaste
Shelf
Scale
Vacuum cleaner
Broom
Dustpan
Mop
Bucket
Dusting cloth
Detergent
Bleach
Dryer
Clothesline
Repairs
Screwdriver
Hammer
Screw
Tape measure
Wrench
Furniture
Appliance
Outlet
Sweep
Mop
Bistro
Deli
Buffet
Bakery
Sous Chef
Bartender
Busser
Sommelier
Lobby
Host Stand
Cash Register
Booth
Placemat
Utensil Holder
Condiment Station
Coat Check
Patio / Terrace
Fryer
Freezer
Spatula
Whisk
Tongs
Ladle
Colander
Appetizer / Starter
Main Course / Entree
Vegetarian
Gluten-Free
Allergens
Poultry
Lamb
Shellfish
Herbs
Dairy
Cappuccino
Draft Beer
Dine-in
Mild
Course
Portion
Flavor
Chewy
Crispy
Sour
Savory
Overcooked
Rare
Gratuity
Inventory
Overhead
Profit
Revenue
Inspection
Franchise
concept
Shift
Roast
Saute
Braise
Stew
Simmer
Blanch
Broil
Poach
Marinate
Dice
Grate
Knead
Garnish
Vinegar
Ketchup
Mustard
Rosemary
Thyme
Nutmeg
Paprika
Cumin
Flavorful
Mouthwatering
Fresh
Spacious
Hectic
Tidy
Complaint
Compliment
Survey
Tip Jar
Salt shaker
Signature dish
Greeter
Line cook
Catering
Table turnover
Stockpot
Spatula
Grater
Oven mitts
Apron
extinguisher
Coupon
A la carte
Leftovers
Snore
Undress
Stretch
Yawn
Comb
Hop
Crawl
March
Squat
Shrug
Wink
Frown
Pat
Rub
Scratch
Gulp
Arrange
Stack
Rinse
Wring
Collaborate

Shave
Lotion
Braid
Transportation
Commute
Mow
Rake
Pet
Cocktail
Mocktail
Delivery
Catering
Peel
Stir
Whisk
Greet

adjective
verb
pronoun
noun
Intransitive verb

clause

perfume

wore

allure
bakery
podcast
gloss
lip
shrubs
stunning
compliment
presentable
dressed to kill 
social gathering
upcoming
wedding
mature
comfort
invulnerable
narcissist
fastive
milestone
gathering
engaging
bibliophile
fictions
journal
merry go round 
minor















































chief executive officer 
voucher
farewell party
the busy season was starting soon
invoice
ought to do
had better do
sluggish
come up with
proposals
facility
look up to
put off
courtesy
Survey
be caught in
promptly
clerk
merger
embark on
dealt
clearance
whether
conduct
so...  as to do

merger
mutual
explicit
on account of
garment
adjacent
rental
facility
fasten
advisory


