"遭う",あう,"Intransitive verb, Godan conjugation","","Encounter (often refers to unfortunate events)","旅行中に盗難に遭った。","I encountered theft during my trip."
"飼う",かう,"Transitive verb, Godan conjugation","","Keep (an animal), raise (a pet)","私は犬を一匹飼っている。","I have one dog."
"沿う",そう,"Intransitive verb, Godan conjugation","","Along, follow","川に沿って、桜の木が植えられている。","Cherry trees are planted along the river."
"縫う",ぬう,"Transitive verb, Godan conjugation","","Sew, stitch","ボタンが取れたので、自分で縫い付けた。","The button came off, so I sewed it on myself."
"酔う",よう,"Intransitive verb, Godan conjugation","","Get drunk, get motion sickness (car/boat)","お酒を飲みすぎて、すっかり酔ってしまった。","I drank too much alcohol and got completely drunk."
"奪う",うばう,"Transitive verb, Godan conjugation","","Snatch, deprive","彼は他人から自由を奪う権利はない。","He has no right to deprive others of their freedom."
"覆う",おおう,"Transitive verb, Godan conjugation","","Cover, conceal, shroud","山は厚い雪で覆われている。","The mountain is covered with thick snow."
"狂う",くるう,"Intransitive verb, Godan conjugation","狂う - 狂わす","Go mad, break down (machine), (plan) go awry","時計が狂って、時間がわからない。","The clock is broken, so I don't know the time."
"誘う",さそう,"Transitive verb, Godan conjugation","","Invite, entice","友達を映画に誘った。","I invited my friend to the movie."
"誓う",ちかう,"Transitive verb, Godan conjugation","","Swear, vow","彼は彼女を一生愛することを誓った。","He vowed to love her for his entire life."
"倣う",ならう,"Transitive verb, Godan conjugation","","Imitate, follow suit","前例に倣って、会議を進めた。","We proceeded with the meeting following the precedent."
"扱う",あつかう,"Transitive verb, Godan conjugation","","Treat, handle, deal in","この商品は壊れやすいので、丁寧に扱ってください。","This product is fragile, so please handle it with care."
"従う",したがう,"Intransitive verb, Godan conjugation","","Obey, follow, comply","規則に従って、行動してください。","Please act according to the rules."
"伴う",ともなう,"Transitive verb, Godan conjugation","","Accompany, entail","この仕事には大きな責任が伴います。","This job entails great responsibility."
"聴く",きく,"Transitive verb, Godan conjugation","","Listen (to music, speeches, etc.)","毎朝、クラシック音楽を聴きながら朝食をとる。","Every morning, I eat breakfast while listening to classical music."
"裂く",さく,"Transitive verb, Godan conjugation","裂ける - 裂く","Tear, rip, split","手紙を読んでから、怒ってびりびりに裂いた。","After reading the letter, I got angry and tore it to shreds."
"敷く",しく,"Transitive verb, Godan conjugation","","Spread, lay out","部屋に新しいカーペットを敷いた。","I laid a new carpet in the room."
"炊く",たく,"Transitive verb, Godan conjugation","炊ける - 炊く","Cook (rice)","毎朝、炊きたてのご飯を食べる。","I eat freshly cooked rice every morning."
"吐く",はく,"Transitive verb, Godan conjugation","","Vomit, exhale, utter","気分が悪くて、吐いてしまった。","I felt sick and vomited."
"履く",はく,"Transitive verb, Godan conjugation","","Wear (shoes, pants, socks)","外出する前に、靴を履く。","Put on shoes before going out."
"弾く",ひく,"Transitive verb, Godan conjugation","","Play (a stringed instrument, piano)","彼女はピアノを上手に弾くことができる。","She can play the piano well."
"描く",えがく,"Transitive verb, Godan conjugation","","Draw, paint, depict","美しい風景を描くのが趣味だ。","My hobby is drawing beautiful landscapes."
"渇く",かわく,"Intransitive verb, Godan conjugation","","(Throat) gets dry, become thirsty","喉が渇いたので、水を一杯飲んだ。","My throat was dry, so I drank a glass of water."
"砕く",くだく,"Transitive verb, Godan conjugation","砕ける - 砕く","Break, crush, make (something) easy to understand","氷を細かく砕いてジュースに入れる。","Crush the ice finely and put it in the juice."
"響く",ひびく,"Intransitive verb, Godan conjugation","","Resound, echo, affect, resonate","彼の声はホールによく響いた。","His voice echoed well in the hall."
"輝く",かがやく,"Intransitive verb, Godan conjugation","","Shine, sparkle, glitter","夜空に星が輝いている。","Stars are shining in the night sky."
"脱ぐ",ぬぐ,"Transitive verb, Godan conjugation","","Take off (clothes, shoes)","家に帰ったら、まずコートを脱ぐ。","When I get home, first I take off my coat."
"稼ぐ",かせぐ,"Transitive verb, Godan conjugation","","Earn money, make money","生活のために、一生懸命稼がなければならない。","I have to work hard to earn a living."
"騒ぐ",さわぐ,"Intransitive verb, Godan conjugation","","Make noise, be noisy, fuss","図書館では騒いではいけません。","You shouldn't make noise in the library."
"挿す",さす,"Transitive verb, Godan conjugation","","Insert, put in","花瓶に花を挿した。","I put flowers in the vase."
"致す",いたす,"Humble verb, Godan conjugation","","Do (humble form of 「する」)","私が致しますので、ご心配なく。","I will do it, so please don't worry."
"崩す",くずす,"Transitive verb, Godan conjugation","崩れる - 崩す","Break down, disrupt, change money","積まれた本を崩さないように気をつけて。","Be careful not to knock over the piled books."
"脅かす",おどかす,"Transitive verb, Godan conjugation","脅える - 脅かす","Threaten, scare","物陰に隠れて、通りかかる人を脅かしてはいけない。","You shouldn't hide in the shadows and scare passersby."
"励ます",はげます,"Transitive verb, Godan conjugation","励む - 励ます","Encourage, cheer up","落ち込んでいる友達を励ました。","I encouraged my depressed friend."
"繰り返す",くりかえす,"Transitive verb, Godan conjugation","","Repeat, do over again","同じ間違いを繰り返さないでください。","Please don't repeat the same mistake."
"撃つ",うつ,"Transitive verb, Godan conjugation","","Shoot, fire","ハンターが銃で鳥を撃った。","The hunter shot a bird with a gun."
"討つ",うつ,"Transitive verb, Godan conjugation","","Subdue, defeat, avenge","歴史上、多くの英雄が敵を討った。","Throughout history, many heroes defeated their enemies."
"跳ぶ",とぶ,"Intransitive verb, Godan conjugation","","Jump, leap","彼は高く跳ぶことができる。","He can jump high."
"酌む",くむ,"Transitive verb, Godan conjugation","","Pour (sake), drink (sake with someone)","友と酒を酌み交わすのは楽しい。","It's enjoyable to drink together with friends."
"澄む",すむ,"Intransitive verb, Godan conjugation","","Become clear, clear up","山の空気はとても澄んでいる。","The mountain air is very clear."
"踏む",ふむ,"Transitive verb, Godan conjugation","","Step on, tread on","うっかり彼の足を踏んでしまった。","I accidentally stepped on his foot."
"恨む",うらむ,"Transitive verb, Godan conjugation","","Bear a grudge, resent","人を恨んでも、良いことは何もない。","There's nothing good that comes from resenting people."
"縮む",ちぢむ,"Intransitive verb, Godan conjugation","縮む - 縮める","Shrink, contract","このセーターは洗濯したら縮んでしまった。","This sweater shrank after being washed."
"悔やむ",くやむ,"Transitive verb, Godan conjugation","","Regret, repent","彼は過去の行動を深く悔やんでいる。","He deeply regrets his past actions."
"膨らむ",ふくらむ,"Intransitive verb, Godan conjugation","膨らむ - 膨らます","Swell, expand, (hopes/budget) increase","期待に胸が膨らむ。","My chest swells with anticipation."
"刈る","かる","Transitive verb, Godan conjugation","","Cut (grass, hair), mow, harvest","庭の芝生をきれいに刈った。","I neatly mowed the lawn in the garden."
"釣る","つる,"Transitive verb, Godan conjugation","","Fish, lure","週末は川へ魚を釣りに行く。","I'm going fishing in the river this weekend."
"撮る","とる,"Transitive verb, Godan conjugation","","Take (a photo), film","旅行の記念に写真をたくさん撮った。","I took many photos as a souvenir of the trip."
"振る","ふる,"Transitive verb, Godan conjugation","","Wave, shake, swing, sprinkle","彼女は悲しそうに首を横に振った。","She sadly shook her head."
"掘る","ほる,"Transitive verb, Godan conjugation","","Dig, excavate","庭に穴を掘って木を植えた。","I dug a hole in the garden and planted a tree."
"彫る","ほる,"Transitive verb, Godan conjugation","","Carve, engrave, sculpt","彼は木の板に見事な龍を彫った。","He carved a magnificent dragon into a wooden board."
"盛る","もる,"Transitive verb, Godan conjugation","","Serve (food), pile up","皿にパスタを大盛りに盛る。","Serve a large portion of pasta on the plate."
"至る","いたる,"Intransitive verb, Godan conjugation","","Reach, arrive at, lead to","山頂に至る道は険しい。","The path leading to the summit is steep."
"劣る","おとる,"Intransitive verb, Godan conjugation","","Be inferior to, be worse than","性能では新しいモデルに劣る。","It is inferior to the new model in performance."
"飾る","かざる,"Transitive verb, Godan conjugation","","Decorate, adorn","部屋に美しい花を飾った。","I decorated the room with beautiful flowers."
"腐る","くさる,"Intransitive verb, Godan conjugation","腐らせる","Rot, decay, spoil","冷蔵庫の中の牛乳が腐ってしまった。","The milk in the refrigerator went bad."
"削る","けずる,"Transitive verb, Godan conjugation","","Shave, sharpen, cut down","鉛筆をナイフで削る。","Sharpen the pencil with a knife."
"茂る","しげる,"Intransitive verb, Godan conjugation","","Grow thickly, be overgrown","夏になると、庭の木々が青々と茂る。","In summer, the trees in the garden grow luxuriantly green."
"縛る","しばる,"Transitive verb, Godan conjugation","","Bind, tie, restrain","古い新聞をひもで縛って捨てる。","Tie up old newspapers with string and throw them away."
"絞る","しぼる,"Transitive verb, Godan conjugation","","Wring, squeeze, rack (one's brains)","タオルを固く絞ってください。","Please wring the towel tightly."
"滑る","すべる,"Intransitive verb, Godan conjugation","滑らせる","Slip, slide","雪道で足が滑って転んでしまった。","My foot slipped on the snowy road and I fell."
"迫る","せまる,"Intransitive verb, Godan conjugation","","Approach, draw near, press (someone)","試験が目前に迫ってきた。","The exam is approaching soon."
"黙る","だまる,"Intransitive verb, Godan conjugation","","Be silent, shut up","彼は何か言いたそうだったが、結局黙っていた。","He seemed to want to say something, but in the end, he remained silent."
"殴る","なぐる,"Transitive verb, Godan conjugation","","Hit, punch","理由もなく人を殴ってはいけない。","You shouldn't hit people without reason."
"握る","にぎる,"Transitive verb, Godan conjugation","","Grip, grasp, hold","子供は母親の手をしっかりと握った。","The child firmly grasped his mother's hand."
"濁る","にごる,"Intransitive verb, Godan conjugation","濁す","Become cloudy, get muddy","大雨のせいで川の水が濁っている。","The river water is muddy because of the heavy rain."
"巡る","めぐる,"Intransitive verb, Godan conjugation","","Go around, travel around, concern","このバスは市内を巡って駅に戻る。","This bus goes around the city and returns to the station."
"潜る","もぐる,"Intransitive verb, Godan conjugation","","Dive, get under, go through","海に潜って美しいサンゴを見た。","I dived into the sea and saw beautiful coral."
"譲る","ゆずる,"Transitive verb, Godan conjugation","","Transfer, hand over, yield","お年寄りに席を譲った。","I yielded my seat to an elderly person."
"謝る","あやまる,"Intransitive verb, Godan conjugation","","Apologize, admit one's mistake","自分のミスを素直に謝った。","I honestly apologized for my mistake."
"偏る","かたよる,"Intransitive verb, Godan conjugation","","Be biased, be unbalanced","栄養が偏らないように、何でも食べなさい。","Eat everything so that your nutrition doesn't become unbalanced."
"透き通る","すきとおる,"Intransitive verb, Godan conjugation","","Be transparent, be clear","湖の水は底まで透き通っていた。","The lake water was clear to the bottom."
"煮る","にる,"Transitive verb, Ichidan conjugation","煮える","Boil, simmer","大根が柔らかくなるまで煮る。","Simmer the daikon radish until it becomes soft."
"診る","みる,"Transitive verb, Ichidan conjugation","","Examine (a patient), diagnose","医者に風邪を診てもらった。","I had the doctor examine my cold."
"飽きる","あきる,"Intransitive verb, Ichidan conjugation","","Get tired of, get bored with","毎日同じゲームで遊んでいたら飽きてきた。","I got tired of playing the same game every day."
"飢える","うえる,"Intransitive verb, Ichidan conjugation","","Starve, be hungry","戦争で多くの人々が飢えていた。","Many people were starving because of the war."
"殖える","ふえる,"Intransitive verb, Ichidan conjugation","殖やす","Multiply, increase (in number)","最近、ネズミが殖えて困っている。","Recently, the number of mice has increased, which is a problem."
"訴える","うったえる,"Transitive verb, Ichidan conjugation","","Sue, appeal, complain","彼は会社を相手取って損害賠償を訴えた。","He sued the company for damages."
"蓄える","たくわえる,"Transitive verb, Ichidan conjugation","","Store, accumulate, save","冬に備えて食料を蓄える。","Stock up on food in preparation for winter."
"掛ける","かける,"Transitive verb, Ichidan conjugation","掛かる","Hang, spend (time/money)","壁に絵を掛ける。","Hang a picture on the wall."
"避ける","さける,"Transitive verb, Ichidan conjugation","","Avoid, evade","水たまりを避けて歩いた。","I walked avoiding the puddles."
"漬ける","つける,"Transitive verb, Ichidan conjugation","漬かる","Soak, pickle","野菜を塩水に漬ける。","Soak the vegetables in salt water."
"怠ける","なまける,"Intransitive verb, Ichidan conjugation","","Be lazy, neglect","勉強を怠けると、試験に合格できないよ。","If you neglect your studies, you won won't be able to pass the exam."
"揚げる","あげる,"Transitive verb, Ichidan conjugation","揚がる","Deep-fry; raise (a flag)","鶏肉に衣をつけて揚げる。","Coat the chicken and deep-fry it."
"焦げる","こげる,"Intransitive verb, Ichidan conjugation","焦がす","Burn, char","パンが焦げてしまったので、食べられなかった。","The bread got burnt, so I couldn't eat it."
"妨げる","さまたげる,"Transitive verb, Ichidan conjugation","","Obstruct, hinder","彼の睡眠を妨げないように、静かにしてください。","Please be quiet so as not to disturb his sleep."
"載せる","のせる,"Transitive verb, Ichidan conjugation","載る","Place on, publish","荷物を棚の上に載せてください。","Please put the luggage on the shelf."
"慌てる","あわてる,"Intransitive verb, Ichidan conjugation","","Panic, be in a hurry","地震が起きても、慌てずに落ち着いて行動してください。","Even if an earthquake occurs, don't panic; act calmly."
"隔てる","へだてる,"Transitive verb, Ichidan conjugation","隔たる","Separate, partition","この川が二つの町を隔てている。","This river separates the two towns."
"企てる","くわだてる,"Transitive verb, Ichidan conjugation","","Plan, attempt, conspire","彼らは銀行強盗を企てたが、失敗に終わった。","They attempted a bank robbery, but it ended in failure."
"兼ねる","かねる,"Transitive verb, Ichidan conjugation","","Serve concurrently as, combine","彼は社長と監督を兼ねている。","He serves as both president and director."
"跳ねる","はねる,"Intransitive verb, Ichidan conjugation","","Jump, splash","雨の日に車が泥水を跳ねた。","On a rainy day, the car splashed muddy water."
"尋ねる","たずねる,"Transitive verb, Ichidan conjugation","","Ask, inquire","道を尋ねるために、警察官に声をかけた。","I spoke to a police officer to ask for directions."
"締める","しめる,"Transitive verb, Ichidan conjugation","締まる","Tighten, fasten","シートベルトをしっかりと締めてください。","Please fasten your seatbelt securely."
"攻める","せめる,"Transitive verb, Ichidan conjugation","","Attack, assault","相手の弱点を集中的に攻める。","Concentrate the attack on the opponent's weak points."
"納める","おさめる,"Transitive verb, Ichidan conjugation","納まる","Pay (tax), store, collect","税金を期限までに納めなければならない。","Taxes must be paid by the deadline."
"勧める","すすめる,"Transitive verb, Ichidan conjugation","","Recommend, advise","友人にこの本を読むように勧めた。","I recommended this book to my friend."
"眺める","ながめる,"Transitive verb, Ichidan conjugation","","Gaze at, view","窓から美しい景色を眺めるのが好きだ。","I like to gaze at the beautiful scenery from the window."
"慰める","なぐさめる,"Transitive verb, Ichidan conjugation","","Comfort, console","失恋した友人を一生懸命慰めた。","I tried my best to comfort my heartbroken friend."
"揺れる","ゆれる,"Intransitive verb, Ichidan conjugation","揺らす","Shake, sway","船が波で大きく揺れた。","The boat swayed greatly with the waves."
"負う","おう,"Transitive verb, Godan conjugation","","Bear (a burden), carry, owe","彼はその事故の責任を全て負った。","He took full responsibility for the accident."
"舞う","まう,"Intransitive verb, Godan conjugation","","Dance, flutter, whirl","桜の花びらが風に舞っている。","Cherry blossom petals are fluttering in the wind."
"競う","きそう,"Transitive verb, Godan conjugation","","Compete, contend","二人の選手が一位を競っている。","Two athletes are competing for first place."
"担う","になう,"Transitive verb, Godan conjugation","","Bear (a responsibility), carry (on one's shoulders)","次世代を担う若者を育てる。","To foster young people who will bear the next generation."
"養う","やしなう,"Transitive verb, Godan conjugation","","Nurture, cultivate, support (family)","彼は家族を養うために、一生懸命働いている。","He works hard to support his family."
"損なう","そこなう,"Transitive verb, Godan conjugation","","Harm, damage, impair","不適切な発言が彼の評判を損なった。","Inappropriate remarks damaged his reputation."
"恥じらう","はじらう,"Intransitive verb, Godan conjugation","","Feel shy, be bashful","彼女は褒められて、恥じらって顔を赤らめた。","She blushed with shyness when she was praised."
"見計らう","みはからう,"Transitive verb, Godan conjugation","","Choose the right time, use one's discretion","タイミングを見計らって発言する。","Speak when the timing is right."
"説く","とく,"Transitive verb, Godan conjugation","","Explain, preach, persuade","仏の教えを人々に説く。","He preached the teachings of Buddha to the people."
"築く",きずく,"Transitive verb, Godan conjugation","","Build, construct, establish","彼らは長年の努力で、信頼関係を築いた。","They built a relationship of trust through many years of effort."
"背く",そむく,"Intransitive verb, Godan conjugation","","Disobey, betray","親の期待に背くことはできない。","I cannot betray my parents' expectations."
"導く",みちびく,"Transitive verb, Godan conjugation","","Lead, guide","先生は生徒たちを成功へと導いた。","The teacher led the students to success."
"接ぐ",つぐ,"Transitive verb, Godan conjugation","","Join, graft, set (a bone)","折れた枝を接いで、テープで固定した。","I joined the broken branch and fixed it with tape."
"研ぐ",とぐ,"Transitive verb, Godan conjugation","","Sharpen, polish; wash (rice)","包丁を研いだら、よく切れるようになった。","After sharpening the knife, it became very sharp."
"担ぐ",かつぐ,"Transitive verb, Godan conjugation","","Carry on one's shoulders, shoulder; be superstitious","大きな荷物を肩に担ぐ。","To carry heavy luggage on one's shoulder."
"召す",めす,"Honorific verb, Godan conjugation","","Eat, drink, wear (honorific)","先生、どうぞお茶を召してください。","Teacher, please have some tea."
"記す",しるす,"Transitive verb, Godan conjugation","","Write down, note down","大切なことを手帳に記しておく。","I'll write down important things in my notebook."
"逃す",のがす,"Transitive verb, Godan conjugation","逃れる","Miss (an opportunity), let escape","絶好のチャンスを逃してしまった。","I missed a golden opportunity."
"耕す",たがやす,"Transitive verb, Godan conjugation","","Cultivate, farm, till","農家は春になると畑を耕す。","Farmers till the fields in spring."
"著す",あらわす,"Transitive verb, Godan conjugation","","Write, author, publish","彼は自身の経験についての本を著した。","He authored a book about his own experiences."
"志す",こころざす,"Transitive verb, Godan conjugation","","Aspire to, aim for","彼は医者を志して、医学部に進学した。","He aspired to be a doctor and advanced to medical school."

"明かす","あかす","Transitive verb, Godan conjugation","明ける","Reveal, disclose; spend (the night)","彼はついに秘密を明かした。","He finally revealed the secret."
"生かす","いかす,"Transitive verb, Godan conjugation","生きる","Make use of, utilize, bring to life","自分の経験を仕事に生かす。","I'll make use of my experience in my work."
"抜かす","ぬかす,"Transitive verb, Godan conjugation","抜ける","Omit, skip","大事な部分を抜かして読んではいけない。","You shouldn't skip important parts when reading."
"生やす","はやす,"Transitive verb, Godan conjugation","生える","Grow (beard, grass, etc.)","彼は口ひげを生やしている。","He's growing a mustache."
"費やす","ついやす,"Transitive verb, Godan conjugation","","Spend (time, money), consume","研究に多くの時間を費やした。","I spent a lot of time on research."
"交わす","かわす,"Transitive verb, Godan conjugation","","Exchange, reciprocate","新年の挨拶を交わした。","We exchanged New Year's greetings."
"冷やかす","ひやかす,"Transitive verb, Godan conjugation","","Tease, make fun of; window-shop","カップルを冷やかしてはいけません。","You shouldn't tease couples."
"断つ","たつ,"Transitive verb, Godan conjugation","","Cut off, sever, abstain from","彼はきっぱりと酒を断った。","He resolutely stopped drinking alcohol."
"保つ","たもつ,"Transitive verb, Godan conjugation","","Maintain, keep, preserve","若さを保つために運動をしている。","I exercise to maintain my youth."
"尊ぶ","とうとぶ,"Transitive verb, Godan conjugation","","Respect, revere, honor","我々は伝統的な文化を尊ぶべきだ。","We should respect traditional culture."
"産む","うむ,"Transitive verb, Godan conjugation","生まれる","Give birth to, lay (eggs)","庭の猫が子猫を五匹産んだ。","The cat in the garden gave birth to five kittens."
"富む","とむ,"Intransitive verb, Godan conjugation","","Be rich in, abound in","彼は経験に富んだ人物だ。","He is a person rich in experience."
"病む","やむ,"Intransitive verb, Godan conjugation","","Be ill, suffer from (a disease)","彼は長い間、心を病んでいた。","He had been mentally ill for a long time."
"歩む","あゆむ,"Intransitive verb, Godan conjugation","","Walk, proceed (abstract)","彼女は彼と新しい人生を歩み始めた。","She began a new life with him."
"絡む","からむ,"Intransitive verb, Godan conjugation","絡める","Entangle, be involved","この事件には複雑な人間関係が絡んでいる。","Complex human relationships are intertwined with this incident."
"涼む","すずむ,"Intransitive verb, Godan conjugation","","Cool oneself, enjoy the cool air","夕方、縁側で涼んだ。","In the evening, I cooled myself on the veranda."
"恵む","めぐむ,"Transitive verb, Godan conjugation","","Bestow, grant, give alms","貧しい人々に食料を恵んだ。","I gave food to poor people."
"営む","いとなむ,"Transitive verb, Godan conjugation","","Run (a business), manage","彼は小さなレストランを営んでいる。","He runs a small restaurant."
"危ぶむ","あやぶむ,"Transitive verb, Godan conjugation","","Fear, be apprehensive about, doubt","計画の成功が危ぶまれている。","The success of the plan is doubted."
"反る","そる,"Intransitive verb, Godan conjugation","反らす","Warp, bend back","湿気で本の表紙が反ってしまった。","The book cover warped due to humidity."
"練る","ねる,"Transitive verb, Godan conjugation","","Knead, refine, elaborate (a plan)","旅行の計画をじっくり練る。","Elaborately plan the trip."
"煙る","けむる,"Intransitive verb, Godan conjugation","","Smoke, be hazy with smoke","遠くの山が霧で煙って見える。","The distant mountains appear hazy with fog."
"募る","つのる,"Intransitive verb, Godan conjugation","","Grow stronger, intensify","会えない時間が長くなるほど、思いは募る。","The longer we can't meet, the stronger my feelings become."
"図る","はかる,"Transitive verb, Godan conjugation","","Plan, devise, attempt","問題の早期解決を図る。","To seek an early resolution to the problem."
"勝る","まさる,"Intransitive verb, Godan conjugation","","Surpass, excel","経験は知識に勝ることもある。","Experience can sometimes surpass knowledge."
"操る","あやつる,"Transitive verb, Godan conjugation","","Manipulate, operate, handle skillfully","彼は五つの言語を自由に操る。","He can freely manipulate five languages."
"誤る","あやまる,"Transitive verb, Godan conjugation","","Make a mistake, err","運転を誤って事故を起こした。","He caused an accident by mishandling the driving."
"受かる","うかる,"Intransitive verb, Godan conjugation","受ける","Pass (an exam), be accepted","彼は希望していた大学に受かった。","He passed the entrance exam for the university he wanted."
"群がる","むらがる,"Intransitive verb, Godan conjugation","","Swarm, gather, flock","砂糖にアリが群がっている。","Ants are swarming on the sugar."
"連なる","つらなる,"Intransitive verb, Godan conjugation","連ねる","Be connected, extend, line up","遠くに連なる山々が見える。","I can see mountains stretching in the distance."
"交わる","まじわる,"Intransitive verb, Godan conjugation","交える","Cross, intersect, associate with","二つの直線は一点で交わる。","Two straight lines intersect at one point."
"老いる","おいる,"Intransitive verb, Ichidan conjugation","","Grow old, age","人は誰でも老いるものだ。","Everyone grows old."
"強いる","しいる,"Transitive verb, Ichidan conjugation","","Force, compel, impose","自分の意見を他人に強いてはいけない。","You shouldn't impose your opinions on others."
"率いる","ひきいる,"Transitive verb, Ichidan conjugation","","Lead, command, guide","将軍は一万の兵を率いて出発した。","The general departed leading an army of ten thousand soldiers."
"恥じる","はじる,"Transitive verb, Ichidan conjugation","","Feel ashamed, be embarrassed","彼は自分の行動を深く恥じた。","He deeply regretted his actions."
"重んじる","おもんじる,"Transitive verb, Ichidan conjugation","","Value, respect, attach importance to","この会社は結果よりもプロセスを重んじる。","This company values the process more than the results."
"帯びる","おびる,"Transitive verb, Ichidan conjugation","","Be tinged with, wear, carry","彼の目には憂いの色が帯びていた。","His eyes were tinged with sadness."
"省みる","かえりみる,"Transitive verb, Ichidan conjugation","","Reflect on, look back upon","過去の失敗を省みて、未来に生かす。","Reflect on past failures and make use of them for the future."
"試みる","こころみる,"Transitive verb, Ichidan conjugation","","Try, attempt","新しい方法を試みる価値はある。","It's worth trying a new method."
"経る","へる,"Intransitive verb, Ichidan conjugation","","Pass (time, place), go through","十年を経て、町は大きく変わった。","After ten years, the town changed significantly."
"絶える","たえる,"Intransitive verb, Ichidan conjugation","絶やす","Cease, die out, be interrupted","山頂からの通信が絶えてしまった。","Communication from the summit was cut off."
"映える","はえる,"Intransitive verb, Ichidan conjugation","","Shine, look good (against), be enhanced","青い空に紅葉がよく映える。","The autumn leaves look beautiful against the blue sky."
"構える","かまえる,"Transitive verb, Ichidan conjugation","","Set up, establish, assume (a posture)","彼は川のそばに家を構えた。","He built a house by the river."
"仕える","つかえる,"Intransitive verb, Ichidan conjugation","","Serve, work for","昔、彼は王に仕えていた。","In the past, he served the king."
"生ける","いける,"Transitive verb, Ichidan conjugation","","Arrange (flowers); keep alive","花瓶にバラを生けた。","I arranged roses in the vase."
"化ける","ばける,"Intransitive verb, Ichidan conjugation","","Transform, disguise oneself","キツネは美しい女性に化けると言われている。","It is said that foxes transform into beautiful women."
"更ける","ふける,"Intransitive verb, Ichidan conjugation","","Get late (night)","夜が更けるまで語り合った。","We talked until late at night."
"老ける","ふける,"Intransitive verb, Ichidan conjugation","","Age, look older","苦労が続いて、彼は急に老けたように見えた。","Due to continuous hardships, he suddenly looked older."
"授ける","さずける,"Transitive verb, Ichidan conjugation","授かる","Grant, confer, teach","王は彼に勲章を授けた。","The king conferred a medal on him."
"設ける","もうける,"Transitive verb, Ichidan conjugation","","Set up, establish, provide","駅前に新しいバス停が設けられた。","A new bus stop was set up in front of the station."
"挙げる","あげる,"Transitive verb, Ichidan conjugation","挙がる","Raise, cite, hold (a ceremony)","例を一つ挙げてください。","Please give one example."
"告げる","つげる,"Transitive verb, Ichidan conjugation","","Inform, announce, tell","審判は試合の終了を告げた。","The referee announced the end of the match."
"和らげる","やわらげる,"Transitive verb, Ichidan conjugation","和らぐ","Soften, alleviate, soothe","この薬は痛みを和らげる効果がある。","This medicine has the effect of alleviating pain."
"果てる","はてる,"Intransitive verb, Ichidan conjugation","","End, die","長い旅の果てに、彼は故郷にたどり着いた。","At the end of a long journey, he finally reached his hometown."
"定める","さだめる,"Transitive verb, Ichidan conjugation","定まる","Decide, establish, determine","会議で今後の方針を定める。","Decide the future policy at the meeting."
"乱れる","みだれる,"Intransitive verb, Ichidan conjugation","乱す","Be disordered, be disheveled, be disturbed","風で髪が乱れてしまった。","My hair got disheveled by the wind."
"敗れる","やぶれる,"Intransitive verb, Ichidan conjugation","破る","Be defeated, lose","我々のチームは決勝戦で敗れた。","Our team was defeated in the final match."
"訪れる","おとずれる,"Transitive verb, Ichidan conjugation","","Visit, arrive","毎年多くの観光客がこの町を訪れる。","Many tourists visit this town every year."
"値する","あたいする,"Intransitive verb, Sa-gyō irregular conjugation","","Be worthy of, deserve","彼の行動は尊敬に値する。","His actions are worthy of respect."
"添う","そう,"Intransitive verb, Godan conjugation","添える","Accompany, meet (expectations)","いつも妻の期待に添える夫でありたい。","I always want to be a husband who can meet my wife's expectations."
"襲う","おそう,"Transitive verb, Godan conjugation","","Attack,襲う","クマに襲われないように注意してください。","Please be careful not to be attacked by bears."
"慕う","したう,"Transitive verb, Godan conjugation","","Yearn for, adore, look up to","彼女は多くの学生から慕われている先生だ。","She is a teacher admired by many students."
"潤う","うるおう,"Intransitive verb, Godan conjugation","潤す","Be moistened, be enriched","クリームを塗って肌が潤った。","My skin became moisturized after applying cream."
"漂う","ただよう,"Intransitive verb, Godan conjugation","","Drift, float, waft","部屋にコーヒーの香りが漂っている。","The scent of coffee is wafting in the room."
"繕う","つくろう,"Transitive verb, Godan conjugation","","Mend, repair, patch up","破れたズボンを繕う。","Mend the torn trousers."
"賄う","まかなう,"Transitive verb, Godan conjugation","","Provide, cover (expenses)","この奨学金で学費のすべてを賄うことができる。","This scholarship can cover all tuition fees."
"裁く","さばく,"Transitive verb, Godan conjugation","","Judge, pass judgment on","裁判官は公平に被告人を裁かなければならない。","Judges must fairly judge the accused."
"喚く","わめく,"Intransitive verb, Godan conjugation","","Shout, yell, scream","子供がおもちゃが欲しいと大声で喚いている。","The child is screaming loudly that they want a toy."
"懐く","なつく,"Intransitive verb, Godan conjugation","","Become attached to, tame","この犬はなかなか人に懐かない。","This dog doesn't easily get attached to people."
"欺く","あざむく,"Transitive verb, Godan conjugation","","Deceive, trick, cheat","言葉巧みに人を欺く。","Deceive people with clever words."
"貫く","つらぬく,"Transitive verb, Godan conjugation","","Penetrate, go through, carry out (one's beliefs)","困難な状況でも、彼は自分の信念を貫いた。","Even in difficult situations, he held on to his beliefs."
"赴く","おもむく,"Intransitive verb, Godan conjugation","","Proceed to, go to, head for","彼は新しい任地に赴いた。","He proceeded to his new post."
"継ぐ",つぐ,"Transitive verb, Godan conjugation","","Succeed (in a family business), inherit","彼は父の会社を継ぐことになっている。","He is to inherit his father's company."
"仰ぐ",あおぐ,"Transitive verb, Godan conjugation","","Look up to, revere, ask for (advice)","夜空を仰ぐと、満天の星が輝いていた。","When I looked up at the night sky, it was full of shining stars."
"揺らぐ",ゆらぐ,"Intransitive verb, Godan conjugation","","Sway, waver, tremble","強風で橋が少し揺らいだ。","The bridge swayed a little in the strong wind."
"侵す","おかす,"Transitive verb, Godan conjugation","","Infringe, violate, invade","他人の権利を侵してはならない。","You must not infringe on others' rights."
"脅す","おどす,"Transitive verb, Godan conjugation","","Threaten, intimidate","彼はナイフで人を脅して金を奪った。","He threatened someone with a knife and robbed them of money."
"浸す","ひたす,"Transitive verb, Godan conjugation","浸る","Dip, soak, immerse","汚れた服を水に浸しておく。","Soak the dirty clothes in water."
"促す","うながす,"Transitive verb, Godan conjugation","","Urge, prompt, encourage","早く返事をするよう彼に促した。","I urged him to reply quickly."
"施す","ほどこす,"Transitive verb, Godan conjugation","","Give (alms), perform (a treatment), apply (a coat of paint)","患者に応急手当を施した。","First aid was given to the patient."
"催す","もよおす,"Transitive verb, Godan conjugation","","Hold (an event); feel (a bowel movement, sleepiness)","市は週末に音楽祭を催す予定だ。","The city plans to hold a music festival on the weekend."
"覆す","くつがえす,"Transitive verb, Godan conjugation","覆る","Overturn, overthrow, upset","裁判官は一審の判決を覆した。","The judge overturned the first ruling."
"尽くす","つくす,"Transitive verb, Godan conjugation","尽きる","Exhaust, devote oneself to, do one's best","彼はチームの勝利のために全力を尽くした。","He did his best for the team's victory."
"脅かす","おびやかす,"Transitive verb, Godan conjugation","","Threaten (status, safety, etc.), endanger","環境汚染は私たちの健康を脅かしている。","Environmental pollution is threatening our health."
"摘む","つむ,"Transitive verb, Godan conjugation","","Pick, pluck (flowers, tea leaves, etc.)","庭でミントの葉を摘んでお茶を入れた。","I picked mint leaves from the garden and made tea."
"挑む","いどむ,"Transitive verb, Godan conjugation","","Challenge, contend with","彼は世界記録に挑むことを決意した。","He decided to challenge the world record."
"臨む","のぞむ,"Intransitive verb, Godan conjugation","","Face, confront; attend","試験に臨む前に、深呼吸をした。","Before facing the exam, I took a deep breath."
"励む","はげむ,"Intransitive verb, Godan conjugation","","Strive, endeavor, work hard","彼女は目標達成のために日夜勉強に励んでいる。","She works hard day and night to achieve her goals."
"弾む","はずむ,"Intransitive verb, Godan conjugation","弾ませる","Bounce, spring; become lively, be excited","ボールがよく弾む。","The ball bounces well."
"阻む","はばむ,"Transitive verb, Godan conjugation","","Obstruct, hinder, block","大雪が救助隊の行く手を阻んだ。","Heavy snow blocked the rescue team's path."
"謹む","つつしむ,"Transitive verb, Godan conjugation","","Be discreet, be prudent, behave reverently","公の場では言葉を謹むべきだ。","One should be careful with their words in public."
"惜しむ","おしむ,"Transitive verb, Godan conjugation","","Regret, begrudge, cherish","彼は努力を惜しまず、研究を続けた。","He did not spare effort and continued his research."
"織る","おる,"Transitive verb, Godan conjugation","","Weave","彼女は美しい模様の布を織っている。","She is weaving cloth with beautiful patterns."
"凝る","こる,"Intransitive verb, Godan conjugation","","Be absorbed in, be particular about; stiff (shoulders)","彼は写真に凝っていて、高価なカメラをたくさん持っている。","He is obsessed with photography and owns many expensive cameras."
"擦る","する,"Transitive verb, Godan conjugation","","Rub, strike (a match)","マッチを擦って火をつけた。","I struck a match and lit the fire."
"漏る","もる,"Intransitive verb, Godan conjugation","漏らす","Leak","屋根から雨水が漏っている。","Rainwater is leaking from the roof."
"焦る","あせる,"Intransitive verb, Godan conjugation","","Be impatient, be in a hurry, fret","出発の時間が迫り、彼は焦り始めた。","As departure time approached, he began to fret."
"悟る","さとる,"Transitive verb, Godan conjugation","","Realize, comprehend, perceive","彼は自分の過ちを悟り、謝罪した。","He realized his mistake and apologized."
"障る","さわる,"Intransitive verb, Godan conjugation","","Harm, hinder, be detrimental to","夜更かしは健康に障る。","Staying up late is harmful to your health."
"粘る","ねばる,"Intransitive verb, Godan conjugation","","Be sticky; persevere, persist","最後まで粘って、逆転勝利した。","We persevered to the end and achieved a comeback victory."
"罵る","ののしる,"Transitive verb, Godan conjugation","","Curse, abuse, revile","彼は激しい言葉で相手を罵った。","He cursed at his opponent with harsh words."
"誇る","ほこる,"Transitive verb, Godan conjugation","","Boast, be proud of","この町は美しい景色を誇っている。","This town boasts beautiful scenery."
"偽る","いつわる,"Transitive verb, Godan conjugation","","Lie, falsify, deceive","彼は年齢を偽って会社に入った。","He entered the company by falsifying his age."
"怠る","おこたる,"Transitive verb, Godan conjugation","","Neglect, be negligent","日々の練習を怠ると、すぐに腕が落ちる。","If you neglect daily practice, your skills will quickly decline."
"陥る","おちいる,"Intransitive verb, Godan conjugation","","Fall into, sink into","彼は深刻なジレンマに陥った。","He fell into a serious dilemma."
"遮る","さえぎる,"Transitive verb, Godan conjugation","","Block, interrupt, obstruct","カーテンで光を遮る。","Block the light with curtains."
"葬る","ほうむる,"Transitive verb, Godan conjugation","","Bury, inter","彼は亡くなったペットを庭に葬った。","He buried his deceased pet in the garden."
"奉る","たてまつる,"Transitive verb, Godan conjugation","","Offer, dedicate, present (to a deity/superior)","神に供え物を奉る。","Offer sacrifices to the gods."
"滞る","とどこおる,"Intransitive verb, Godan conjugation","","Be delayed, be overdue, stagnate","仕事が滞っていて、なかなか終わらない。","Work is stagnant and doesn't seem to finish."
"携わる","たずさわる,"Intransitive verb, Godan conjugation","","Be involved in, engage in","私は長年、教育に携わってきた。","I have been involved in education for many years."
"取り締まる","とりしまる,"Transitive verb, Godan conjugation","","Regulate, control, crack down on","警察は交通違反を厳しく取り締まっている。","The police are strictly cracking down on traffic violations."
"駆ける","かける,"Intransitive verb, Ichidan conjugation","","Run fast, gallop","子供たちが野原を元気に駆けている。","Children are energetically running in the field."
"遂げる","とげる,"Transitive verb, Ichidan conjugation","","Achieve, accomplish, complete","彼はついに初優勝を遂げた。","He finally achieved his first championship victory."
"掲げる","かかげる,"Transitive verb, Ichidan conjugation","掲がる","Hoist, put up; advocate (a goal, ideal)","チームは「全国制覇」という目標を掲げた。","The team set the goal of ""national domination."" "
"染める","そめる,"Transitive verb, Ichidan conjugation","染まる","Dye, stain, tinge","彼女は髪を明るい茶色に染めた。","She dyed her hair light brown."
"傷める","いためる,"Transitive verb, Ichidan conjugation","傷む","Damage, injure, hurt","無理な運動で膝を傷めてしまった。","I injured my knee due to excessive exercise."
"緩める","ゆるめる,"Transitive verb, Ichidan conjugation","緩む","Loosen, slacken, relax","仕事のペースを少し緩めることにした。","I decided to loosen my work pace a bit."
"垂れる","たれる,"Intransitive verb, Ichidan conjugation","垂らす","Dangle, hang down, drip","軒先から雨水が垂れている。","Rainwater is dripping from the eaves."
"廃れる","すたれる,"Intransitive verb, Ichidan conjugation","","Go out of use, become obsolete, decline","その言葉はもう廃れて、今ではほとんど使われない。","That word is already obsolete and is hardly used now."
"紛れる","まぎれる,"Intransitive verb, Ichidan conjugation","紛らす","Be confused with, mingle with, get lost in","彼は人ごみに紛れて姿を消した。","He disappeared by mingling with the crowd."
"免れる","まぬかれる,"Transitive verb, Ichidan conjugation","","Escape from, avoid, be exempt from","幸いにも、彼はその事故で重傷を免れた。","Fortunately, he escaped serious injury in that accident."
"良い","よい,"Adjective","","Good, fine, excellent","今日は天気が良いので、散歩に行きましょう。","The weather is good today, so let's go for a walk."
"粗い","あらい,"Adjective","","Coarse, rough, crude","このセーターは肌触りが粗い。","This sweater has a rough feel."
"淡い","あわい,"Adjective","","Pale, light, faint","彼女は淡いピンク色のドレスを着ていた。","She was wearing a pale pink dress."
"堅い","かたい,"Adjective","","Hard, firm, stiff; rigid (expression)","このパンは古くて、とても堅い。","This bread is old and very hard."

"臭い","くさい,"Adjective","","Smelly, foul-smelling; suspicious","この部屋はなんだかガス臭い。","This room smells somewhat like gas."
"渋い","しぶい,"Adjective","","Astringent (taste); chic, subdued; sullen","このお茶は少し渋い味がする。","This tea has a slightly astringent taste."
"緩い","ゆるい,"Adjective","","Loose, slack, lenient","ズボンが緩いので、ベルトが必要です。","My pants are loose, so I need a belt."
"尊い","とうとい,"Adjective","","Noble, precious, invaluable","人々の努力によって尊い命が救われた。","Precious lives were saved by the efforts of the people."
"貴い","とうとい,"Adjective","","Noble, precious, valuable","経験から得た教訓は貴い財産だ。","Lessons learned from experience are valuable assets."
"醜い","みにくい,"Adjective","","Ugly, unsightly","嫉妬は醜い感情の一つだ。","Jealousy is one of the ugly emotions."
"快い","こころよい,"Adjective","","Pleasant, comfortable, agreeable","快い返事をいただき、ありがとうございます。","Thank you for your pleasant reply."
"危うい","あやうい,"Adjective","","Dangerous, precarious, risky","彼は危ういところで事故を免れた。","He narrowly escaped an accident."
"惜しい","おしい,"Adjective","","Regrettable, a shame; dear, precious","あと一点で試合に勝てたのに、惜しかった。","It was a shame, we could have won the game with just one more point."
"怪しい","あやしい,"Adjective","","Suspicious, dubious, questionable","家の前に怪しい人が立っている。","A suspicious person is standing in front of the house."
"卑しい","いやしい,"Adjective","","Vulgar, base, greedy","人の物を盗むとは、なんて卑しい行為なんだ。","Stealing other people's belongings, what a base act!"
"厳しい","きびしい,"Adjective","","Strict, severe, harsh","父は私にとても厳しかった。","My father was very strict with me."
"悔しい","くやしい,"Adjective","","Frustrating, regrettable, vexing","試合に負けて、本当に悔しい。","I'm really frustrated that we lost the game."
"詳しい","くわしい,"Adjective","","Detailed, knowledgeable about","この件について、もっと詳しい情報が必要です。","I need more detailed information about this matter."
"寂しい","さびしい,"Adjective","","Lonely, desolate, solitary","友達が引っ越してしまって、とても寂しい。","My friend moved away, and I feel very lonely."
"乏しい","とぼしい,"Adjective","","Poor, scarce, lacking","日本は天然資源が乏しい国だ。","Japan is a country with scarce natural resources."
"激しい","はげしい,"Adjective","","Violent, intense, fierce","外は激しい雨が降っている。","It's raining heavily outside."
"著しい","いちじるしい,"Adjective","","Remarkable, striking, significant","彼の日本語能力は著しく向上した。","His Japanese language ability has remarkably improved."
"騒がしい","さわがしい,"Adjective","","Noisy, boisterous, restless","隣の部屋が騒がしくて、眠れない。","The next room is noisy, and I can't sleep."
"懐かしい","なつかしい,"Adjective","","Nostalgic, fondly remembered","この歌を聴くと、子供のころを思い出して懐かしい。","When I hear this song, it reminds me of my childhood and makes me feel nostalgic."
"悩ましい","なやましい,"Adjective","","Troublesome, perplexing, alluring","どうすればいいか、悩ましい問題だ。","It's a perplexing problem as to what I should do."
"甚だしい","はなはだしい,"Adjective","","Extreme, excessive (often for negative things)","彼の態度は礼儀知らずも甚だしい。","His attitude is extremely rude."
"華々しい","はなばなしい,"Adjective","","Splendid, brilliant, glamorous","彼女はテニスの世界で華々しい活躍をした。","She made a brilliant achievement in the world of tennis."
"煩わしい","わずらわしい,"Adjective","","Troublesome, annoying, complicated","役所の煩わしい手続きをようやく終えた。","I finally finished the troublesome procedures at the government office."
"慌ただしい","あわただしい,"Adjective","","Busy, hurried, chaotic","年末はいつも慌ただしい日が続く。","The end of the year is always a series of hectic days."
"汚らわしい","けがらわしい,"Adjective","","Filthy, disgusting, obscene","そんな汚らわしい話は聞きたくない。","I don't want to hear such disgusting talk."
"紛らわしい","まぎらわしい,"Adjective","","Misleading, confusing, ambiguous","この二つの単語は意味が似ていて紛らわしい。","These two words have similar meanings and are confusing."
"平たい","ひらたい,"Adjective","","Flat, level, simple","この石は平たい形をしている。","This stone has a flat shape."
"酸っぱい","すっぱい,"Adjective","","Sour","このレモンはとても酸っぱい。","This lemon is very sour."
"愚か","おろかな,"Adjective (na)","","Foolish, stupid, silly","同じ間違いを繰り返すなんて、私はなんて愚かなんだ。","To repeat the same mistake, how foolish I am!"
"厳か","おごそかな,"Adjective (na)","","Solemn, grand, austere","教会で厳かな結婚式が行われた。","A solemn wedding ceremony was held at the church."
"巧み","たくみな,"Adjective (na)","","Skillful, clever, artful","彼は巧みな話術で聴衆を魅了した。","He captivated the audience with his skillful storytelling."
"惨め","みじめな,"Adjective (na)","","Miserable, pathetic, wretched","雨に濡れて、彼は惨めな姿だった。","Wet from the rain, he was a miserable sight."
"哀れ","あわれな,"Adjective (na)","","Pitiable, pathetic, poor","捨てられた子犬の姿が哀れだった。","The abandoned puppy looked pitiful."
"盛ん","さかんな,"Adjective (na)","","Prosperous, thriving, enthusiastic","この地域では農業が盛んだ。","Agriculture is thriving in this region."
"鮮やか","あざやかな,"Adjective (na)","","Vivid, bright, brilliant","彼女は鮮やかな青いドレスを着ていた。","She was wearing a vivid blue dress."
"穏やか","おだやかな,"Adjective (na)","","Calm, mild, peaceful","今日の海はとても穏やかだ。","The sea is very calm today."
"細やか","こまやかな,"Adjective (na)","","Detailed, careful, subtle","彼女の細やかな心遣いに感動した。","I was moved by her thoughtful consideration."
"健やか","すこやかな,"Adjective (na)","","Healthy, robust","子供の健やかな成長を願う。","I wish for my child's healthy growth."
"速やか","すみやかな,"Adjective (na)","","Prompt, swift, quick","問題が発生した場合、速やかな対応が求められる。","Prompt action is required when a problem occurs."
"和やか","なごやかな,"Adjective (na)","","Harmonious, mild, friendly","パーティーは和やかな雰囲気で進んだ。","The party proceeded in a harmonious atmosphere."
"華やか","はなやかな,"Adjective (na)","","Gorgeous, showy, brilliant","彼女はいつも華やかな服装をしている。","She always wears glamorous clothes."
"緩やか","ゆるやかな,"Adjective (na)","","Gentle (slope), loose, slow","この坂道は緩やかで、歩きやすい。","This slope is gentle and easy to walk on."
"清らか","きよらかな,"Adjective (na)","","Pure, clear, clean","山の奥には清らかな小川が流れていた。","A clear stream flowed deep in the mountains."
"滑らか","なめらかな,"Adjective (na)","","Smooth, sleek, fluent","赤ちゃんの肌はとても滑らかだ。","Baby's skin is very smooth."
"朗らか","ほがらかな,"Adjective (na)","","Cheerful, bright, radiant","彼女はいつも朗らかな笑顔で挨拶してくれる。","She always greets me with a cheerful smile."
"月並み","つきなみな,"Adjective (na)","","Commonplace, hackneyed, ordinary","月並みな表現だが、君の瞳は星のようだ。","It's a commonplace expression, but your eyes are like stars."
"幾","いく,"Adjective-like noun","","How many, some (used with classifiers)","幾多の困難を乗り越えて、彼は成功した。","He succeeded after overcoming many difficulties."
"我が","わが,"Adverbial noun","","My, our (emphatic)","我が社は顧客第一をモットーにしています。","Our company's motto is ""customer first."" "
"来る","くる,"Adverbial noun","","Next, coming","来る日曜日に同窓会が開かれる。","A class reunion will be held next Sunday."
"明くる","あくる,"Adverbial noun","","Following (day, year), next","その事件の明くる日、彼は町を去った。","The day after that incident, he left town."
"沿い","そい,"Suffix","","Along, beside","この道は海岸沿いに続いている。","This road continues along the coast."
"難い","がたい,"Suffix","","Difficult to..., hard to...","それは信じ難い話だが、事実だ。","That's a hard-to-believe story, but it's true."
"仮に","かりに,"Adverb","","Provisionally, hypothetically, if by any chance","仮に私が君の立場だったら、同じことをするだろう。","If I were in your shoes, I would probably do the same thing."
"殊に","ことに,"Adverb","","Especially, particularly, above all","私は果物が好きだが、殊にメロンが好きだ。","I like fruits, especially melon."
"既に","すでに,"Adverb","","Already, before now","私が駅に着いた時、電車は既に出発していた。","When I arrived at the station, the train had already departed."
"甚だ","はなはだ,"Adverb","","Very, extremely (often for negative things)","彼の行動には甚だ迷惑している。","His behavior is extremely annoying."
"専ら","もっぱら,"Adverb","","Exclusively, entirely, mainly","休日は専ら家で本を読んで過ごす。","I spend my holidays mainly reading books at home."
"極めて","きわめて,"Adverb","","Extremely, highly, very","この問題は極めて重要だ。","This problem is extremely important."
"飽くまで","あくまで,"Adverb","","To the end, stubbornly, persistently","彼は飽くまで自分の無実を主張した。","He persistently insisted on his innocence."
"及び","および,"Conjunction","","And, as well as","机の上には、ペン、ノート、及び消しゴムがある。","On the desk, there are pens, notebooks, and erasers."
"故に","ゆえに,"Conjunction","","Therefore, consequently","我思う、故に我在り。","I think, therefore I am."
"並びに","ならびに,"Conjunction","","And, as well as (formal)","会長並びに役員の皆様にご挨拶申し上げます。","I would like to greet the Chairman and all the executives."
"若しくは","もしくは,"Conjunction","","Or, otherwise","参加希望者は、電話若しくはメールでご連絡ください。","Those wishing to participate, please contact us by phone or email."
"鐘","かね,"Noun","","Bell","大晦日に除夜の鐘を聞きに行く。","I'm going to listen to the New Year's Eve bell on Omisoka."
"鈴","すず,"Noun","","Bell, chime","猫の首に鈴を付けた。","I put a bell on the cat's neck."
"笛","ふえ,"Noun","","Flute, whistle","彼は笛を吹くのが上手だ。","He's good at playing the flute."
"網","あみ,"Noun","","Net, mesh","漁師が海に網を投げ入れた。","The fisherman cast his net into the sea."
"綱","つな,"Noun","","Rope, cord, cable","綱を引いて船を岸に近づけた。","I pulled the rope to bring the boat closer to the shore."

"縄","なわ,"Noun","","Rope, cord","古い新聞を縄で縛る。","Tie up old newspapers with rope."
"鎖","くさり,"Noun","","Chain, shackles","門は太い鎖で閉ざされていた。","The gate was closed with a thick chain."
"筒","つつ,"Noun","","Tube, cylinder, pipe","竹の筒に水を入れる。","Put water into a bamboo tube."
"器","うつわ,"Noun","","Container, vessel; capacity, ability","料理を美しい器に盛り付ける。","Serve the food on a beautiful plate."
"杯","さかずき,"Noun","","Sake cup (especially traditional Japanese)","祝いの席で杯を交わした。","We exchanged sake cups at the celebratory banquet."
"柄","え,"Noun","","Handle, grip, shaft","この包丁は柄が握りやすい。","This knife has an easy-to-grip handle."
"傘","かさ,"Noun","","Umbrella","雨が降りそうなので、傘を持って行きなさい。","It looks like it's going to rain, so take an umbrella."
"旗","はた,"Noun","","Flag, banner","運動会で自国の旗を振って応援した。","I cheered at the sports festival by waving my country's flag."
"鏡","かがみ,"Noun","","Mirror","毎朝、鏡を見て髪を整える。","Every morning, I look in the mirror and arrange my hair."
"棚","たな,"Noun","","Shelf, rack","本を棚に戻してください。","Please put the book back on the shelf."
"双子","ふたご,"Noun","","Twins","私のクラスには双子の姉妹がいる。","There are twin sisters in my class."
"婿","むこ,"Noun","","Son-in-law","来月、娘の婿になる人が挨拶に来る。","Next month, the person who will become my daughter's husband will come to greet us."
"嫁","よめ,"Noun","","Bride, daughter-in-law, wife","兄の嫁はとても料理が上手だ。","My older brother's wife is very good at cooking."
"若者","わかもの,"Noun","","Young person, youth","最近の若者は新しい考え方を持っている。","Recent young people have new ways of thinking."
"悪者","わるもの,"Noun","","Bad guy, villain","物語では、最後に悪者が倒される。","In the story, the villain is defeated in the end."
"我々","われわれ,"Pronoun","","We, us (formal)","我々の目標は、このプロジェクトを成功させることだ。","Our goal is to make this project a success."
"鬼","おに,"Noun","","Oni (demon/ogre), devil; workaholic (figurative)","彼は仕事の鬼だ。","He's a workaholic."
"頭","かしら,"Noun","","Head, leader, chief","彼は盗賊の頭として知られていた。","He was known as the leader of the bandits."
"お供","おとも,"Noun","","Companion, attendant","社長の海外出張にお供した。","I accompanied the president on his overseas business trip."
"地主","じぬし,"Noun","","Landlord, landowner","昔、この辺り一帯は大きな地主が所有していた。","In the past, this entire area was owned by a large landowner."
"麻","あさ,"Noun","","Hemp, linen","夏の服は麻でできているものが多い。","Many summer clothes are made of linen."
"絹","きぬ,"Noun","","Silk","このスカーフは絹でできている。","This scarf is made of silk."
"織物","おりもの,"Noun","","Textile, fabric","この地域の伝統的な織物は、とても美しい。","The traditional textiles of this region are very beautiful."
"柄","がら,"Noun","","Pattern, design","彼女は華やかな柄のワンピースを着ていた。","She was wearing a dress with a glamorous pattern."
"丈","たけ,"Noun","","Length, height","スカートの丈を少し短くしてもらった。","I had the skirt length shortened a little."
"喪服","もふく,"Noun","","Mourning dress, funeral attire","お葬式には喪服を着て参列する。","One attends a funeral wearing mourning attire."
"紫","むらさき,"Noun","","Purple","紫は高貴な色とされている。","Purple is considered a noble color."
"冠","かんむり,"Noun","","Crown, diadem","王様は金の冠をかぶっていた。","The king was wearing a golden crown."
"傷","きず,"Noun","","Wound, injury; flaw, defect","転んで膝に傷ができた。","I fell and got a scratch on my knee."
"舌","した,"Noun","","Tongue","熱いお茶を飲んで舌をやけどした。","I burned my tongue drinking hot tea."
"唇","くちびる,"Noun","","Lips","冬は唇が乾燥しやすい。","Lips tend to get dry in winter."
"裸","はだか,"Noun","","Naked, bare","温泉では裸で入るのが普通だ。","It's common to enter hot springs naked."
"癖","くせ,"Noun","","Habit, peculiar trait","彼は考え事をするとき、髪を触る癖がある。","He has a habit of touching his hair when thinking."
"姿","すがた,"Noun","","Figure, form, appearance","遠くに彼の姿が見えた。","I saw his figure in the distance."
"左利き","ひだりきき,"Noun","","Left-handedness, left-handed person","日本の人口の約1割が左利きだそうだ。","It is said that about 10% of Japan's population is left-handed."
"身振り","みぶり,"Noun","","Gesture, bodily movement","彼は身振り手振りで一生懸命説明した。","He explained diligently with gestures."
"恥","はじ,"Noun","","Shame, disgrace, embarrassment","人前で失敗して、恥をかいた。","I made a mistake in front of people and was embarrassed."
"誠","まこと,"Noun","","Sincerity, truth, integrity","彼の言葉には誠がこもっていた。","His words were filled with sincerity."
"魂","たましい,"Noun","","Soul, spirit","彼はその絵に魂を込めて描いた。","He poured his soul into that painting."
"志","こころざし,"Noun","","Will, intention, aspiration","彼は医者になるという志を持っている。","He has the aspiration to become a doctor."
"怒り","いかり,"Noun","","Anger, rage","彼の裏切りに、激しい怒りを感じた。","I felt intense anger at his betrayal."
"情け","なさけ,"Noun","","Mercy, pity, compassion","困っている人には情けをかけるべきだ。","One should show compassion to people in trouble."
"過ち","あやまち,"Noun","","Mistake, error, fault","若い頃の過ちを反省している。","I am reflecting on the mistakes of my youth."
"償い","つぐない,"Noun","","Compensation, atonement, reparation","彼は自分の犯した罪の償いをしようとしている。","He is trying to atone for the crime he committed."
"戸惑い","とまどい,"Noun","","Bewilderment, perplexity, confusion","突然の知らせに、彼は戸惑いを隠せなかった。","He couldn't hide his bewilderment at the sudden news."
"善しあし","よしあし,"Noun","","Good and bad, pros and cons","物事の善し悪しを判断するのは難しい。","It's difficult to judge the good and bad of things."
"丘","おか,"Noun","","Hill, mound","丘の上に立って街を眺めた。","I stood on the hill and looked at the town."
"峰","みね,"Noun","","Peak, summit, ridge","遠くに見える山の峰は雪で覆われている。","The distant mountain peaks are covered with snow."
"峠","とうげ,"Noun","","Mountain pass; critical point","長い坂道を登り、ようやく峠に着いた。","After climbing a long slope, I finally reached the mountain pass."
"岬","みさき,"Noun","","Cape, promontory","岬の先端に灯台が立っている。","A lighthouse stands at the tip of the cape."
"頂","いただき,"Noun","","Summit, peak, crown (of head)","山の頂からの景色は最高だった。","The view from the top of the mountain was magnificent."
"滝","たき,"Noun","","Waterfall","その滝はすごい迫力で水が流れ落ちていた。","Water was falling from that waterfall with incredible force."
"沼","ぬま,"Noun","","Swamp, marsh, pond","その沼には珍しい種類の鳥が生息している。","Rare species of birds inhabit that swamp."
"霧","きり,"Noun","","Fog, mist","今朝は霧が深くて、視界が悪い。","The fog is thick this morning, and visibility is poor."
"霜","しも,"Noun","","Frost","冬の朝、庭の草に霜が降りていた。","On a winter morning, frost had settled on the garden grass."
"露","つゆ,"Noun","","Dew","朝早く起きると、葉の上に露が光っていた。","Waking up early in the morning, I saw dew shining on the leaves."
"滴","しずく,"Noun","","Drop (of liquid), drip","蛇口から水の滴が落ちている。","Water drops are falling from the faucet."
"雫","しずく,"Noun","","Drop (of liquid)","葉の先から雨の雫が垂れていた。","Raindrops were dripping from the tips of the leaves."
"雷","かみなり,"Noun","","Thunder, lightning","雷が鳴り始めたから、早く家に帰ろう。","It's starting to thunder, so let's go home quickly."
"稲光","いなびかり,"Noun","","Lightning flash","遠くの空で稲光がした。","Lightning flashed in the distant sky."
"泡","あわ,"Noun","","Foam, bubbles, froth","ビールをグラスに注ぐと、白い泡が立った。","When I poured beer into the glass, white foam appeared."
"渦","うず,"Noun","","Whirlpool, eddy, vortex","船は大きな渦に巻き込まれそうになった。","The boat was almost caught in a large whirlpool."
"沖","おき,"Noun","","Offshore, open sea","漁船が沖へ出て行った。","The fishing boat went out to the open sea."
"潮","しお,"Noun","","Tide, current","潮が満ちてきた。","The tide has come in."
"津波","つなみ,"Noun","","Tsunami","地震の後は津波に注意する必要がある。","It's necessary to be careful of tsunamis after an earthquake."
"浜辺","はまべ,"Noun","","Beach, seashore","夏休みに家族と浜辺で遊んだ。","I played on the beach with my family during summer vacation."
"梅","うめ,"Noun","","Plum blossom, Japanese apricot","庭の梅が咲き始めた。","The plum blossoms in the garden have started to bloom."
"杉","すぎ,"Noun","","Cedar, Japanese cedar","日本の山には杉の木が多い。","There are many cedar trees in Japan's mountains."
"松","まつ,"Noun","","Pine tree","海岸沿いに美しい松並木が続いている。","A beautiful avenue of pine trees continues along the coast."
"桃","もも,"Noun","","Peach, peach tree","夏になると、甘い桃が食べられる。","When summer comes, you can eat sweet peaches."
"桜","さくら,"Noun","","Cherry blossom","春には公園へ桜を見に行く。","In spring, I go to the park to see the cherry blossoms."
"芽","め,"Noun","","Bud, sprout","チューリップの芽が出てきた。","The tulip sprouts have emerged."
"稲","いね,"Noun","","Rice plant","秋になると、田んぼの稲が金色になる。","In autumn, the rice plants in the paddy fields turn golden."
"茎","くき,"Noun","","Stem","この植物は茎がとても太い。","This plant has a very thick stem."
"芝","しば,"Noun","","Lawn, grass","公園の芝の上で昼寝をする。","I took a nap on the lawn in the park."
"筋","すじ,"Noun","","Muscle; streak; logic, plot","彼の話は筋が通っている。","His story makes sense."
"苗","なえ,"Noun","","Seedling, plantlet","トマトの苗を畑に植えた。","I planted tomato seedlings in the field."
"幹","みき,"Noun","","Tree trunk","木の幹に蝉がとまっている。","A cicada is perched on the tree trunk."
"酢","す,"Noun","","Vinegar","料理に少し酢を加えると、さっぱりする。","Adding a little vinegar to the dish makes it refreshing."
"汁","しる,"Noun","","Juice, soup, broth","毎朝、味噌汁を飲む。","I drink miso soup every morning."
"乳","ちち,"Noun","","Milk, breast milk","赤ちゃんに乳をあげる。","I'll give milk to the baby."
"芋","いも,"Noun","","Potato, yam (general term for tubers)","冬は焼き芋がおいしい。","Roasted sweet potatoes are delicious in winter."
"豆","まめ,"Noun","","Bean, pea","彼はコーヒー豆を自分で挽いて飲む。","He grinds his own coffee beans to drink."
"豚","ぶた,"Noun","","Pig, pork","この料理は豚の肉を使っている。","This dish uses pork."
"鶏","にわとり,"Noun","","Chicken, fowl","鶏が朝早くから鳴いている。","The chickens are crowing early in the morning."
"跡","あと,"Noun","","Trace, mark, footprint","雪の上に動物の足の跡が残っていた。","Animal footprints were left on the snow."
"穴","あな,"Noun","","Hole, pit, cavity","地面に大きな穴が開いている。","There's a big hole in the ground."
"墓","はか,"Noun","","Grave, tomb","週末に先祖の墓参りに行った。","I went to visit my ancestors' grave on the weekend."
"街","まち,"Noun","","Town, city, street","この街は夜景がきれいだ。","The night view of this town is beautiful."
"溝","みぞ,"Noun","","Ditch, gutter; gap, rift","道の脇にある溝に気をつけてください。","Please be careful of the ditch by the side of the road."
"扉","とびら,"Noun","","Door (large, heavy door)","重い扉をゆっくりと開けた。","I slowly opened the heavy door."
"井戸","いど,"Noun","","Well (water)","昔は井戸から水を汲んでいた。","In the past, water was drawn from wells."
"お宮","おみや,"Noun","","Shinto shrine","新年にお宮へ初詣に行く。","I go to the shrine for Hatsumode (first shrine visit of the New Year)."
"垣根","かきね,"Noun","","Hedge, fence","家の周りを垣根で囲む。","Surround the house with a hedge."
"敷地","しきち,"Noun","","Site, premises, grounds","学校の敷地はとても広い。","The school grounds are very spacious."
"踏切","ふみきり,"Noun","","Railroad crossing","踏切で電車が通り過ぎるのを待つ。","Wait at the railroad crossing for the train to pass."
"道端","みちばた,"Noun","","Roadside, wayside","道端にきれいな花が咲いていた。","Beautiful flowers were blooming by the roadside."
"縦","たて,"Noun","","Vertical, length","レポートは縦書きで書いてください。","Please write the report vertically."
"縁","ふち,"Noun","","Edge, rim, brink","カップの縁が欠けている。","The rim of the cup is chipped."
"枠","わく,"Noun","","Frame, framework; limit, quota","窓の枠を新しいものに交換した。","I replaced the window frame with a new one."
"塊","かたまり,"Noun","","Lump, mass, chunk","砂糖の塊をコーヒーに入れる。","Put a sugar cube into the coffee."
"斜め","ななめ,"Noun","","Diagonal, slant, tilt","彼は私の斜め前に座った。","He sat diagonally in front of me."
"矢印","やじるし,"Noun","","Arrow symbol","矢印の方向に進んでください。","Please proceed in the direction of the arrow."
"虫","むし,"Noun","","Insect, bug","夏になると、いろいろな虫が出てくる。","Various insects come out in summer."
"蚊","か,"Noun","","Mosquito","夜、蚊に刺されて眠れなかった。","I couldn't sleep last night because I was bitten by mosquitoes."
"蛇","へび,"Noun","","Snake","草むらで蛇を見つけて驚いた。","I was surprised to find a snake in the grass."
"竜","りゅう,"Noun","","Dragon","竜は伝説上の生き物だ。","Dragons are legendary creatures."
"尾","お,"Noun","","Tail","犬が嬉しそうに尾を振っている。","The dog is happily wagging its tail."
"殻","から,"Noun","","Shell, husk","卵の殻を捨ててください。","Please throw away the eggshells."
"角","つの,"Noun","","Horn (animal), antler","鹿は立派な角を持っている。","Deer have magnificent antlers."
"翼","つばさ,"Noun","","Wing","鳥は翼を広げて空を飛んだ。","The bird spread its wings and flew into the sky."
"雌","めす,"Noun","","Female (animal)","このライオンは雌だ。","This lion is female."
"雄","おす,"Noun","","Male (animal)","雄の孔雀は羽が美しい。","Male peacocks have beautiful feathers."
"此","これ,"Pronoun","","This (formal)","此は私の本です。","This is my book."
"獣","けもの,"Noun","","Beast, animal","森の奥には、いろいろな獣がいる。","There are various beasts deep in the forest."
"刃","は,"Noun","","Blade, edge (of a knife)","このナイフは刃が鋭い。","This knife has a sharp blade."
"矢","や,"Noun","","Arrow","彼は的の中心に矢を放った。","He shot an arrow at the center of the target."
"盾","たて,"Noun","","Shield","兵士は盾で身を守った。","The soldier protected himself with a shield."
"弾","たま,"Noun","","Bullet, pellet, shot","ピストルに弾を込める。","Load bullets into the pistol."
"的","まと,"Noun","","Target, mark, bullseye","弓道の練習で的に矢を当てる。","Hit the target with an arrow during Kyudo practice."
"弓","ゆみ,"Noun","","Bow (for archery)","弓を引いて矢を放つ。","Draw the bow and shoot an arrow."
"刀","かたな,"Noun","","Sword (especially Japanese)","侍は刀を腰に差していた。","The samurai had a katana at his waist."
"鉛","なまり,"Noun","","Lead (metal)","釣りで使うおもりは鉛でできている。","The sinker used for fishing is made of lead."
"狩り","かり,"Noun","","Hunting, hunt","昔の人は狩りをして食料を得ていた。","People in ancient times obtained food by hunting."
"獲物","えもの,"Noun","","Prey, catch, game","ライオンが獲物を狙っている。","The lion is aiming for its prey."
"市","いち,"Noun","","Market, fair","毎週末、駅前で朝市が開かれる。","A morning market is held in front of the station every weekend."
"蔵","くら,"Noun","","Storehouse, warehouse, cellar","古い蔵の中から、価値のある骨董品が見つかった。","Valuable antiques were found in the old storehouse."
"富","とみ,"Noun","","Wealth, riches","彼は一代で莫大な富を築いた。","He built immense wealth in one generation."
"札","さつ,"Noun","","Bill, banknote","財布に一万円札が一枚だけ入っていた。","There was only one 10,000 yen bill in my wallet."
"値","ね,"Noun","","Price, value","この絵は高い値がつくでしょう。","This painting will probably fetch a high price."
"小銭","こぜに,"Noun","","Small change, coins","自動販売機を使うので、小銭が必要だ。","I need small change because I'm using the vending machine."
"問屋","とんや,"Noun","","Wholesaler","生産者から商品を仕入れて、小売店に売るのが問屋だ。","A wholesaler buys goods from producers and sells them to retailers."
"残高","ざんだか,"Noun","","Balance (of money)","銀行口座の残高を確認する。","Check the bank account balance."
"お釣り","おつり,"Noun","","Change (money returned)","千円札で払って、お釣りをもらった。","I paid with a 1,000 yen bill and received change."
"小遣い","こづかい,"Noun","","Pocket money, allowance","毎月、親から五千円のお小遣いをもらう。","I get 5,000 yen allowance from my parents every month."
"要","かなめ,"Noun","","Key point, pivot, cornerstone","この計画の要は、資金調達だ。","The key to this plan is fundraising."
"技","わざ,"Noun","","Technique, skill, trick","彼は柔道で素晴らしい技を見せた。","He showed amazing techniques in judo."
"暦","こよみ,"Noun","","Calendar, almanac","壁の暦を新しい月にめくる。","Turn the wall calendar to the new month."
"公","おおやけ,"Noun","","Public, open, official","この件はまだ公にされていない。","This matter has not yet been made public."
"芝居","しばい,"Noun","","Play, drama, acting","今度の日曜日、友達と芝居を見に行く。","This Sunday, I'm going to see a play with my friends."
"手際","てぎわ,"Noun","","Skill, knack, performance","彼女はとても手際よく料理を作る。","She cooks very skillfully."
"偽物","にせもの,"Noun","","Fake, counterfeit, imitation","これは本物そっくりに作られた偽物だ。","This is a fake made to look exactly like the real thing."
"夜更かし","よふかし,"Noun","","Staying up late","試験前なので、毎晩夜更かししている。","Since it's before the exam, I'm staying up late every night."
"折","おり,"Noun","","Time, occasion, opportunity","またの折に、ゆっくりお話ししましょう。","Let's talk slowly again sometime."
"暇","ひま,"Noun","","Free time, spare time","暇な時に何をしていますか。","What do you do in your free time?"
"上","うえ,"Noun","","Above, on, top","本は机の上にある。","The book is on the desk."
"下","した,"Noun","","Below, under, bottom","猫がテーブルの下で寝ている。","The cat is sleeping under the table."
"端","はし,"Noun","","Edge, end, margin","道の端を歩いてください。","Please walk on the edge of the road."
"隅","すみ,"Noun","","Corner, nook","部屋の隅にほこりがたまっている。","Dust is accumulating in the corner of the room."
"源","みなもと,"Noun","","Source, origin, spring","この川の源は、あの山の中にある。","The source of this river is in that mountain."
"果て","はて,"Noun","","End, utmost limit, furthest point","宇宙の果てはどうなっているのだろう。","What does the end of the universe look like?"
"傍ら","かたわら,"Noun","","Side, beside; while (doing something else)","彼は大学に通う傍ら、アルバイトをしている。","While attending university, he also works part-time."
"延べ","のべ,"Noun/Prefix","","Total, aggregate","この工事には延べ一万人が参加した。","A total of ten thousand people participated in this construction work."
"盛り","さかり,"Noun","","Peak, prime, height (of blooming)","今は桜が満開で、一番の盛りだ。","Now the cherry blossoms are in full bloom, it's their prime."
"兆し","きざし,"Noun","","Sign, omen, hint","春の兆しが感じられるようになってきた。","I've started to feel the signs of spring."
"半","はんぱ,"Noun/Adjective (na)","","Odd number, incomplete, half-baked","半端な時間があったので、カフェに寄った。","Since I had some odd bits of time, I stopped by a cafe."
"影","かげ,"Noun","","Shadow, reflection, silhouette","夕日に照らされて、長い影ができた。","A long shadow was cast by the setting sun."
"陰","かげ,"Noun","","Shade, shadow, hidden place","夏の日は、木の陰に入ると涼しい。","On a summer day, it's cool to go into the shade of a tree."
"音","ね,"Noun","","Sound (musical), tone, note","このバイオリンは素晴らしい音が出る。","This violin produces a wonderful sound."
"趣","おもむき,"Noun","","Charm, elegance, artistic effect","この庭は、古い日本の趣がある。","This garden has the charm of old Japan."
"本音","ほんね,"Noun","","True feelings, real intention","酒を飲むと、つい本音が出てしまう。","When I drink alcohol, my true feelings tend to come out."
"初耳","はつみみ,"Noun","","First time hearing, new information","彼が結婚したなんて、初耳だよ。","I had no idea he got married! That's new to me."
"見晴らし","みはらし,"Noun","","View, prospect","このホテルの部屋は見晴らしがとても良い。","The view from this hotel room is excellent."