absorb,"吸收","The sponge will absorb the water.","海绵会吸收水分。"
abundant,"大量的，充足的","There is an abundant supply of fresh water.","淡水供应充足。"
academic,"学术的","She has an excellent academic record.","她有出色的学业记录。"
accelerate,"加速","The car accelerated down the road.","汽车在路上加速行驶。"
accommodation,"住处，膳宿","We need to find accommodation for the night.","我们需要找个地方过夜。"
accompany,"陪伴，伴随","He will accompany her to the airport.","他将陪她去机场。"
accomplish,"完成，实现","We can accomplish great things if we work together.","如果我们齐心协力，就能成就伟大的事业。"
accord,"符合，一致","His actions were in accord with his beliefs.","他的行为与他的信仰一致。"
accustomed,"习惯的","She is accustomed to working long hours.","她习惯长时间工作。"
achieve,"取得，达到","She achieved her goal of becoming a doctor.","她实现了成为医生的目标。"
acknowledge,"承认，鸣谢","He acknowledged his mistake.","他承认了自己的错误。"
acquaintance,"熟人","She is an old acquaintance from college.","她是大学时的老熟人。"
acquisition,"获得，收购","The company made a new acquisition.","该公司有了一项新的收购。"
adapt,"适应，改编","It's important to adapt to new situations.","适应新情况很重要。"
adequate,"足够的，适当的","Is the food supply adequate for everyone?","食物供应对每个人来说都足够吗？"
administration,"管理，行政","The administration is responsible for running the school.","行政部门负责管理学校。"
affecting,"动人的，感人的","The movie had a deeply affecting storyline.","这部电影的故事情节非常感人。"
aggressive,"好斗的，有进取心的","He has an aggressive approach to business.","他在生意上很有闯劲。"
alarm,"警报，使惊恐","The fire alarm rang loudly.","火警响得很响。"
alert,"警觉的，警报","Stay alert for any danger.","保持警惕，注意任何危险。"
alliance,"联盟，联姻","The two countries formed an alliance.","两国结成了联盟。"
alloy,"合金","Brass is an alloy of copper and zinc.","黄铜是铜和锌的合金。"
ally,"盟友，结盟","They are our allies in this fight.","他们是这场战斗中我们的盟友。"
alongside,"在…旁边，与…一起","He walked alongside his friend.","他与朋友并肩行走。"
alternative,"替代的，选择","We need to find an alternative solution.","我们需要找到一个替代方案。"
amateur,"业余的，业余爱好者","He is an amateur photographer.","他是一名业余摄影师。"
ambition,"抱负，野心","His ambition is to become a successful entrepreneur.","他的抱负是成为一名成功的企业家。"
ambulance,"救护车","An ambulance rushed to the scene of the accident.","救护车赶到了事故现场。"
amount,"数量，总计","A large amount of money was donated.","捐赠了大量的钱。"
anchor,"锚，使固定","The ship dropped anchor in the harbor.","船在港口抛锚。"
anticipate,"预期，期望","We anticipate a large crowd at the concert.","我们预计音乐会会有很多人。"
foreseeable,"可预见的","In the foreseeable future, things will change.","在可预见的未来，事情会发生变化。"
antique,"古董的，古董","She collects antique furniture.","她收藏古董家具。"
anxious,"焦虑的，渴望的","He was anxious about the exam results.","他对考试结果感到焦虑。"
anyhow,"无论如何， anyhow","We're going to go anyhow.","无论如何我们都要去。"
appeal,"吸引力，呼吁","The idea appeals to me.","这个想法吸引了我。"
appetite,"食欲，胃口","He has a healthy appetite.","他胃口很好。"
applicant,"申请人","There were many applicants for the job.","这份工作有很多申请人。"
approach,"接近，方法","We need a new approach to the problem.","我们需要一种新的方法来解决这个问题。"
appropriate,"适当的，合适的","Wear appropriate clothing for the occasion.","根据场合穿合适的衣服。"
approval,"批准，赞成","The plan received official approval.","该计划获得了官方批准。"
approximate,"大约的，近似","The approximate cost is $50.","大概费用是50美元。"
arbitrary,"任意的，武断的","The decision seemed arbitrary.","这个决定似乎是武断的。"
architect,"建筑师","The architect designed the new building.","建筑师设计了这座新建筑。"
arise,"出现，发生","Problems often arise unexpectedly.","问题常常意外地出现。"
arouse,"唤起，引起","The speech aroused strong emotions.","演讲激起了强烈的情绪。"
artificial,"人工的，虚假的","Artificial intelligence is advancing rapidly.","人工智能正在迅速发展。"
ashamed,"羞愧的","He felt ashamed of his behavior.","他为自己的行为感到羞愧。"
assemble,"集合，组装","The team will assemble in the hall.","团队将在大厅集合。"
assess,"评估，评价","We need to assess the damage.","我们需要评估损失。"
associate,"联系，同事","He is an associate of mine.","他是我的同事。"
assure,"保证，使确信","I can assure you that it's true.","我可以向你保证那是真的。"
athlete,"运动员","She is a talented athlete.","她是一名才华横溢的运动员。"
attain,"达到，获得","He worked hard to attain his goals.","他努力工作以实现自己的目标。"
attorney,"律师","She consulted her attorney about the legal issue.","她就法律问题咨询了她的律师。"
attribute,"属性，归因于","Patience is a valuable attribute.","耐心是一种宝贵的品质。"
authority,"权力，权威","She has authority over the project.","她对这个项目有权威。"
auxiliary,"辅助的","The auxiliary engine provides extra power.","辅助发动机提供额外的动力。"
aware,"意识到的，知道的","Are you aware of the risks?","你意识到风险了吗？"
awkward,"笨拙的，尴尬的","He felt awkward in the situation.","他在这种情况下感到尴尬。"
bacon,"培根","Would you like some bacon with your eggs?","你的鸡蛋要加点培根吗？"
balcony,"阳台","She stood on the balcony overlooking the city.","她站在阳台上俯瞰城市。"
banner,"旗帜，横幅","The protest group carried a large banner.","抗议团体打着一面大横幅。"
bare,"赤裸的，光秃秃的","The trees were bare in winter.","冬天树木光秃秃的。"
bargain,"交易，讨价还价","He got a good bargain on the car.","他买那辆车很划算。"
bark,"树皮，狗叫","The dog's bark woke me up.","狗叫声把我吵醒了。"
barn,"谷仓","The farmer stored hay in the barn.","农民把干草储存在谷仓里。"
beam,"横梁，光线","A beam of light shone through the window.","一束光线透过窗户照进来。"
torch,"火炬，手电筒","He shone a torch into the dark corner.","他用手电筒照向黑暗的角落。"
bear,"承受，忍受","I can't bear the pain.","我无法忍受这种痛苦。"
behalf,"代表","On behalf of the company, I apologize.","我代表公司表示歉意。"
beloved,"心爱的，受爱戴的","She is a beloved teacher.","她是一位受爱戴的老师。"
bid,"出价，投标","He made a high bid for the painting.","他为这幅画出了高价。"
bitter,"苦的，痛苦的","The coffee had a bitter taste.","咖啡有苦味。"
blonde,"金发的","She has long blonde hair.","她有一头长长的金发。"
boast,"吹嘘，自夸","He likes to boast about his achievements.","他喜欢吹嘘自己的成就。"
bold,"大胆的，醒目的","She made a bold decision.","她做了一个大胆的决定。"
bond,"纽带，结合","There is a strong bond between them.","他们之间有很强的纽带。"
boom,"繁荣，轰鸣","The economy is experiencing a boom.","经济正在经历繁荣。"
boost,"提高，推动","This will boost the company's profits.","这将提高公司的利润。"
border,"边界，边境","They crossed the border into another country.","他们越过边境进入另一个国家。"
bore,"使厌烦，钻孔","The lecture began to bore me.","讲座开始让我感到厌烦。"
bounce,"弹跳，反弹","The ball bounced off the wall.","球从墙上弹开。"
breed,"繁殖，品种","What breed of dog is that?","那是什么品种的狗？"
breeze,"微风","A gentle breeze rustled the leaves.","微风吹拂着树叶沙沙作响。"
brilliant,"辉煌的，聪明的","She had a brilliant idea.","她有一个绝妙的主意。"
broaden,"拓宽，扩大","Travel can broaden your horizons.","旅行可以开阔你的视野。"
bulk,"体积，大部分","The bulk of the work is done.","大部分工作已经完成。"
bump,"碰撞，肿块","He got a bump on his head.","他头上起了个包。"
butcher,"屠夫，屠宰","The butcher sells fresh meat.","屠夫卖新鲜肉。"
bundle,"捆，束","She carried a bundle of newspapers.","她抱着一捆报纸。"
cabinet,"橱柜，内阁","He keeps his tools in the cabinet.","他把工具放在橱柜里。"
campaign,"运动，战役","They launched a new advertising campaign.","他们发起了一项新的广告宣传活动。"
candidate,"候选人","She is a strong candidate for the position.","她是这个职位很有竞争力的候选人。"
capacity,"容量，能力","The hall has a seating capacity of 500.","大厅可容纳500人。"
capture,"捕获，夺取","The police captured the suspect.","警方抓获了嫌疑犯。"
cast,"投掷，演员阵容","The movie has an excellent cast.","这部电影的演员阵容很棒。"
casual,"随便的，非正式的","He likes to wear casual clothes.","他喜欢穿休闲服装。"
cease,"停止，终止","The rain ceased suddenly.","雨突然停了。"
celebrated,"著名的","He is a celebrated author.","他是一位著名的作家。"
ceremony,"仪式，典礼","They held a wedding ceremony.","他们举行了婚礼。"
chamber,"房间，议院","The chamber was filled with people.","房间里挤满了人。"
characteristic,"特点，特有的","Patience is a key characteristic of a good teacher.","耐心是好老师的关键特质。"
charity,"慈善，慈善机构","He donates a lot to charity.","他向慈善机构捐赠了很多钱。"
charter,"章程，特许","The club was granted a royal charter.","俱乐部获得了皇家特许。"
chiefly,"主要地，首先","The book is chiefly concerned with the economy.","这本书主要关注经济。"
chill,"寒意，使变冷","There's a chill in the air.","空气中有一丝寒意。"
chop,"砍，切碎","He chopped the wood for the fire.","他为生火砍柴。"
circulate,"循环，流通","Blood circulates throughout the body.","血液在全身循环。"
circumference,"圆周，周长","The circumference of the circle is 10 cm.","圆的周长是10厘米。"
cite,"引用，引证","Please cite your sources in your research paper.","请在您的研究论文中引用参考文献。"
Clarify,"澄清，阐明","Could you please clarify what you mean?","您能澄清一下您的意思吗？"
clause,"从句，条款","Every contract has several important clauses.","每份合同都有几个重要条款。"
clumsy,"笨拙的，不灵便的","The clumsy waiter dropped the tray of dishes.","笨拙的服务员掉了一盘子碗碟。"
coarse,"粗糙的，粗俗的","The fabric felt coarse against her skin.","这种布料摸起来对她的皮肤很粗糙。"
collapse,"倒塌，崩溃","The old building might collapse in the storm.","那座旧建筑可能会在暴风雨中倒塌。"
collision,"碰撞，冲突","There was a minor collision between two cars.","两辆车发生了轻微碰撞。"
colony,"殖民地，聚居地","The country was once a British colony.","这个国家曾是英国的殖民地。"
combat,"搏斗，战斗","Soldiers were trained for hand-to-hand combat.","士兵们接受了徒手搏斗的训练。"
comedy,"喜剧","We watched a hilarious comedy last night.","我们昨晚看了一部非常搞笑的喜剧。"
commission,"委员会，佣金；委任","He earns a commission on every sale.","他每笔销售都能赚取佣金。"
commit,"承诺，犯罪；投入","He committed to finishing the project on time.","他承诺按时完成项目。"
committee,"委员会","The committee will meet next week to discuss the issue.","委员会下周将开会讨论这个问题。"
compel,"强迫，迫使","The law will compel employers to provide health insurance.","法律将强制雇主提供医疗保险。"
complicated,"复杂的，难懂的","The instructions were too complicated to follow.","这些说明太复杂了，无法遵循。"
compose,"组成，创作","Water is composed of hydrogen and oxygen.","水由氢和氧组成。"
comprehensive,"全面的，综合的","The report provides a comprehensive analysis of the situation.","该报告对情况进行了全面分析。"
compress,"压缩","You can compress the file to save space.","你可以压缩文件以节省空间。"
comprise,"包含，组成","The team comprises ten members.","这个团队由十名成员组成。"
compromise,"妥协，折衷","They reached a compromise after a long negotiation.","经过长时间的谈判，他们达成了妥协。"
concession,"让步，特许","The government made a concession to the protesters.","政府向抗议者做出了让步。"
concrete,"具体的，实在的；混凝土","We need concrete evidence to prove his guilt.","我们需要具体的证据来证明他有罪。"
condemn,"谴责，判刑","The public condemned the act of violence.","公众谴责了这种暴力行为。"
confine,"限制，禁闭","He was confined to bed with a high fever.","他因高烧卧床不起。"
confident,"自信的，确信的","She is confident about her ability to succeed.","她对自己的成功能力充满信心。"
conflict,"冲突，矛盾","There was a conflict of interest between the two parties.","双方存在利益冲突。"
confront,"面对，对抗","She decided to confront her fears.","她决定面对她的恐惧。"
Congress,"国会（特指美国国会）","The bill passed through Congress.","这项法案通过了国会。"
conjunction,"连接词，结合","""And"" is a common conjunction in English.","“and”是英语中常用的连词。"
conquest,"征服，占领","The Norman Conquest changed England significantly.","诺曼征服极大地改变了英格兰。"
conscious,"有意识的，自觉的","He was conscious of the need for change.","他意识到需要改变。"
consequence,"结果，后果","The storm had serious consequences for the coastal towns.","风暴给沿海城镇带来了严重的后果。"
conservation,"保护，保存","Wildlife conservation is important for the environment.","野生动物保护对环境很重要。"
conservative,"保守的，守旧的","She has very conservative views on social issues.","她对社会问题持非常保守的观点。"
considerable,"相当大的，重要的","He inherited a considerable amount of money.","他继承了一大笔钱。"
considerate,"体贴的，考虑周到的","It was very considerate of you to offer help.","你主动提供帮助真是太体贴了。"
consist,"由...组成，在于","The team consists of five players.","这个团队由五名球员组成。"
consistent,"一致的，始终如一的","His performance has been consistent throughout the season.","他整个赛季的表现都很稳定。"
constant,"不变的，持续的","The children were a constant source of joy.","孩子们是持续的快乐源泉。"
constitution,"宪法，章程；构成","The country adopted a new constitution.","该国通过了一部新宪法。"
consult,"咨询，请教","You should consult a doctor about your symptoms.","你应该就你的症状咨询医生。"
contemporary,"当代的，同时代的","The exhibition features contemporary art.","展览展出了当代艺术品。"
contest,"竞赛，比赛；争夺","She won the singing contest.","她赢得了歌唱比赛。"
contrast,"对比，对照","The dark background provides a strong contrast to the light foreground.","深色背景与浅色前景形成了鲜明对比。"
controversy,"争议，争论","The new policy sparked widespread controversy.","新政策引发了广泛争议。"
convenient,"方便的，便利的","The hotel is conveniently located near the station.","酒店地理位置优越，靠近车站，交通便利。"
convention,"习俗，惯例；大会","It's a social convention to shake hands when you meet someone.","见面时握手是一种社会习俗。"
convert,"转换，转化","They converted the old barn into a house.","他们把旧谷仓改造成了房子。"
convict,"宣判有罪；罪犯","He was convicted of robbery.","他被判犯有抢劫罪。"
cooperate,"合作，配合","We need to cooperate to achieve our goals.","我们需要合作才能实现我们的目标。"
coordinate,"协调，配合","She was asked to coordinate the project.","她被要求协调这个项目。"
correspond,"符合，通信","His actions do not correspond with his words.","他的行动与他的言辞不符。"
council,"委员会，理事会","The city council approved the new plan.","市议会批准了新计划。"
counsel,"建议，忠告；律师","He sought counsel from an experienced lawyer.","他向一位经验丰富的律师寻求建议。"
crack,"裂缝，裂纹；破裂","There's a crack in the windowpane.","窗玻璃上有一道裂缝。"
craft,"手艺，工艺；船只","The handmade jewelry showed excellent craftsmanship.","手工制作的珠宝展现了精湛的工艺。"
crash,"坠毁，碰撞；崩溃","The airplane crashed shortly after takeoff.","飞机起飞后不久就坠毁了。"
credit,"信用，信誉；学分；赞扬","He bought the car on credit.","他赊账买了那辆车。"
critical,"批判性的，危急的，重要的","Her critical analysis was highly praised.","她的批判性分析受到了高度赞扬。"
crucial,"至关重要的，决定性的","Timing is crucial for this operation.","时机对这次行动至关重要。"
crude,"粗糙的，未加工的","Crude oil is refined into various products.","原油被提炼成各种产品。"
cruise,"巡航，乘船游览","We went on a Caribbean cruise.","我们去加勒比海度了一次邮轮旅行。"
crush,"压碎，粉碎；迷恋","She accidentally crushed the empty can.","她不小心压扁了空罐子。"
crust,"外壳，地壳；面包皮","The earth's crust is constantly moving.","地壳在不断移动。"
cultivate,"耕作，培养","Farmers cultivate crops in the fields.","农民在田里耕种作物。"
currency,"货币，流通","The local currency is the euro.","当地货币是欧元。"
current,"当前的，现在的；水流，气流","What is your current address?","您当前的地址是什么？"
curve,"曲线，弯曲","The road has a sharp curve ahead.","前面有一个急转弯。"
dawn,"黎明，拂晓","We woke up at dawn to go hiking.","我们黎明时分醒来去徒步旅行。"
decade,"十年","The last decade brought many changes.","过去的十年带来了许多变化。"
decay,"腐烂，衰败","The old wooden fence began to decay.","旧木栅栏开始腐烂。"
deceive,"欺骗，蒙蔽","He tried to deceive me with a false story.","他试图用一个虚假的故事欺骗我。"
decent,"体面的，正派的；相当好的","He earns a decent salary.","他挣着一份体面的薪水。"
deck,"甲板，露台","We enjoyed the sunset from the ship's deck.","我们在船的甲板上欣赏了日落。"
decline,"下降，衰落；拒绝","The company's profits declined last quarter.","公司上个季度的利润下降了。"
decorate,"装饰","They decorated the room for the party.","他们为派对装饰了房间。"
decrease,"减少，下降","The population has been decreasing steadily.","人口一直在稳步下降。"
deduce,"推断，演绎","From the clues, he deduced the killer's identity.","根据线索，他推断出了凶手的身份。"
defect,"缺陷，缺点","The car was recalled due to a manufacturing defect.","这辆车因制造缺陷被召回。"
definite,"明确的，肯定的","We need a definite answer by tomorrow.","我们明天需要一个明确的答复。"
delegate,"代表，委派","She was chosen to be a delegate at the conference.","她被选为会议代表。"
deliberate,"故意的，深思熟虑的","The decision was made after long, deliberate thought.","这个决定是经过长时间深思熟虑后做出的。"
delicate,"精美的，脆弱的；微妙的","The antique vase is very delicate.","这个古董花瓶非常精致。"
democracy,"民主，民主制度","Democracy is a system of government by the whole population.","民主是全体人民的政府制度。"
demonstrate,"示范，证明，表明","The scientist demonstrated the new experiment.","科学家演示了新的实验。"
dense,"密集的，浓密的","The forest was too dense to walk through.","森林太茂密了，无法穿过。"
deny,"否认，拒绝","He denied any involvement in the crime.","他否认参与了这项罪行。"
depart,"出发，离开","The train will depart from platform 3.","火车将从3号站台出发。"
deposit,"存款，押金；沉积","She made a deposit into her savings account.","她向储蓄账户存了款。"
derive,"起源于，获得","Many English words derive from Latin.","许多英语单词源于拉丁语。"
descend,"下降，下坡","The plane began to descend for landing.","飞机开始下降准备降落。"
deserve,"应得，值得","You deserve a promotion for all your hard work.","你所有的努力都值得升职。"
desirable,"合意的，值得拥有的","A peaceful and healthy environment is highly desirable.","和平健康的环境是人们非常向往的。"
desperate,"绝望的，不顾一切的","He was desperate for money.","他非常缺钱。"
detect,"侦查，发现","The machine can detect very small changes.","这台机器可以检测到非常微小的变化。"
determination,"决心，坚定","Her determination to succeed was evident.","她成功的决心显而易见。"
devise,"设计，想出","They devised a new plan to attract customers.","他们设计了一个吸引顾客的新方案。"
diagram,"图表，示意图","He drew a diagram to explain the process.","他画了一个图表来解释这个过程。"
dialect,"方言","He speaks a regional dialect.","他说一种地方方言。"
dictate,"口述，命令","The boss dictated a letter to his secretary.","老板向秘书口述了一封信。"
digest,"消化，理解","It takes time to digest this complex information.","消化这些复杂的信息需要时间。"
dim,"昏暗的，模糊的","The light in the room was dim.","房间里的灯光很昏暗。"
dimension,"尺寸，维度","We need to consider all dimensions of the problem.","我们需要考虑问题的各个方面。"
dip,"浸，蘸","She dipped the cookie in her milk.","她把饼干浸在牛奶里。"
diplomatic,"外交的，圆滑的","He handled the sensitive issue with diplomatic skill.","他以外交手腕处理了这个敏感问题。"
discard,"丢弃，抛弃","Please discard all old documents.","请丢弃所有旧文件。"
discharge,"排放，释放；解雇","The factory was fined for discharging pollutants into the river.","这家工厂因向河里排放污染物而被罚款。"
discipline,"纪律，学科；训练","The school has a strict discipline policy.","这所学校有严格的纪律政策。"
dismiss,"解散，解雇；不予理会","The boss dismissed the employees after the meeting.","会议结束后，老板解散了员工。"
disorder,"混乱，无序；疾病","The room was in complete disorder after the party.","派对结束后，房间里一片混乱。"
dispute,"争论，纠纷","The two countries have a long-standing border dispute.","这两个国家有长期的边界争端。"
dispose,"处理，处置","Please dispose of your trash properly.","请妥善处理你的垃圾。"
dissolve,"溶解，解散","Sugar dissolves in water.","糖溶解在水中。"
distinct,"独特的，明显的","The two flavors are quite distinct.","这两种味道截然不同。"
distinction,"区别，差别；荣誉","There is a clear distinction between the two concepts.","这两个概念之间有明显的区别。"
distress,"痛苦，苦恼","She was in great distress after losing her job.","她失业后非常痛苦。"
distribute,"分发，分配","The teacher distributed the test papers to the students.","老师把试卷分发给学生。"
disturb,"打扰，扰乱","Please don't disturb me while I'm working.","我工作时请不要打扰我。"
diverse,"多样的，不同的","The city has a diverse population.","这座城市的人口构成多样。"
domestic,"国内的，家庭的","Domestic animals are kept as pets.","家养的动物被当作宠物饲养。"
dominant,"主导的，占优势的","The company is a dominant player in the market.","这家公司在市场上占据主导地位。"
dominate,"支配，统治","The tall building dominates the skyline.","那座高楼支配着天际线。"
dose,"剂量，一剂","Take one dose of the medicine every eight hours.","每八小时服用一剂药。"
draft,"草稿，草案；征兵","She wrote the first draft of her essay.","她写了论文的初稿。"
drain,"排水，耗尽","The rain drained away quickly.","雨水很快就排走了。"
drift,"漂流，漂泊；趋势","The boat drifted slowly down the river.","小船顺着河流缓慢漂流。"
drown,"淹死，淹没","The swimmer started to drown in the deep water.","游泳者在深水区开始溺水。"
due,"到期的，应得的","The library book is due tomorrow.","这本图书馆的书明天到期。"
dull,"沉闷的，迟钝的；无聊的","The lecture was so dull that I almost fell asleep.","讲座太沉闷了，我差点睡着了。"
dumb,"哑的，愚蠢的","The actor played a dumb but lovable character.","这位演员扮演了一个愚蠢但讨人喜欢的角色。"
dump,"倾倒，丢弃；垃圾场","Don't dump your waste in the river.","不要把垃圾倾倒在河里。"
durable,"耐用的，持久的","This furniture is very durable and will last for years.","这件家具非常耐用，可以用很多年。"
dynamic,"动态的，有活力的","He is a dynamic and energetic leader.","他是一位充满活力和干劲的领导者。"
earnest,"认真的，诚挚的","She made an earnest effort to learn the language.","她为学习这门语言付出了认真的努力。"
efficient,"高效的，有能力的","The new system is much more efficient.","新系统效率高得多。"
elaborate,"精心制作的；详细阐述","The wedding cake was very elaborate.","婚礼蛋糕制作得非常精致。"
elegant,"优雅的，高雅的","She wore an elegant black dress to the party.","她穿着一件优雅的黑色连衣裙去参加派对。"
elementary,"基本的，初级的","He has an elementary understanding of physics.","他对物理学有初步的了解。"
elsewhere,"在别处，到别处","He is not here; he must be somewhere else.","他不在这里；他一定在别处。"
embarrass,"使...尴尬","You embarrassed me by telling that story.","你讲那个故事让我很尴尬。"
embrace,"拥抱；欣然接受","They embraced each other after a long separation.","他们久别重逢后互相拥抱。"
emerge,"出现，浮现","A new leader has emerged from the party.","一位新的领导人从该党中脱颖而出。"
emotion,"情感，情绪","Fear is a powerful human emotion.","恐惧是一种强烈的人类情感。"
emphasise,"强调，着重","She emphasised the importance of teamwork.","她强调了团队合作的重要性。"
employ,"雇佣，使用","The company employs over 500 people.","这家公司雇佣了超过500人。"
enclose,"围住，附上","The garden is enclosed by a brick wall.","花园被一堵砖墙围住了。"
endure,"忍受，持久","He had to endure a lot of pain.","他不得不忍受很多痛苦。"
engage,"从事，参与；吸引","She engaged in a lively debate.","她参与了一场热烈的辩论。"
enhance,"增强，提高","The new features will enhance the user experience.","新功能将增强用户体验。"
enormous,"巨大的，庞大的","The company made an enormous profit last year.","这家公司去年获得了巨额利润。"
enthusiasm,"热情，热心","His enthusiasm for the project was contagious.","他对这个项目的热情很有感染力。"
entitle,"给...权利；给...命名","This pass entitles you to free entry.","这张通行证赋予你免费入场的权利。"
envy,"羡慕，嫉妒","I envy her for her success.","我嫉妒她的成功。"
equivalent,"相等的，等价的；等同物","The pound is equivalent to about 1.2 dollars.","一英镑约等于1.2美元。"
erase,"擦掉，消除","He erased the mistake from the whiteboard.","他从白板上擦掉了错误。"
erect,"直立的；建立，建造","The soldiers stood erect at attention.","士兵们笔直地立正。"
essential,"必不可少的，本质的","Water is essential for life.","水是生命必不可少的。"
establish,"建立，设立；确定","The company was established in 1990.","这家公司成立于1990年。"
estate,"房地产，遗产","He inherited a large estate from his uncle.","他从叔叔那里继承了一大笔遗产。"
estimate,"估计，估算","They estimated the cost of the project to be a million dollars.","他们估计这个项目的成本是一百万美元。"
evaporate,"蒸发，消失","The water in the puddle will evaporate in the sun.","水坑里的水会在阳光下蒸发。"
evolve,"进化，发展","The company has evolved from a small startup into a major corporation.","这家公司从一个小小的初创公司发展成一个大企业。"
exaggerate,"夸大，夸张","Don't exaggerate the problem; it's not that serious.","不要夸大问题；它没那么严重。"
exceed,"超过，超出","The demand for the product exceeded our expectations.","对该产品的需求超出了我们的预期。"
excess,"过量，过剩","We have an excess of supplies.","我们有过剩的供应品。"
exclaim,"惊叫，大声说","He exclaimed in surprise when he saw the gift.","他看到礼物时惊讶地大叫起来。"
exclude,"排除，不包括","The price excludes tax and service charges.","价格不包括税金和服务费。"
exclusively,"独有地，排他地","This service is available exclusively to members.","这项服务仅供会员独享。"
execute,"执行，实行；处决","The company will execute the plan next month.","公司下个月将执行该计划。"
executive,"执行的；主管，行政人员","She holds an executive position at the company.","她在公司担任行政职务。"
exert,"施加，运用","You need to exert more pressure to open the jar.","你需要施加更大的压力才能打开这个罐子。"
expand,"扩大，扩展","The company plans to expand its business into new markets.","公司计划将业务扩展到新市场。"
exploit,"剥削，利用","The company was accused of exploiting its workers.","这家公司被指控剥削其员工。"
exterior,"外部，外面的","The exterior of the house was painted white.","房子的外观被漆成白色。"
external,"外部的，外来的","He blamed his failure on external factors.","他将自己的失败归咎于外部因素。"
fabric,"布料，织物；结构","The dress was made from a beautiful silk fabric.","这条裙子是用美丽的丝绸布料制成的。"
facility,"设施，设备；才能","The hotel has excellent sports facilities.","这家酒店有很棒的运动设施。"
faculty,"才能，能力；全体教员","She has a remarkable faculty for learning languages.","她有非凡的语言学习能力。"
faint,"微弱的，模糊的；晕倒","I heard a faint sound in the distance.","我听到远处有一个微弱的声音。"
fame,"名声，名誉","He achieved international fame as a musician.","他作为一名音乐家获得了国际声誉。"
famine,"饥荒","The country was suffering from a severe famine.","这个国家正在遭受严重的饥荒。"
farewell,"告别","They said their farewells at the airport.","他们在机场道别。"
fascinating,"迷人的，引人入胜的","The book was a fascinating account of his travels.","这本书是一本关于他旅行的引人入胜的记述。"
fatal,"致命的，毁灭性的","The accident resulted in a fatal injury.","这起事故导致了致命的伤害。"
fatigue,"疲劳，疲乏","The runner collapsed from extreme fatigue.","这位跑步者因极度疲劳而倒下。"
feasible,"可行的，办得到的","Is it feasible to complete the project by Friday?","在周五前完成这个项目可行吗？"
female,"女性的，雌性的","The lioness is a powerful female hunter.","母狮是一种强大的雌性猎手。"
fertile,"肥沃的，能生育的","The fertile soil is perfect for farming.","这片肥沃的土地非常适合耕种。"
festive,"节日的，欢庆的","The town was filled with a festive atmosphere.","小镇充满了节日的气氛。"

fetch,"取来，拿来","Could you fetch me a glass of water?","你能给我取一杯水来吗？"
fiber,"纤维，光纤","The rope is made of natural fibers.","这根绳子是由天然纤维制成的。"
fierce,"凶猛的，猛烈的","A fierce storm hit the coast.","一场猛烈的风暴袭击了海岸。"
finance,"金融，财政","She works in the field of finance.","她在金融领域工作。"
flavour,"味道，风味","This dish has a unique flavor.","这道菜有独特的风味。"
flee,"逃离，逃跑","The refugees had to flee their homes.","难民们不得不逃离家园。"
flock,"群，群集","A flock of birds flew south for the winter.","一群鸟向南飞去过冬。"
flourish,"繁荣，茂盛","The business is starting to flourish.","这家生意开始兴旺起来。"
fluent,"流利的","She is fluent in three languages.","她能流利地说三种语言。"
forecast,"预测，预报","The weather forecast predicts rain for tomorrow.","天气预报说明天有雨。"
format,"格式，版式","Please save the document in a different format.","请将文件保存为不同的格式。"
fraction,"分数，小部分","Only a fraction of the students passed the exam.","只有一小部分学生通过了考试。"
fragment,"碎片，片段","The vase shattered into many fragments.","花瓶碎成了许多碎片。"
freight,"货运，货物","The freight train carried raw materials.","货运列车载着原材料。"
friction,"摩擦，冲突","The friction between the two teams was obvious.","两个团队之间的摩擦很明显。"
frost,"霜，冰冻","The car windows were covered in frost this morning.","今天早上车窗上结满了霜。"
frown,"皱眉","He frowned in concentration.","他聚精会神地皱着眉头。"
fuel,"燃料，助长","The fire was fueled by dry wood.","火被干木头助燃了。"
functional,"功能的，实用的","The design is simple but highly functional.","这个设计简单但功能性很强。"
fundamental,"基本的，根本的","Respect is a fundamental principle of a good relationship.","尊重是良好关系的基本原则。"
funeral,"葬礼","They attended the funeral of a family friend.","他们参加了一个家庭朋友的葬礼。"
furnish,"提供，布置家具","They plan to furnish their new apartment next month.","他们计划下个月为新公寓添置家具。"
gauge,"测量，评估；量规","It's hard to gauge his reaction.","很难评估他的反应。"
gear,"装备，齿轮","Hikers need to carry the right gear.","徒步旅行者需要携带合适的装备。"
genuine,"真正的，真诚的","This is a genuine antique vase.","这是一个真正的古董花瓶。"
germ,"细菌，病菌","Wash your hands to get rid of germs.","洗手以清除细菌。"
gesture,"姿态，手势","He made a gesture of thanks.","他做了一个表示感谢的手势。"
glimpse,"瞥见","I caught a glimpse of her as she passed by.","她经过时我瞥见了她一眼。"
glue,"胶水；粘贴","Use glue to fix the broken cup.","用胶水修好破碎的杯子。"
grab,"抓住，抓取","He grabbed his coat and rushed out the door.","他抓起外套冲出了门。"
grand,"宏伟的，盛大的","The hotel has a grand ballroom.","这家酒店有一个宏伟的宴会厅。"
grant,"授予，批准；拨款","The university granted him a scholarship.","大学授予他奖学金。"
gratitude,"感激，感谢","He expressed his gratitude to all his supporters.","他向所有支持者表达了感激之情。"
gravity,"重力，引力","Gravity keeps us on the ground.","重力使我们留在地面上。"
grind,"磨碎，研磨","They grind coffee beans every morning.","他们每天早上磨咖啡豆。"
grip,"紧握，掌握","He had a firm grip on the steering wheel.","他牢牢地握着方向盘。"
grasp,"抓住；理解","I couldn't grasp the meaning of the difficult text.","我无法理解那篇难懂文章的含义。"
guarantee,"保证，担保","The product comes with a one-year guarantee.","该产品有一年的保修期。"
gymnastics,"体操","She is a champion in gymnastics.","她是体操冠军。"
halt,"停止，中止","The train came to a halt.","火车停了下来。"
harbour,"港口，海港","The ships were anchored in the harbour.","船只停泊在港口。"
harmony,"和谐，和睦","The choir sang in perfect harmony.","合唱团唱得非常和谐。"
harness,"利用，驾驭；马具","Scientists are trying to harness solar energy.","科学家们正试图利用太阳能。"
harsh,"严厉的，刺耳的","The critics' reviews were very harsh.","评论家的评论非常严厉。"
hazard,"危险，危害","Smoking is a health hazard.","吸烟对健康有害。"
heap,"一堆，大量","There was a heap of clothes on the floor.","地板上有一堆衣服。"
hint,"暗示，线索","She gave me a hint about my birthday present.","她给了我一个关于我生日礼物的暗示。"
historic,"历史性的，具有历史意义的","It was a historic moment for the country.","这对这个国家来说是一个历史性的时刻。"
host,"主人，主持人；主办","The country will host the next Olympic Games.","该国将主办下一届奥运会。"
hostile,"敌对的，不友好的","The crowd became hostile and started booing.","人群变得充满敌意，开始发出嘘声。"
identical,"完全相同的","The two houses are virtually identical.","这两栋房子几乎完全相同。"
identity,"身份，特征","The police are trying to confirm the victim's identity.","警方正试图确认受害者的身份。"
illustrate,"说明，阐明；画插图","The book is beautifully illustrated with photographs.","这本书配有精美的插图照片。"
imitate,"模仿，仿效","Parrots can imitate human speech.","鹦鹉能模仿人类的语言。"
immense,"巨大的，庞大的","They made an immense effort to finish the project.","他们为完成这个项目付出了巨大的努力。"
immigrant,"移民","Many immigrants came to the country in search of a better life.","许多移民来到这个国家寻求更好的生活。"
impact,"影响，冲击","The new policy will have a major impact on the economy.","新政策将对经济产生重大影响。"
implement,"实施，执行","The government plans to implement new regulations.","政府计划实施新的法规。"
impose,"强加，征收","They decided to impose a new tax on imports.","他们决定对进口商品征收新税。"
inclined,"倾向于，有...的倾向","I am inclined to agree with your point of view.","我倾向于同意你的观点。"
indifferent,"漠不关心的，冷淡的","He seemed indifferent to the outcome of the game.","他似乎对比赛结果漠不关心。"
indispensable,"必不可少的","A dictionary is an indispensable tool for language learners.","词典是语言学习者必不可少的工具。"
inevitable,"不可避免的","Change is an inevitable part of life.","改变是生活中不可避免的一部分。"
infant,"婴儿","The infant slept peacefully in the crib.","婴儿在婴儿床里安静地睡着了。"
infect,"感染","The virus can infect computers through email attachments.","这种病毒可以通过电子邮件附件感染电脑。"
inflation,"通货膨胀","High inflation is causing prices to rise.","高通胀导致物价上涨。"
ingredient,"配料，成分","The secret ingredient of this cake is vanilla.","这个蛋糕的秘方是香草。"
initial,"最初的，开始的","The initial plan was to stay for a week.","最初的计划是停留一周。"
insert,"插入，嵌入","Please insert the coin into the slot.","请将硬币插入槽中。"
instinct,"本能，直觉","Birds fly south for the winter by instinct.","鸟类凭本能向南飞去过冬。"
instrument,"乐器；工具，仪器","The violin is a beautiful musical instrument.","小提琴是一种美丽的乐器。"
integrate,"整合，融入","The new student integrated quickly into the class.","新学生很快融入了班级。"
intense,"强烈的，紧张的","The intense heat made it difficult to work outside.","强烈的热浪使得在户外工作变得困难。"
interfere,"干涉，干扰","Please don't interfere in my personal life.","请不要干涉我的私生活。"
interior,"内部，内地的","The interior of the house was newly decorated.","房子的内部新装修了。"
interpret,"解释，理解；口译","It's difficult to interpret his strange behavior.","很难解释他奇怪的行为。"
interval,"间隔，间歇","There will be a short interval between the two acts.","两幕之间会有一段短暂的休息时间。"
intimate,"亲密的，私人的","They have an intimate relationship.","他们有亲密的关系。"
invade,"侵略，侵犯","The army invaded the neighboring country.","军队侵略了邻国。"
isolate,"隔离，孤立","They had to isolate themselves to prevent the spread of the disease.","他们必须隔离自己以防止疾病传播。"
issue,"问题，议题；发行","We need to address this issue immediately.","我们需要立即解决这个问题。"
jail,"监狱，监禁","He was sent to jail for a month.","他被送进监狱一个月。"
jealous,"嫉妒的","She was jealous of her sister's success.","她嫉妒她姐姐的成功。"
journal,"日记，期刊","She keeps a daily journal of her thoughts.","她每天写日记记录她的想法。"
jury,"陪审团","The jury is still deliberating.","陪审团仍在商议中。"
justify,"证明...有理，为...辩护","He tried to justify his actions.","他试图为自己的行为辩护。"
kenn,"肯恩","He visited Kenn, the famous city.","他拜访了著名的城市肯恩。"
knot,"结，打结","She tied a knot in the rope.","她在绳子上打了个结。"
lag,"落后，延迟","There was a time lag between the two events.","两件事之间存在时间上的滞后。"
landscape,"风景，景色","The mountain landscape was breathtaking.","山间的景色令人叹为观止。"
lane,"小巷，车道","The car was driving in the fast lane.","那辆车在快车道上行驶。"
lasting,"持久的，长久的","Their friendship has been a lasting one.","他们的友谊是持久的。"
launch,"发射，推出","The company will launch a new product next month.","公司下个月将推出新产品。"
leap,"跳跃，飞跃","The deer made a leap over the fence.","鹿跃过了篱笆。"
lease,"租约，出租","They signed a one-year lease for the apartment.","他们签了一年的公寓租约。"
legal,"合法的，法律的","He is seeking legal advice.","他正在寻求法律建议。"
legislation,"立法，法律","New legislation was passed to protect consumers.","新的立法被通过以保护消费者。"
liable,"有义务的，有责任的","The company is liable for any damage caused.","该公司对造成的任何损害负有责任。"
liberal,"自由的，开明的","She has liberal views on social issues.","她对社会问题持有开明的观点。"
liberate,"解放，释放","The army liberated the city from enemy control.","军队将这座城市从敌人控制下解放出来。"
lick,"舔","The dog licked my hand.","狗舔了我的手。"
likewise,"同样地，也","He said he was tired, and I replied likewise.","他说他很累，我也同样回答。"
limb,"肢，四肢；树枝","The monkey swung from a tree limb.","猴子在树枝上荡来荡去。"
lodge,"寄宿，住宿；小屋","They lodged at a hotel for the night.","他们在酒店住了一晚。"
loyal,"忠诚的，忠实的","He is a loyal friend.","他是一个忠实的朋友。"
luxury,"奢侈，奢华","They live a life of luxury.","他们过着奢侈的生活。"
magnificent,"壮丽的，宏伟的","The view from the top of the mountain was magnificent.","从山顶看到的景色非常壮丽。"
maintain,"维持，保持；维修","He struggled to maintain his family.","他努力维持家庭生计。"
manual,"手册，指南；手动的","I need to read the manual to understand how to use this machine.","我需要阅读手册才能知道如何使用这台机器。"
manufacture,"制造，生产","The company manufactures car parts.","这家公司制造汽车零件。"
margin,"边缘，页边空白；利润","The profit margin on this product is very small.","这个产品的利润率很小。"
marine,"海洋的，海事的","The marine life in this area is very diverse.","这个地区的海洋生物非常多样。"
marvelous,"了不起的，非凡的","It was a marvelous performance.","那是一场了不起的表演。"
massive,"巨大的，大量的","The massive stone statue stood in the town square.","巨大的石像矗立在城镇广场。"
match,"匹配，相配；比赛；火柴","Does this color match my shoes?","这个颜色和我的鞋子相配吗？"
mate,"伙伴，配偶","He is my best mate.","他是我最好的朋友。"
mature,"成熟的","The young birds will mature into adults.","这些幼鸟将成长为成鸟。"
maximum,"最大的，最多的","The car's maximum speed is 200 km/h.","这辆车的最高时速是200公里/小时。"
machanism,"机制，原理","The human body has a complex healing mechanism.","人体有一个复杂的愈合机制。"
medium,"媒介，手段；中等的","She chose a medium-sized shirt.","她选择了一件中等大小的衬衫。"
media,"媒体，媒介","The media reported on the event.","媒体报道了这起事件。"
memorial,"纪念碑，纪念物","The memorial was built to honor the fallen soldiers.","这座纪念碑是为了纪念阵亡的士兵而建造的。"
merchant,"商人，批发商","He was a wealthy merchant who traded spices.","他是一位贸易香料的富商。"
mercury,"水银，汞","Mercury is a liquid metal.","水银是一种液态金属。"
merit,"优点，价值","The plan has its merits and demerits.","这个计划有优点也有缺点。"
mrtric,"公制的","The metric system is used in most countries.","大多数国家使用公制。"
minimum,"最小的，最低的","The minimum age for this job is 18.","这份工作的最低年龄是18岁。"
minority,"少数，少数民族","The minority group fought for equal rights.","少数群体为争取平等权利而斗争。"
minus,"减号；负的","Two minus one equals one.","二减一等于一。"
minute,"分钟；微小的","She waited for a minute.","她等了一分钟。"
miracle,"奇迹","It's a miracle that he survived the accident.","他从事故中幸存下来是个奇迹。"
mirror,"镜子；反映","She looked at herself in the mirror.","她照了照镜子。"
miserable,"悲惨的，痛苦的","He felt miserable after failing the exam.","考试不及格后，他感到很痛苦。"
missile,"导弹","The missile was launched from a submarine.","导弹是从潜艇上发射的。"
mist,"薄雾","A light mist covered the valley in the morning.","早上山谷里笼罩着一层薄雾。"
moderate,"温和的，适度的","The weather was moderate and pleasant.","天气温和宜人。"
modest,"谦虚的，适度的","He is a very modest person despite his success.","尽管取得了成功，他仍然是一个非常谦虚的人。"
moisture,"湿气，水分","The soil retains moisture well.","这片土壤保水性很好。"
molecule,"分子","A water molecule is made of two hydrogen atoms and one oxygen atom.","一个水分子由两个氢原子和一个氧原子构成。"
monitor,"监控，监视；显示器","The teacher monitored the students' progress.","老师监控学生的进步。"
mount,"登上；增加；山","The knight mounted his horse.","骑士登上了他的马。"
multiply,"乘，繁殖","Two multiplied by three is six.","二乘以三等于六。"
mushroom,"蘑菇；迅速增长","We picked wild mushrooms in the forest.","我们在森林里采了野蘑菇。"
mutual,"相互的，共同的","They had a mutual respect for each other.","他们彼此相互尊重。"
myth,"神话，迷思","The story of Hercules is a Greek myth.","赫拉克勒斯的故事是希腊神话。"
negative,"消极的，负面的","Try to have a positive attitude and avoid negative thoughts.","试着保持积极的态度，避免消极的想法。"
neglect,"忽视，疏忽","Don't neglect your health.","不要忽视你的健康。"
neutral,"中立的，中性的","Switzerland is a neutral country.","瑞士是一个中立国。"
negotiate,"谈判，协商","They are trying to negotiate a new contract.","他们正在试图协商一份新合同。"
neverthless,"尽管如此，然而","It was a difficult task; nevertheless, he succeeded.","这是一项艰巨的任务；然而，他成功了。"
novelty,"新奇，新颖","The novelty of the new toy soon wore off.","这个新玩具的新鲜感很快就消失了。"
nuisance,"讨厌的人或事，麻烦事","The loud music was a real nuisance.","震耳欲聋的音乐真是一种麻烦。"
numerous,"众多的，许多的","She has numerous friends.","她有许多朋友。"
objective,"客观的；目标","It's difficult to be completely objective about your own work.","完全客观地评价自己的工作是困难的。"
observe,"观察，遵守","The scientist observed the behavior of the animals.","科学家观察了动物的行为。"
obstacle,"障碍，妨碍","He overcame many obstacles to achieve his goal.","他克服了许多障碍才实现了自己的目标。"
obtain,"获得，得到","He obtained a degree in engineering.","他获得了工程学学位。"
obvious,"明显的，显而易见的","It was obvious that he was lying.","很明显他在撒谎。"
occasion,"场合，时机","We only wear formal clothes on special occasions.","我们只在特殊场合穿正装。"
occupy,"占据，占用；使忙碌","The old house is now occupied by a new family.","那栋老房子现在被一个新家庭占据了。"
occur,"发生，出现","The accident occurred at midnight.","事故发生在午夜。"
odd,"奇怪的，奇特的；单数的","She has a very odd sense of humor.","她的幽默感很奇怪。"
offend,"冒犯，得罪","I didn't mean to offend you with my comments.","我无意用我的评论冒犯你。"
omit,"省略，遗漏","Please omit your last name from the form.","请在表格中省略你的姓氏。"
opportunity,"机会，时机","This is a great opportunity for you.","这对你来说是个很好的机会。"
opposed,"反对的，对立的","They are strongly opposed to the new law.","他们强烈反对这项新法律。"
optical,"光学的，视觉的","The glasses create an optical illusion.","这些眼镜制造了一种光学错觉。"
optimistic,"乐观的","He is optimistic about the future.","他对未来很乐观。"
orchestra,"管弦乐队","The orchestra performed a symphony by Beethoven.","管弦乐队演奏了贝多芬的交响曲。"
organism,"有机体，生物","A single-celled organism is too small to be seen without a microscope.","单细胞生物太小了，不用显微镜看不到。"
origin,"起源，出身","The word's origin is Latin.","这个词的起源是拉丁文。"
outcome,"结果，后果","The outcome of the experiment was unexpected.","实验的结果出乎意料。"
outlet,"插座，出口；经销店","I need an outlet to charge my phone.","我需要一个插座来给我的手机充电。"
output,"产量，输出","The factory's output has increased this year.","这家工厂今年的产量增加了。"
outlook,"展望，前景；观点","The economic outlook for next year is positive.","明年的经济前景是积极的。"
outset,"开端，开始","From the outset, we knew the project would be challenging.","从一开始，我们就知道这个项目将充满挑战。"
outstanding,"杰出的，未解决的","She is an outstanding student.","她是一名优秀的学生。"
overall,"总体的，全面的","The overall impression of the show was positive.","这场演出的总体印象是积极的。"
overtake,"超越","The red car overtook the blue car.","红色汽车超过了蓝色汽车。"
owe,"欠，应归功于","I owe you a favor.","我欠你一个人情。"
owing to,"由于，因为","Owing to the bad weather, the game was postponed.","由于天气恶劣，比赛被推迟了。"
Patience,"耐心","Patience is a virtue.","耐心是一种美德。"
plam,"手掌，棕榈树","He held the coin in the palm of his hand.","他把硬币握在手掌里。"
panel,"面板，控制板；专家小组","The control panel has a lot of buttons.","控制面板有很多按钮。"
parallel,"平行的，类似的","The two roads run parallel to each other.","这两条路彼此平行。"
parliament,"议会，国会","The new law was debated in parliament.","新法律在议会中进行了辩论。"
partial,"部分的，不完全的","He has a partial understanding of the problem.","他对这个问题有部分的了解。"
participate,"参与，参加","Everyone is encouraged to participate in the discussion.","鼓励每个人都参与讨论。"
particle,"粒子，微粒","Dust particles are floating in the air.","灰尘微粒在空气中漂浮。"
particular,"特别的，特有的","Is there any particular reason you're asking?","你问这个问题有什么特别的原因吗？"
passsion,"热情，激情","He has a passion for music.","他对音乐充满热情。"
passive,"被动的，消极的","He took a passive role in the conversation.","他在谈话中扮演了被动的角色。"
paste,"糊状物；粘贴","He used glue paste to stick the photos in the album.","他用胶水粘贴照片到相册里。"
pattern,"模式，图案","The shirt has a floral pattern.","这件衬衫有花卉图案。"
peculiar,"奇特的，古怪的","He has a peculiar way of walking.","他走路的方式很奇怪。"
penetrate,"穿透，渗透","The sun's rays penetrated the thick fog.","太阳的光线穿透了浓雾。"
perceive,"感知，察觉","She perceived a change in his attitude.","她察觉到他的态度有所改变。"
performance,"表现，表演；性能","The team's performance was excellent.","团队的表现非常出色。"
periodically,"周期性地，定期地","The machine needs to be checked periodically.","这台机器需要定期检查。"
permanent,"永久的，固定的","He has a permanent job now.","他现在有一份永久性工作。"
persist,"坚持，持续","If the problem persists, you should see a doctor.","如果问题持续存在，你应该去看医生。"
perspective,"视角，观点","Try to see the issue from his perspective.","试着从他的角度看问题。"
persuade,"说服，劝说","He persuaded me to join the team.","他说服我加入了团队。"
perssimistic,"悲观的","He has a pessimistic view of the future.","他对未来持悲观态度。"
phase,"阶段，时期","The project is in its final phase.","这个项目处于最后阶段。"
pillar,"柱子，支柱","The roof is supported by several stone pillars.","屋顶由几根石柱支撑。"
pillow,"枕头","She laid her head on the pillow.","她把头放在枕头上。"
pinch,"捏，掐；紧缺","He pinched my arm to get my attention.","他捏了我的胳膊以引起我的注意。"
pit,"坑，陷阱","The car fell into a deep pit.","汽车掉进了一个深坑。"
plate,"盘子，盘状物","He put the food on a plate.","他把食物放在盘子里。"
platform,"平台，站台","The train will arrive at platform 3.","火车将到达3号站台。"
plot,"情节，阴谋；小块土地","The movie has an interesting plot.","这部电影有一个有趣的情节。"
plug,"插头，塞子；插上","He pulled the plug out of the wall.","他把插头从墙上拔了下来。"
plunge,"投入，跳进","She took a plunge into the cold water.","她纵身跳进了冷水中。"
polish,"擦亮，抛光；光泽","He polished his shoes until they shone.","他把鞋擦得锃亮。"
portable,"便携式的","This is a small and portable laptop.","这是一台小巧便携的笔记本电脑。"
portrait,"肖像，肖像画","She painted a portrait of her son.","她画了一幅她儿子的肖像。"
positive,"积极的，正面的；阳性的","He has a very positive attitude.","他有一个非常积极的态度。"
possess,"拥有，掌握","He possesses a great deal of knowledge.","他拥有大量的知识。"
postpone,"推迟，延期","The meeting was postponed until next week.","会议被推迟到下周。"
potential,"潜在的，可能的；潜力","She has great potential as a musician.","她作为一名音乐家有巨大的潜力。"
pour,"倒，倾注","He poured the milk into the glass.","他把牛奶倒进玻璃杯里。"
poverty,"贫穷，贫困","The government is working to reduce poverty.","政府正在努力减少贫困。"
precaution,"预防措施","Take some precautions before you go hiking.","徒步旅行前采取一些预防措施。"
percede,"先行，领先于","The introduction precedes the main body of the report.","引言在报告的主体部分之前。"
precious,"珍贵的，宝贵的","Time is a precious resource.","时间是宝贵的资源。"
predict,"预测，预言","It's difficult to predict the future.","预测未来是困难的。"
perface,"序言，前言","The book's preface explains the author's purpose.","这本书的序言解释了作者的意图。"
perjudice,"偏见，成见","We should try to overcome our prejudices.","我们应该努力克服我们的偏见。"
preliminary,"初步的，预备的","The preliminary results of the study are promising.","这项研究的初步结果很有前景。"
prescribe,"开药方，规定","The doctor prescribed some medicine for my cold.","医生为我的感冒开了些药。"
presently,"目前，不久","He is presently working on a new project.","他目前正在做一个新项目。"
perserve,"保存，保持","It's important to preserve old buildings.","保存旧建筑是很重要的。"
press,"按，压；新闻界","He pressed the button to open the door.","他按下了按钮来开门。"
prevail,"盛行，获胜","Justice will prevail in the end.","正义终将获胜。"
pervious,"先前的，以前的","The previous owner of the house was a doctor.","这栋房子的前主人是一位医生。"
primary,"主要的，首要的","Education is a primary concern for parents.","教育是父母首要关心的问题。"
prime,"首要的，最好的；黄金时期","This is a prime example of his work.","这是他作品的一个最好例子。"
primitive,"原始的，简陋的","They lived in a primitive hut.","他们住在一个简陋的棚屋里。"
principal,"主要的，首要的；校长","The principal reason for the failure was lack of funding.","失败的主要原因是缺乏资金。"
priciple,"原则，原理","The machine operates on the principle of magnetism.","这台机器的工作原理是磁力。"
prior,"先前的，在前的","He had no prior experience in this field.","他在这个领域没有先前的经验。"
privilege,"特权，荣幸","It was a great privilege to meet her.","能见到她是一种巨大的荣幸。"
procedure,"程序，步骤","The company has a clear procedure for filing complaints.","公司有一套明确的投诉程序。"
proceed,"继续进行，着手","After a short break, they proceeded with the meeting.","短暂休息后，他们继续开会。"
profit,"利润，收益","The company made a huge profit this year.","这家公司今年获得了巨额利润。"
prohibit,"禁止，阻止","The law prohibits smoking in public buildings.","法律禁止在公共建筑内吸烟。"
project,"项目，工程；投射","The team is working on a new project.","团队正在进行一个新项目。"
prominent,"杰出的，突出的","He is a prominent figure in the business world.","他是商界的一位杰出人物。"
promise,"承诺，保证","He made a promise to his mother that he would study hard.","他向母亲承诺会努力学习。"
promote,"促进，提升","The new policy aims to promote economic growth.","新政策旨在促进经济增长。"
prompt,"迅速的，立即的；提示","He gave a prompt response to the email.","他对电子邮件做出了迅速的回复。"
proof,"证据，证明","The police found proof of his innocence.","警方找到了他无罪的证据。"
property,"财产，房产；特性","They own several properties in the city.","他们在这个城市拥有几处房产。"
proportion,"比例，部分","A large proportion of the budget was spent on advertising.","预算的很大一部分用于广告。"
propose,"提议，建议","He proposed a new solution to the problem.","他为这个问题提出了一个新解决方案。"
prospect,"前景，可能性","The job has good prospects for promotion.","这份工作有很好的晋升前景。"
prosperity,"繁荣，昌盛","The country is enjoying a period of great prosperity.","这个国家正享受着一个大繁荣时期。"
protest,"抗议，反对","The workers held a protest against the new regulations.","工人们举行了抗议活动反对新规定。"
provided,"假如，倘若","You can go to the party, provided that you finish your homework first.","你可以去参加派对，前提是你必须先完成家庭作业。"
provision,"供应，供给；条款","The army stocked up on provisions for the long journey.","军队为长途旅行储备了物资。"
abete,"阿贝特","He visited the city of Abete in Italy.","他拜访了意大利的阿贝特市。"
agnostic,"不可知论者","An agnostic neither believes nor disbelieves in a god.","不可知论者既不相信也不不相信上帝。"
amorphous,"无定形的，无组织的","The amorphous cloud slowly drifted across the sky.","那片无定形的云朵在天空中缓缓飘动。"
anomalous,"反常的，异常的","The anomalous results of the experiment surprised the scientists.","实验的反常结果令科学家们感到惊讶。"
anonymity,"匿名，无名","He enjoyed the anonymity of living in a big city.","他享受生活在大城市里的匿名感。"
apathy,"冷漠，无动于衷","The apathetic attitude of the students disappointed the teacher.","学生冷漠的态度令老师感到失望。"
atrophy,"萎缩","The patient's muscles began to atrophy from disuse.","病人的肌肉因不使用而开始萎缩。"
acid,"酸，酸性的","Lemon juice is very acid.","柠檬汁很酸。"
acrid,"辛辣的，刺鼻的","The acrid smell of smoke filled the air.","刺鼻的烟味弥漫在空气中。"
acrimonious,"尖刻的，刻薄的","The debate became acrimonious.","辩论变得尖刻起来。"
acute,"敏锐的，急性的","He has an acute sense of hearing.","他有敏锐的听觉。"
acumen,"敏锐，精明","Her business acumen led to the company's success.","她的商业头脑使公司取得了成功。"
acerbic,"尖刻的，辛辣的","He made an acerbic comment about the film.","他对这部电影发表了尖刻的评论。"
exacerbate,"加剧，恶化","The new policy will only exacerbate the problem.","这项新政策只会加剧问题。"
interaction,"互动，相互作用","Social interaction is important for child development.","社会互动对儿童发展很重要。"
radioactive,"放射性的","Uranium is a radioactive element.","铀是一种放射性元素。"
activate,"激活，启动","You need to enter a code to activate the software.","你需要输入一个代码来激活这个软件。"
enact,"制定，颁布（法律）","The government will enact a new law next month.","政府下个月将颁布一项新法律。"
exacting,"要求严格的，苛刻的","He is an exacting boss who demands perfection.","他是一个要求完美的苛刻老板。"
reactionary,"反动的，保守的","The new law was seen as reactionary.","这项新法律被认为是反动的。"
reactant,"反应物","In a chemical reaction, the reactants are transformed into products.","在化学反应中，反应物被转化为产物。"
addition,"添加，附加","In addition to my salary, I also get a bonus.","除了我的工资，我还有奖金。"
additional,"额外的，附加的","We need additional information to process your request.","我们需要额外的信息来处理你的请求。"
additive,"添加剂","Food additives are used to preserve food.","食品添加剂用于保存食物。"
agog,"渴望的，兴奋的","The children were all agog to open their presents.","孩子们都渴望打开他们的礼物。"
pedagogy,"教学法，教育学","She is a specialist in pedagogy.","她是一位教育学专家。"
demagogue,"煽动者","The demagogue used fear to gain power.","煽动者利用恐惧来获取权力。"
agony,"极度痛苦，agonizing","He was in agony after the accident.","事故发生后，他非常痛苦。"
antagonize,"使...敌对，惹怒","Don't antagonize your boss.","不要惹怒你的老板。"
antagonistic,"敌对的，对抗的","The two teams were antagonistic towards each other.","这两个团队彼此敌对。"
protagonist,"主角，主人公","The protagonist of the story is a young hero.","这个故事的主人公是一个年轻的英雄。"
agrarian,"土地的，农业的","The country has an agrarian economy.","这个国家是农业经济。"
agriculture,"农业","The country's economy is based on agriculture.","这个国家的经济以农业为基础。"
agronomy,"农学","He studied agronomy at the university.","他在大学学习农学。"
agronomist,"农学家","The agronomist advised the farmers on how to improve their crop yield.","农学家向农民们提供了如何提高作物产量的建议。"
aircraft,"飞机","Modern aircraft are incredibly fuel-efficient.","现代飞机燃油效率极高。"
airtight,"密封的，不透气的","Store the cookies in an airtight container.","把饼干放在密封的容器里。"
aerate,"充气，通气","Aerate the lawn to improve its health.","给草坪通气以改善其健康状况。"
anaerobic,"厌氧的","Anaerobic bacteria can live without oxygen.","厌氧细菌无需氧气也能存活。"
hydrogen,"氢","Hydrogen is the lightest element.","氢是最轻的元素。"
chlorine,"氯","Chlorine is used to disinfect swimming pools.","氯被用来消毒游泳池。"
inflate,"充气，膨胀","Inflate the balloon before the party.","派对前把气球充气。"
deflate,"放气，泄气","Deflate the tire after the race.","比赛后给轮胎放气。"
aroma,"芳香，气味","The aroma of fresh coffee filled the room.","新鲜咖啡的香味弥漫了整个房间。"
alter,"改变，修改","She decided to alter her plans for the weekend.","她决定改变周末的计划。"
alternate,"轮流，交替；备用的","The two teams will alternate between offense and defense.","两支队伍将轮流进行进攻和防守。"
altruist,"利他主义者","He is an altruist who always helps others.","他是一个总是帮助别人的利他主义者。"
alias,"化名，别名","The spy used a different alias in each country.","这位间谍在每个国家都使用不同的化名。"
alibi,"不在场证明","He had a solid alibi for the time of the crime.","他有犯罪发生时的确凿不在场证明。"
alienate,"疏远，离间","His strange behavior alienated him from his friends.","他奇怪的行为使他疏远了朋友。"
amateur,"业余爱好者","He is an amateur photographer.","他是一名业余摄影师。"
enamoured,"迷恋的，倾心的","He was completely enamoured with her beauty.","他完全迷恋上了她的美貌。"
glamorous,"富有魅力的，迷人的","The actress led a glamorous life.","这位女演员过着迷人的生活。"
amity,"和睦，友好","The two countries have a long history of amity.","两国有着悠久的和睦历史。"
amenity,"便利设施，舒适","The hotel offers a wide range of amenities.","这家酒店提供各种便利设施。"
amiable,"和蔼可亲的，友好的","She is an amiable person who is easy to talk to.","她是一个和蔼可亲、容易交谈的人。"
amicable,"友好的，和睦的","They reached an amicable agreement.","他们达成了友好的协议。"
ambiguous,"模棱两可的，含糊不清的","His response was ambiguous and left us with more questions.","他的回答模棱两可，给我们留下了更多疑问。"
ambivalent,"矛盾的","He felt ambivalent about the new job offer.","他对这份新工作邀请感到矛盾。"
ambidextrous,"双手灵巧的","She is an ambidextrous artist who can draw with both hands.","她是一位双手灵巧的艺术家，能用双手画画。"
amphibian,"两栖动物","Frogs and salamanders are amphibians.","青蛙和蝾螈是两栖动物。"
animated,"活泼的，生动的","The movie was an animated film for children.","这部电影是一部给孩子看的动画片。"
unanimous,"一致的，全体同意的","The committee reached a unanimous decision.","委员会达成了一致的决定。"
pusillanimous,"胆小的，懦弱的","He was too pusillanimous to stand up for himself.","他太懦弱了，不敢为自己挺身而出。"
animosity,"敌意，憎恨","There was a deep animosity between the rival teams.","竞争对手的两个团队之间有很深的敌意。"
magnanimous,"宽宏大量的，大度的","He was magnanimous in his victory, praising his opponent.","他胜利后表现得很宽宏大量，赞扬了对手。"
antibody,"抗体","Antibodies help the body fight off infections.","抗体帮助身体抵抗感染。"
antibiotic,"抗生素","The doctor prescribed an antibiotic for the infection.","医生为感染开了一种抗生素。"
antidote,"解毒剂，解药","There is no known antidote for that poison.","那种毒药没有已知的解药。"
anticlimax,"高潮后的低落，虎头蛇尾","The ending of the movie was a real anticlimax.","这部电影的结局真是虎头蛇尾。"
antipathy,"反感，厌恶","He has a strong antipathy towards spiders.","他对蜘蛛有强烈的反感。"
antiquated,"过时的，陈旧的","His antiquated ideas about technology were surprising.","他对技术的陈旧观念令人惊讶。"
apophasis,"不提反彰","He used apophasis to subtly criticize his rival by pretending not to mention his flaws.","他用不提反彰来假装不提对手的缺点，从而巧妙地批评他。"
apostrophe,"撇号；顿呼","The apostrophe is used to show possession.","撇号用于表示所有格。"
apostasy,"变节，叛教","He was accused of apostasy for abandoning his faith.","他因放弃信仰而被指控为叛教。"
apoplectic,"中风的；勃然大怒的","He was apoplectic with rage when he saw the broken vase.","当他看到破碎的花瓶时，他气得勃然大怒。"
sever,"切断，割断","The company had to sever ties with its supplier.","这家公司不得不与它的供应商切断联系。"
sunder,"分裂，分开","The storm sundered the ship's mast from its hull.","风暴将船的桅杆从船体上撕裂开来。"
anarchy,"无政府状态","The collapse of the government led to a state of anarchy.","政府的垮台导致了无政府状态。"
anarchist,"无政府主义者","An anarchist believes that all forms of government are oppressive.","无政府主义者认为所有形式的政府都是压迫性的。"
hierarchy,"等级制度","The company has a strict hierarchy.","这家公司有严格的等级制度。"
monarch,"君主","The monarch ruled the kingdom for fifty years.","这位君主统治了王国五十年。"
regin,"统治，在位","The queen's reign was a time of peace and prosperity.","女王的统治是一个和平与繁荣的时期。"
potentate,"君主，统治者","The powerful potentate controlled the vast empire.","这位强大的君主控制着庞大的帝国。"
aristocracy,"贵族统治；贵族","He was born into the aristocracy.","他出生于贵族家庭。"
autocracy,"专制政治","The country was ruled by an autocracy for decades.","这个国家被专制政体统治了几十年。"
autonomy,"自治，自主","The region was granted a degree of autonomy.","该地区被授予了一定程度的自治权。"
gerontocracy,"老人统治的政府","The nation was a gerontocracy, with all political decisions made by its elderly leaders.","这个国家是由其年迈的领导人做出所有政治决策的老人统治政体。"
plutocracy,"富豪统治的政府","The city's government was a plutocracy, controlled by a small group of wealthy families.","这个城市的政府是由一小群富裕家庭控制的富豪统治政体。"
technocracy,"技术专家统治","The new system of governance was a technocracy, where decisions were made based on scientific data.","新的治理体系是一个技术专家统治政体，决策是基于科学数据做出的。"
firearm,"枪械，火器","He was arrested for carrying an illegal firearm.","他因携带非法枪支而被捕。"
army,"军队","The army was deployed to the disaster zone.","军队被部署到灾区。"
disarm,"解除武装","The police asked the suspect to disarm himself.","警察要求嫌疑人解除武装。"
armada,"舰队","The Spanish Armada was defeated by the English fleet.","西班牙无敌舰队被英国舰队击败。"
armory,"军械库","The soldiers went to the armory to get their weapons.","士兵们去军械库领取他们的武器。"
alarm,"警报，恐慌","The smoke alarm went off in the middle of the night.","烟雾警报器在半夜响了。"
artefact,"人工制品，文物","Archaeologists unearthed ancient artefacts at the site.","考古学家在现场挖掘出了古代文物。"
artifice,"诡计，技巧","He used his artifice to deceive his opponents.","他利用诡计欺骗了他的对手。"
artificial,"人造的，虚假的","The robot was controlled by artificial intelligence.","这个机器人由人工智能控制。"
artist,"艺术家","He is a talented artist who paints beautiful landscapes.","他是一位画美丽风景的有才华的艺术家。"
artless,"朴实的，天真的","Her artless charm won over everyone.","她朴实无华的魅力赢得了所有人的喜爱。"
autobiography,"自传","He wrote an autobiography about his life.","他写了一本关于自己生活的自传。"
autocrat,"独裁者","The autocrat ruled the country with an iron fist.","这位独裁者用铁腕统治着这个国家。"
automatically,"自动地","The door will open automatically when you approach it.","当你靠近时，门会自动打开。"
automobile,"汽车","The automobile was a revolutionary invention.","汽车是一项革命性的发明。"
balloon,"气球","The children released balloons into the sky.","孩子们把气球放飞到空中。"
ballet,"芭蕾舞","She has been studying ballet since she was a child.","她从小就开始学习芭蕾舞。"
ballroom,"宴会厅","The grand ballroom was decorated for the party.","宏伟的宴会厅为派对进行了装饰。"
base,"基础，底部；卑鄙的","The statue was placed on a stone base.","雕像被放置在一个石制底座上。"
debase,"贬低，降低","The politician's lies debased his reputation.","这位政客的谎言贬低了他的声誉。"
basement,"地下室","We store old furniture in the basement.","我们把旧家具储存在地下室。"
beater,"搅拌器；打手","She used a hand mixer to beat the eggs.","她用手持搅拌器打鸡蛋。"
abate,"减轻，减弱","The storm began to abate.","暴风雨开始减弱。"
baton,"指挥棒；接力棒","The conductor raised his baton to start the orchestra.","指挥家举起指挥棒开始乐团演奏。"
battle,"战斗，战役","The battle lasted for three days.","这场战役持续了三天。"
combative,"好斗的，好战的","He has a very combative personality.","他性格非常好斗。"
rebel,"反叛，反抗；反叛者","The citizens began to rebel against the new laws.","市民们开始反抗新法律。"
bellicose,"好战的，好斗的","His bellicose attitude made it difficult to negotiate.","他好战的态度使得谈判变得困难。"
rebellion,"叛乱，反抗","The rebellion was quickly suppressed by the army.","叛乱被军队迅速镇压了。"
belligerent,"交战的，好战的","The two belligerent nations finally signed a peace treaty.","这两个交战国最终签署了和平条约。"
beneficent,"仁慈的，慈善的","The beneficent donation helped many people.","这笔慈善捐款帮助了很多人。"
beneficial,"有益的，有利的","Regular exercise is beneficial to your health.","规律的运动对你的健康有益。"
benevolent,"仁慈的，善意的","He was a benevolent leader who cared for his people.","他是一位关心他的人民的仁慈领导者。"
benediction,"祝福，恩赐","The priest gave a benediction at the end of the service.","牧师在礼拜结束时给予了祝福。"
benefactor,"捐助人，恩人","The university's new library was built with the help of a generous benefactor.","大学的新图书馆是在一位慷慨的捐助人的帮助下建造的。"
bifurcate,"分叉，分歧","The road bifurcates into two paths.","这条路分叉成两条小径。"
bilingual,"双语的","She is bilingual in English and Spanish.","她会说英语和西班牙语两种语言。"
biped,"两足动物","Humans and birds are bipeds.","人类和鸟类是两足动物。"
duality,"二元性","The duality of good and evil is a common theme in literature.","善与恶的二元性是文学中常见的主题。"
duet,"二重唱","The two singers performed a beautiful duet.","两位歌手表演了一段美丽的二重唱。"
full-bodied,"醇厚的，浓郁的","This red wine has a full-bodied flavor.","这种红酒有醇厚的风味。"
bodyguard,"保镖","The celebrity hired a bodyguard for her protection.","这位名人雇了一名保镖来保护她。"
busybody,"爱管闲事的人","My neighbor is such a busybody; she always wants to know what I'm doing.","我的邻居真是个爱管闲事的人；她总是想知道我在做什么。"
disembodied,"脱离肉体的，无形的","He heard a disembodied voice in the dark room.","他在黑暗的房间里听到一个无形的声音。"
abbreviate,"缩写，缩短","Please abbreviate the title in the heading.","请在标题中缩短这个称谓。"
brevity,"简洁，简短","The brevity of his speech was appreciated by everyone.","他演讲的简洁受到了大家的赞赏。"
abridge,"缩短，节略","The book was abridged for younger readers.","这本书为年轻读者进行了节略。"
brief,"简短的；概要","He gave a brief summary of the events.","他简短地总结了这些事件。"
debrief,"听取汇报","The soldiers were debriefed after their mission.","士兵们在任务结束后听取了汇报。"
calcium,"钙","Milk is a good source of calcium.","牛奶是钙的良好来源。"
calcification,"钙化","Artery calcification is a major risk factor for heart disease.","动脉钙化是心脏病的主要危险因素。"
recalcitrant,"顽抗的，不服从的","The recalcitrant student refused to follow the teacher's instructions.","那个不服从管教的学生拒绝听从老师的指示。"
boulder,"巨石","They had to climb over a large boulder.","他们不得不爬过一块巨大的石头。"
flint,"燧石","He used a flint to start the fire.","他用燧石生火。"
granite,"花岗岩","The kitchen counter is made of granite.","厨房台面是由花岗岩制成的。"
marble,"大理石","The floor was made of beautiful marble.","地板是由美丽的大理石制成的。"
pebble,"鹅卵石","The beach was covered in smooth pebbles.","海滩上覆盖着光滑的鹅卵石。"
shale,"页岩","Oil shale is a fine-grained sedimentary rock.","油页岩是一种细粒的沉积岩。"
ossified,"骨化的；僵化的","The company's ossified bureaucracy made it difficult to introduce new ideas.","公司僵化的官僚作风使得引入新想法变得困难。"
candor,"坦率，真诚","He spoke with refreshing candor about his past mistakes.","他坦率地谈论了他过去的错误，这让人耳目一新。"
candid,"坦白的，直率的","She gave a candid opinion about the new design.","她对新设计发表了坦率的意见。"
candle,"蜡烛","We lit a candle when the power went out.","停电时我们点燃了蜡烛。"
incandescent,"白炽的，炽热的","The incandescent light bulb was a major invention.","白炽灯泡是一项伟大的发明。"
glisten,"闪耀，闪光","The morning dew glistened on the leaves.","晨露在树叶上闪闪发光。"
glistening,"闪光的，晶莹的","The glistening snow covered the mountains.","晶莹的雪覆盖了群山。"
iridescent,"虹彩的，色彩斑斓的","The soap bubble had an iridescent sheen.","这个肥皂泡有虹彩般的光泽。"
radiate,"辐射，散发","The sun radiates heat and light.","太阳辐射热量和光。"
capable,"有能力的，能干的","He is a capable leader.","他是一位能干的领导者。"
incapacitate,"使...无能力，使...丧失能力","The injury incapacitated him for several weeks.","这次受伤使他失去了几周的能力。"
captious,"吹毛求疵的","He was a captious critic who was hard to please.","他是一个难以取悦的吹毛求疵的评论家。"
captivate,"迷住，吸引","Her beauty captivated everyone in the room.","她的美貌迷住了房间里的每一个人。"
capitulate,"投降，屈服","The enemy was forced to capitulate.","敌人被迫投降。"
recapitulation,"概括，摘要","The speaker gave a brief recapitulation of his main points.","演讲者对他要点进行了简短的概括。"
cataclysmic,"大洪水的；大变动的","The cataclysmic earthquake changed the landscape.","那场大变动的地震改变了地貌。"
catastrophe,"大灾难，大祸","The oil spill was an environmental catastrophe.","漏油事件是一场环境大灾难。"
catalyse,"催化，促使","The new law will catalyse economic growth.","新法律将催化经济增长。"
catalyst,"催化剂","His speech was a catalyst for change.","他的演讲是变革的催化剂。"
cavern,"大山洞，大洞穴","The explorers ventured into a large cavern.","探险家们冒险进入了一个巨大的山洞。"
concave,"凹的，凹面的","A concave lens is thicker at the edges than in the middle.","凹透镜边缘比中间厚。"
excavate,"挖掘，挖出","Archaeologists are excavating an ancient city.","考古学家正在挖掘一座古城。"
accede,"同意，继任","He acceded to the throne after his father's death.","他父亲去世后，他继任了王位。"
accessory,"附件，配件；同谋","She bought a new phone and some accessories.","她买了一部新手机和一些配件。"
concede,"承认，让步","He conceded defeat in the election.","他在选举中承认失败。"
excessive,"过度的，过量的","Excessive use of salt is bad for your health.","过量使用盐对你的健康有害。"
entecedent,"先前的，前身的","The antecedent events led to the current situation.","先前的事件导致了目前的情况。"
recede,"后退，撤回","The floodwaters began to recede.","洪水开始退去。"
recess,"休会；休息","The students played outside during the recess.","学生们在课间休息时在外面玩耍。"
centrifuge,"离心机","The lab used a centrifuge to separate the liquid.","实验室用离心机分离液体。"
egocentric,"以自我为中心的","An egocentric person only thinks about themselves.","一个以自我为中心的人只考虑自己。"
circuitous,"迂回的，曲折的","We took a circuitous route to avoid traffic.","我们走了一条迂回的路线以避开交通。"
recycle,"回收利用","Remember to recycle your plastic bottles.","记住回收你的塑料瓶。"
cyclical,"周期性的，循环的","The seasons follow a cyclical pattern.","四季遵循一个循环模式。"
cyclone,"气旋，飓风","The island was hit by a powerful cyclone.","这个岛屿被一场强大的气旋袭击了。"
encyclopedia,"百科全书","He used the encyclopedia to look up information.","他使用百科全书查找信息。"
circumlocution,"迂回的说法，冗长的说法","The politician's circumlocution avoided the direct question.","这位政治家的迂回说法回避了直接问题。"
circumspect,"谨慎的，小心的","He was very circumspect in his dealings with strangers.","他在与陌生人打交道时非常谨慎。"
circumvent,"规避，绕过","They found a way to circumvent the rules.","他们找到了一种规避规则的方法。"
scissors,"剪刀","I need a pair of scissors to cut the paper.","我需要一把剪刀来剪纸。"
concise,"简洁的，简明的","Please write a concise summary of the report.","请写一份简洁的报告摘要。"
precis,"摘要，大纲","He gave a precis of the novel.","他给出了小说的概要。"
precise,"精确的，准确的","We need precise measurements for this experiment.","这个实验需要精确的测量。"
incise,"雕刻，切开","The sculptor incised the stone with a sharp tool.","雕刻家用锋利的工具在石头上雕刻。"
incisive,"敏锐的，深刻的","Her incisive comments got to the heart of the matter.","她敏锐的评论触及了问题的核心。"
excise,"切除，删除；消费税","The doctor had to excise the tumor.","医生不得不切除肿瘤。"
excited,"兴奋的，激动的","The children were excited about the trip to the zoo.","孩子们对动物园之旅感到很兴奋。"
incite,"煽动，激起","His speech incited the crowd to riot.","他的演讲煽动了人群暴动。"
solicitous,"关切的，挂念的","He was solicitous about her health.","他对她的健康很挂念。"
recital,"独奏会，朗诵","She gave a piano recital last night.","她昨晚举行了一场钢琴独奏会。"
resuscitate,"使...苏醒，复苏","The paramedics tried to resuscitate the man.","医护人员试图使那名男子苏醒。"
screech,"尖叫声，刺耳声","We heard a screech of tires as the car stopped.","我们听到汽车停止时轮胎发出的刺耳声。"
shriek,"尖叫，喊叫","She shrieked in terror.","她因恐惧而尖叫。"
exclaim,"惊叫，大声说","He exclaimed in surprise when he saw the gift.","他看到礼物时惊讶地大叫起来。"
bluster,"咆哮，虚张声势","His bluster failed to intimidate his opponents.","他的虚张声势未能吓倒对手。"
rant,"咆哮，大声抱怨","He went on a long rant about his terrible day.","他滔滔不绝地抱怨他糟糕的一天。"
uproar,"喧嚣，骚动","The announcement caused an uproar among the students.","这个公告在学生中引起了骚动。"
acclaim,"称赞，喝彩","The play was met with critical acclaim.","这部戏剧受到了评论界的好评。"
disclaim,"否认，放弃","He disclaimed any responsibility for the accident.","他否认对这起事故负有任何责任。"
conclude,"结束，得出结论","The meeting will conclude at 5 pm.","会议将在下午5点结束。"
conclusive,"决定性的，结论性的","The DNA evidence was conclusive.","DNA证据具有决定性。"
occlude,"阻塞，闭塞","A blood clot can occlude an artery.","血凝块会阻塞动脉。"
recluse,"隐士，隐居者","He lives as a recluse in the mountains.","他以隐士的身份住在山里。"
seclusion,"隐居，隔离","She enjoys the peace and quiet of her seclusion.","她享受她隐居生活的宁静与安逸。"















































