混む,こむ,to be crowded,"電車がとても混んでいる。","The train is very crowded."
異なる,ことなる,to differ,"意見が異なる。","Opinions differ."
異常,いじょう,abnormality,"異常気象だ。","It's abnormal weather."
異文化,いぶんか,different culture,"異文化交流。","Cultural exchange."
驚異的,きょういてき,amazing/miraculous,"驚異的な速さ。","Amazing speed."
規則,きそく,rule,"規則を守る。","Follow the rules."
定規,じょうぎ,ruler,"定規で線を引く。","Draw a line with a ruler."
規模,きぼ,scale,"大規模な計画。","A large-scale project."
子守歌,こもりうた,lullaby,"子守歌を歌う。","Sing a lullaby."
守備,しゅび,defense,"守備につく。","Take the field (for defense)."
留守,るす,absence from home,"留守にする。","To be away from home."
平ら,たいら,flat/level,"地面が平らだ。","The ground is flat."
平仮名,ひらがな,Hiragana,"平仮名を書く。","Write Hiragana."
平気,へいき,calm/unconcerned,"平気な顔をする。","Keep a straight face."
平等,びょうどう,equality,"男女平等。","Gender equality."
量る,はかる,to measure,"重さを量る。","Measure the weight."
分量,ぶんりょう,quantity,"分量を調節する。","Adjust the quantity."
計算する,けいさんする,to calculate,"費用を計算する。","Calculate the cost."
予算,よさん,budget,"予算を立てる。","Make a budget."
一緒,いっしょ,together,"一緒に行く。","Go together."
仲良し,なかよし,good friends,"仲良しグループ。","A group of good friends."
仲間,なかま,comrade/mate,"仕事の仲間。","Work colleagues."
仲介する,ちゅうかいする,to mediate/broker,"不動産を仲介する。","Broker real estate."
関取,せきとり,Sumo wrestler (highest ranks),"関取の取り組み。","A bout of a high-ranking sumo wrestler."
関係,かんけい,relation/connection,"関係者以外立ち入り禁止。","No entry for those not involved."
関心,かんしん,interest,"政治に関心がある。","I have an interest in politics."
別れる,わかれる,to separate/part,"友達と別れる。","Part with a friend."
特別,とくべつ,special,"特別料金。","Special fee."
分別する,ぶんべつする,to sort (waste),"ごみを分別する。","Sort the trash."
勝つ,かつ,to win,"試合に勝つ。","Win the game."
勝負する,しょうぶする,to compete/have a contest,"勝負を挑む。","Challenge someone to a contest."
勝る,まさる,to surpass/excel,"才能に勝る。","Excel in talent."
自分勝手,じぶんかって,selfish/self-centered,"自分勝手な行動。","Self-centered behavior."
負ける,まける,to lose,"試合に負ける。","Lose the game."
負う,おう,to bear/carry,"責任を負う。","Bear responsibility."
抱負,ほうふ,aspiration/ambition,"新年の抱負。","New Year's resolution."
負担,ふたん,burden/charge,"費用を負担する。","Bear the cost."
誤る,あやまる,to make a mistake/err,"判断を誤る。","Make an error in judgment."
誤解する,ごかいする,to misunderstand,"誤解を招く。","Cause a misunderstanding."
誤字,ごじ,misspelling/typo,"誤字が多い。","There are many typos."
輸出する,ゆしゅつする,to export,"車を輸出する。","Export cars."
輸入する,ゆにゅうする,to import,"食品を輸入する。","Import food."
難しい,むずかしい,difficult,"難しい問題。","A difficult problem."
有難い,ありがたい,grateful/thankful,"有難い助言。","Helpful advice."
困難,こんなん,difficulty/hardship,"困難に立ち向かう。","Face difficulties."
避難する,ひなんする,to evacuate,"安全な場所に避難する。","Evacuate to a safe place."
易しい,やさしい,easy/simple,"易しい問題。","An easy problem."
貿易,ぼうえき,trade,"貿易摩擦。","Trade friction."
難易度,なんいど,degree of difficulty,"難易度が高い。","The difficulty level is high."
容易,ようい,easy/simple,"容易に解決する。","Solve easily."
報いる,むくいる,to reward/repay,"恩に報いる。","Repay a favor."
情報,じょうほう,information,"情報を得る。","Get information."
報告,ほうこく,report,"研究を報告する。","Report on the research."
予報,よほう,forecast,"天気予報。","Weather forecast."
告げる,つげる,to tell/inform,"別れを告げる。","Say goodbye."
予告する,よこくする,to notify in advance,"予告なしに変更する。","Change without prior notice."
報じる,ほうじる,to report/inform,"ニュースを報じる。","Report the news."
告白する,こくはくする,to confess,"愛を告白する。","Confess love."
判断する,はんだんする,to judge/decide,"状況を判断する。","Judge the situation."
裁判,さいばん,trial/judgement,"裁判にかける。","Put to trial."
評判,ひょうばん,reputation,"評判の良い店。","A shop with a good reputation."
断つ,たつ,to cut off/sever,"連絡を断つ。","Cut off contact."
断る,ことわる,to refuse/decline,"招待を断る。","Decline an invitation."
横断歩道,おうだんほどう,pedestrian crossing,"横断歩道を渡る。","Cross the pedestrian crossing."
無断,むだん,without permission,"無断欠席。","Absence without permission."
成績,せいせき,results/grades,"成績が上がる。","Grades improve."
業績,ぎょうせき,achievement (business/academic),"会社の業績。","Company performance."
実績,じっせき,actual results/track record,"豊富な実績。","An extensive track record."
導く,みちびく,to guide/lead,"生徒を導く。","Guide the students."
指導する,しどうする,to instruct/lead,"指導を受ける。","Receive instruction."
半導体,はんどうたい,semiconductor,"半導体産業。","Semiconductor industry."
服,ふく,clothes,"服を着る。","Wear clothes."
装う,よそおう,to dress/pretend,"平然を装う。","Pretend to be calm."
服装,ふくそう,dress/attire,"きちんとした服装。","Neat attire."
衣装,いしょう,costume/dress,"舞台衣装。","Stage costume."
帽子,ぼうし,hat/cap,"帽子をかぶる。","Wear a hat."
手袋,てぶくろ,gloves,"手袋をはめる。","Wear gloves."
レジ袋,レジぶくろ,plastic shopping bag,"レジ袋は必要ですか。","Do you need a plastic bag?"
足袋,たび,split-toe socks,"足袋を履く。","Wear *tabi* (split-toe socks)."
綿,めん,cotton,"綿のシャツ。","Cotton shirt."
木綿,もめん,cotton (fabric),"木綿の布。","Cotton cloth."
つり革,つりかわ,strap (on train/bus),"つり革につかまる。","Hold onto the strap."
革命,かくめい,revolution,"産業革命。","Industrial revolution."
靴,くつ,shoes,"新しい靴。","New shoes."
革靴,かわぐつ,leather shoes,"革靴を磨く。","Polish leather shoes."
靴下,くつした,socks/stockings,"靴下を履く。","Wear socks."
磨く,みがく,to polish/brush,"歯を磨く。","Brush teeth."
歯磨き,はみがき,tooth brushing/toothpaste,"歯磨き粉。","Toothpaste."
研磨する,けんまする,to polish/grind,"宝石を研磨する。","Polish a gem."
替わる,かわる,to replace/be substituted,"選手が替わる。","A player is substituted."
替える,かえる,to replace/exchange,"電池を替える。","Change the battery."
着替える,きがえる,to change clothes,"服を着替える。","Change clothes."
両替,りょうがえ,money exchange,"ドルに両替する。","Exchange into dollars."
交替する,こうたいする,to take turns/alternate,"運転を交替する。","Take turns driving."
更に,さらに,further/moreover,"更に詳しく説明する。","Explain in further detail."
更衣室,こういしつ,changing room,"更衣室で着替える。","Change clothes in the changing room."
変更する,へんこうする,to change/alter,"予定を変更する。","Change the plan."
更新する,こうしんする,to renew/update,"記録を更新する。","Break a record."
/
狭い,せまい,narrow/small,"狭い道。","A narrow road."
先程,さきほど,a little while ago,"先程電話があった。","There was a call a little while ago."
程度,ていど,degree/extent,"この程度で十分だ。","This extent is enough."
日程,にってい,schedule/itinerary,"旅行の日程。","Travel itinerary."
差す,さす,to raise (umbrella)/shine (sun),"傘を差す。","Put up an umbrella."
日差し,ひざし,sunlight/sunbeam,"強い日差し。","Strong sunlight."
差,さ,difference/gap,"実力に差がある。","There is a difference in ability."
時差,じさ,time difference,"時差ボケ。","Jet lag."
差別する,さべつする,to discriminate,"人種で差別する。","Discriminate by race."
窓際,まどぎわ,by the window,"窓際に座る。","Sit by the window."
際立つ,きわだつ,to stand out/be prominent,"個性が際立つ。","Personality stands out."
実際,じっさい,actually/reality,"実際に行ってみる。","Go and see in reality."
国際,こくさい,international,"国際問題。","International issue."
交際する,こうさいする,to associate with/date,"彼女と交際する。","Date her."
年齢,ねんれい,age,"年齢制限。","Age limit."
高齢,こうれい,old age,"高齢化社会。","Aging society."
測る,はかる,to measure/gauge,"距離を測る。","Measure the distance."
予測する,よそくする,to predict/estimate,"地震を予測する。","Predict an earthquake."
観測する,かんそくする,to observe/measure,"天体を観測する。","Observe celestial bodies."
因る,よる,to be due to/depend on,"努力による結果。","Results due to effort."
原因,げんいん,cause/origin,"事故の原因。","Cause of the accident."
要因,よういん,factor/cause,"成功の要因。","Factor for success."
価,あたい,value/price,"努力の価がある。","The effort has value."
価値観,かちかん,sense of value,"価値観が違う。","Values are different."
物価,ぶっか,prices (of goods),"物価が高い。","Prices are high."
評価する,ひょうかする,to evaluate/assess,"能力を評価する。","Evaluate ability."
値段,ねだん,price,"値段が高い。","The price is high."
平均値,へいきんち,average value,"平均値を出す。","Calculate the average value."
観光する,かんこうする,to sightsee,"京都を観光する。","Sightsee in Kyoto."
客観的,きゃっかんてき,objective,"客観的な意見。","Objective opinion."
体制,たいせい,system/structure,"政治体制。","Political system."
制度,せいど,system/institution,"社会制度。","Social system."
調査する,ちょうさする,to investigate/research,"市場を調査する。","Investigate the market."
検査する,けんさする,to inspect/examine,"健康を検査する。","Have a health check-up."
審査員,しんさいん,judge/examiner,"審査員を務める。","Serve as a judge."
雇う,やとう,to hire/employ,"従業員を雇う。","Hire an employee."
雇用する,こようする,to employ,"新入社員を雇用する。","Employ new staff."
解雇する,かいこする,to dismiss/fire,"不当に解雇する。","Dismiss unfairly."
二列,にれつ,two rows,"二列に並ぶ。","Line up in two rows."
行列する,ぎょうれつする,to line up/queue,"行列ができる。","A line forms."
序列,じょれつ,ranking/order,"序列を守る。","Keep the order."
状況,じょうきょう,situation/state of affairs,"状況を説明する。","Explain the situation."
近況,きんきょう,recent situation,"近況を報告する。","Report on recent activities."
積む,つむ,to pile up/load,"荷物を積む。","Load the luggage."
積もる,つもる,to pile up/accumulate,"雪が積もる。","Snow accumulates."
面積,めんせき,area,"土地の面積。","Area of the land."
積極的,せっきょくてき,positive/active,"積極的に参加する。","Participate actively."
占める,しめる,to occupy/account for,"過半数を占める。","Occupy the majority."
占う,うらなう,to tell fortunes,"未来を占う。","Tell the future."
独占する,どくせんする,to monopolize,"市場を独占する。","Monopolize the market."
老いる,おいる,to age/grow old,"老いることを恐れる。","Fear growing old."
老ける,ふける,to look old,"老けて見える。","Look old."
老舗,しにせ,old/established shop,"老舗の店。","An established shop."
老人,ろうじん,old person,"老人ホーム。","Nursing home."
帯,おび,sash/belt (kimono),"帯を締める。","Tie a kimono sash."
帯グラフ,おびグラフ,band graph/bar graph,"帯グラフで表示する。","Show with a bar graph."
帯る,おびる,to wear/carry/be tinged with,"使命を帯びる。","Be charged with a mission."
携帯電話,けいたいでんわ,mobile phone,"携帯電話を使う。","Use a mobile phone."
熱帯,ねったい,tropics,"熱帯気候。","Tropical climate."
世帯,せたい,household,"世帯数。","Number of households."
伸びる,のびる,to stretch/grow,"背が伸びる。","Grow taller."
伸ばす,のばす,to stretch/extend,"腕を伸ばす。","Stretch one's arm."
伸縮する,しんしゅくする,to expand and contract,"伸縮性のある素材。","Stretchy material."
肩,かた,shoulder,"肩をたたく。","Pat on the shoulder."
肩こり,かたこり,stiff shoulder,"肩こりがひどい。","Severe stiff shoulders."
強肩,きょうけん,strong arm (in sports),"強肩の選手。","A player with a strong arm."
超える,こえる,to exceed/surpass,"限界を超える。","Exceed the limit."
越す,こす,to cross over/move (house),"国境を越す。","Cross the border."
幅,はば,width/range,"道の幅。","Width of the road."
大幅,おおはば,drastic/large,"大幅な値引き。","Large discount."
増幅する,ぞうふくする,to amplify,"音声を増幅する。","Amplify the voice."
干す,ほす,to air/dry,"洗濯物を干す。","Dry the laundry."
梅干し,うめぼし,pickled plum,"梅干しを食べる。","Eat a pickled plum."
干物,ひもの,dried food,"魚の干物。","Dried fish."
若干,じゃっかん,a few/some,"若干の変更がある。","There are some changes."
干ばつ,かんばつ,drought,"干ばつが続く。","The drought continues."
干渉する,かんしょうする,to interfere,"他人の事に干渉する。","Interfere in other people's affairs."
率いる,ひきいる,to lead/command,"チームを率いる。","Lead the team."
投票率,とうひょうりつ,voting rate,"投票率が高い。","The voting rate is high."
確率,かくりつ,probability,"成功の確率。","Probability of success."
停滞する,ていたいする,to stagnate/be stuck,"経済が停滞する。","The economy stagnates."
停電,ていでん,power outage,"停電になる。","There is a power outage."
停止する,ていしする,to stop/halt,"運転を停止する。","Stop operation."
総雨量,そううりょう,total rainfall,"総雨量を計測する。","Measure the total rainfall."
総合,そうごう,comprehensive/overall,"総合的に判断する。","Judge comprehensively."
支える,ささえる,to support/sustain,"家族を支える。","Support the family."
支出,ししゅつ,expenditure/expense,"支出を抑える。","Curb expenditure."
支店,してん,branch office,"銀行の支店。","Bank branch."
支持する,しじする,to support/endorse,"政策を支持する。","Support the policy."
平均,へいきん,average/mean,"平均点。","Average score."
倍,ばい,times/double,"二倍になる。","Become double."
満ちる,みちる,to be full/be filled,"水が満ちる。","The water fills up."
満たす,みたす,to satisfy/fulfill,"条件を満たす。","Satisfy the conditions."
未満,みまん,less than/under,"18歳未満。","Under 18 years old."
満足する,まんぞくする,to be satisfied,"結果に満足する。","Be satisfied with the result."
不満,ふまん,dissatisfaction/complaint,"不満を抱く。","Have a complaint."
含む,ふくむ,to include/contain,"税金を含む。","Include tax."
含有量,がんゆうりょう,content (of a substance),"塩分含有量。","Salt content."
比べる,くらべる,to compare,"他と比べる。","Compare with others."
比較する,ひかくする,to compare,"二つを比較する。","Compare the two."
比較的,ひかくてき,comparatively/relatively,"比較的簡単だ。","It is relatively easy."
迷う,まよう,to be lost/hesitate,"道に迷う。","Get lost."
迷子,まいご,lost child,"迷子になる。","Become a lost child."
低迷する,ていめいする,to be in a slump/stagnate,"景気が低迷する。","The economy is in a slump."
迷惑する,めいわくする,to be troubled/annoyed,"他人に迷惑をかける。","Cause trouble to others."
機械,きかい,machine/opportunity,"精密な機械。","A precise machine."
普及する,ふきゅうする,to spread/become common,"携帯電話が普及する。","Mobile phones become common."
普通,ふつう,ordinary/usual,"普通電車。","Local train (or ordinary train)."
普段,ふだん,usual/ordinary time,"普段着。","Everyday clothes."
移る,うつる,to move/shift,"本社が移る。","The head office moves."
移す,うつす,to move/transfer,"荷物を移す。","Move the luggage."
推移,すいい,transition/change,"人口の推移。","Population transition."
移動する,いどうする,to move/migrate,"席を移動する。","Move seats."
捕まる,つかまる,to be caught/arrested,"犯人が捕まる。","The culprit is caught."
捕まえる,つかまえる,to catch/arrest,"魚を捕まえる。","Catch a fish."
逮捕する,たいほする,to arrest,"容疑者を逮捕する。","Arrest the suspect."
凍る,こおる,to freeze,"水が凍る。","Water freezes."
凍える,こごえる,to be frozen (with cold),"手が凍える。","Hands are frozen (with cold)."
冷凍する,れいとうする,to freeze (food),"食品を冷凍する。","Freeze food."
塗る,ぬる,to paint/spread,"パンにバターを塗る。","Spread butter on bread."
塗装する,とそうする,to paint (professionally),"壁を塗装する。","Paint the wall."
/
香り,かおり,fragrance/smell,"花の香り。","Flower fragrance."
香る,かおる,to smell/be fragrant,"香りの良いお茶。","Fragrant tea."
香水,こうすい,perfume,"香水をつける。","Wear perfume."
地域,ちいき,area/region,"地域の住民。","Local residents."
区域,くいき,district/zone,"制限区域。","Restricted zone."
採る,とる,to adopt/take (a sample),"意見を採る。","Adopt an opinion."
伐採する,ばっさいする,to fell/cut down (trees),"木を伐採する。","Cut down trees."
採用する,さいようする,to adopt/hire,"新しい技術を採用する。","Adopt new technology."
設ける,もうける,to provide/establish,"席を設ける。","Provide seats."
建設する,けんせつする,to construct/build,"ビルを建設する。","Construct a building."
設定する,せっていする,to set up/configure,"アラームを設定する。","Set the alarm."
設備,せつび,equipment/facilities,"最新の設備。","Latest equipment."
恐れる,おそれる,to fear/be afraid of,"失敗を恐れる。","Fear failure."
恐れ,おそれ,fear/risk,"恐れがある。","There is a risk."
恐怖,きょうふ,fear/terror,"恐怖を感じる。","Feel terror."
諸島,しょとう,archipelago/islands,"アリューシャン諸島。","Aleutian Islands."
諸国,しょこく,various countries,"世界諸国。","Countries around the world."
限る,かぎる,to limit/restrict,"女性に限る。","Limited to women."
限り,かぎり,limit/as far as,"力の限り走る。","Run as much as possible."
期限する,きげんする,to limit the term (misuse for 期限/限定),"期限を設ける。","Set a deadline."
限度,げんど,limit/bounds,"限度額。","Limit amount."
限定,げんてい,limitation/restriction,"数量限定。","Limited quantity."
猫舌,ねこじた,sensitive to hot food,"彼は猫舌だ。","He is sensitive to hot food."
招き猫,まねきねこ,beckoning cat figurine,"招き猫を飾る。","Display a *maneki-neko*."
説く,とく,to explain/preach,"仏の教えを説く。","Preach Buddha's teachings."
伝説,でんせつ,legend/folklore,"伝説の人物。","Legendary figure."
説明する,せつめいする,to explain,"理由を説明する。","Explain the reason."
小説,しょうせつ,novel/story,"小説を読む。","Read a novel."
営む,いとなむ,to run (a business)/conduct,"商売を営む。","Run a business."
営み,いとなみ,activity/livelihood,"日々の営み。","Daily activities."
営業中,えいぎょうちゅう,open for business,"営業中の店。","A shop open for business."
経営する,けいえいする,to manage/run (a business),"会社を経営する。","Manage a company."
救う,すくう,to save/rescue,"命を救う。","Save a life."
救助する,きゅうじょする,to rescue/aid,"遭難者を救助する。","Rescue the disaster victims."
救出する,きゅうしゅつする,to rescue/extricate,"人質を救出する。","Rescue the hostage."
祈る,いのる,to pray/wish,"平和を祈る。","Pray for peace."
合格祈願,ごうかくきがん,prayer for success in exams,"合格祈願のお守り。","A charm for passing exams."
球,たま,ball/sphere,"球を投げる。","Throw a ball."
地球,ちきゅう,the Earth,"地球温暖化。","Global warming."
野球,やきゅう,baseball,"野球をする。","Play baseball."
汚い,きたない,dirty/messy,"汚い部屋。","A dirty room."
汚れる,よごれる,to become dirty,"服が汚れる。","Clothes get dirty."
汚す,よごす,to make dirty,"手を汚す。","Make one's hands dirty."
汚染,おせん,pollution/contamination,"大気汚染。","Air pollution."
汚職,おしょく,corruption/graft,"汚職事件。","Corruption case."
汚点,おてん,stain/blemish,"人生の汚点。","A stain on one's life."
群れる,むれる,to flock/gather,"動物が群れる。","Animals gather in groups."
群れ,むれ,group/herd/flock,"鳥の群れ。","A flock of birds."
群がる,むらがる,to swarm/gather,"人が群がる。","People swarm."
群集,ぐんしゅう,crowd/multitude,"群集心理。","Crowd psychology."
大群,たいぐん,large crowd/swarm,"大群で移動する。","Move in a large swarm."
触れる,ふれる,to touch/mention,"ニュースに触れる。","Mention the news."
触る,さわる,to touch/feel,"壁に触る。","Touch the wall."
額,ひたい,forehead/amount (of money),"額を出す。","Expose one's forehead."
半額,はんがく,half price,"半額セール。","Half-price sale."
金額,きんがく,amount of money,"金額を支払う。","Pay the amount."
参る,まいる,to go/come (humble)/visit (shrine),"神社に参る。","Visit a shrine."
参加する,さんかする,to participate,"会議に参加する。","Participate in a meeting."
参考,さんこう,reference,"参考にする。","Use as a reference."
持参する,じさんする,to bring (something) with one,"資料を持参する。","Bring the materials."
責める,せめる,to blame/accuse,"失敗を責める。","Blame the failure."
責任,せきにん,responsibility,"責任を果たす。","Fulfill one's responsibility."
任せる,まかせる,to entrust/leave to,"仕事は彼に任せる。","Leave the work to him."
任務,にんむ,duty/task,"任務を遂行する。","Execute a mission."
担任,たんにん,homeroom teacher,"担任の先生。","Homeroom teacher."
許す,ゆるす,to permit/forgive,"間違いを許す。","Forgive a mistake."
免許,めんきょ,license/permit,"運転免許。","Driver's license."
許可する,きょかする,to permit/approve,"外出を許可する。","Permit going out."
吹く,ふく,to blow,"風が吹く。","The wind blows."
枯れる,かれる,to wither/die (plant),"花が枯れる。","The flower withers."
木枯らし,こがらし,cold winter wind,"木枯らしが吹く。","A cold winter wind blows."
枯れ葉,かれは,dead leaf,"枯れ葉が舞う。","Dead leaves dance."
波,なみ,wave,"海の波。","Ocean waves."
電波,でんぱ,radio wave/signal,"電波が届かない。","The signal doesn't reach."
波紋,はもん,ripple/repercussion,"波紋が広がる。","Ripples spread."
偶然,ぐうぜん,by chance/coincidence,"偶然の出会い。","A chance encounter."
偶数,ぐうすう,even number,"偶数を選ぶ。","Choose an even number."
配偶者,はいぐうしゃ,spouse/partner,"配偶者の有無。","Presence of a spouse."
余る,あまる,to be left over/remain,"時間が余る。","Time is left over."
余り,あまり,remainder/excess,"余りのパン。","The remaining bread."
余計,よけい,unnecessary/too much,"余計な一言。","An unnecessary word."
余裕,よゆう,leeway/room/spare time,"時間に余裕がある。","There's spare time."
久しぶり,ひさしぶり,for the first time in a long time,"久しぶりの再会。","Reunion after a long time."
耐久性,たいきゅうせい,durability,"耐久性が高い。","High durability."
持久力,じきゅうりょく,endurance/stamina,"持久力をつける。","Build up stamina."
永久,えいきゅう,permanence/eternity,"永久不滅。","Eternal and immutable."
永遠,えいえん,eternity,"永遠の愛。","Eternal love."
砂,すな,sand,"砂遊び。","Playing with sand."
砂浜,すなはま,sandy beach,"砂浜を歩く。","Walk on the sandy beach."
砂漠,さばく,desert,"砂漠を横断する。","Cross the desert."
砂糖,さとう,sugar,"砂糖を入れる。","Add sugar."
土砂,どしゃ,earth and sand,"土砂崩れ。","Landslide."
大陸,たいりく,continent,"ユーラシア大陸。","Eurasian continent."
陸上,りくじょう,land/track and field,"陸上競技。","Track and field events."
泉,いずみ,spring/fountain,"温泉が湧き出る。","Hot springs gush out."
温泉,おんせん,hot spring,"温泉に入る。","Go into a hot spring."
湾岸,わんがん,bay area/coast,"湾岸道路。","Bay shore road."
岸辺,きしべ,bank/shore,"岸辺に立つ。","Stand on the shore."
海岸,かいがん,coast/seashore,"美しい海岸。","Beautiful coast."
中洲,なかす,sandbank/islet in a river,"川の中洲。","Sandbank in a river."
九州,きゅうしゅう,Kyushu (island),"九州地方。","Kyushu region."
極める,きわめる,to master/pursue to the extreme,"技術を極める。","Master a technique."
南極,なんきょく,South Pole/Antarctic,"南極探検。","Antarctic expedition."
消極的,しょうきょくてき,negative/passive,"消極的な態度。","Passive attitude."
極楽,ごくらく,paradise/nirvana,"極楽浄土。","Pure Land (Paradise)."
川,かわ,river,"川で泳ぐ。","Swim in the river."
河川,かせん,rivers,"河川敷。","Riverbed."
河口,かこう,river mouth,"川の河口。","River mouth."
氷河,ひょうが,glacier,"氷河期。","Ice age."
湖,みずうみ,lake,"湖畔を散歩する。","Walk along the lakeshore."
河口湖,かわぐちこ,Lake Kawaguchi,"河口湖のほとり。","On the shore of Lake Kawaguchi."
屋根,やね,roof,"屋根を修理する。","Repair the roof."
大根,だいこん,radish,"大根おろし。","Grated radish."
根気がある,こんきがある,to be persistent/have patience,"根気がある人。","A persistent person."
根拠,こんきょ,basis/grounds,"根拠を示す。","Show the grounds."
枝,えだ,branch/twig,"木の枝。","Tree branch."
植える,うえる,to plant,"木を植える。","Plant a tree."
植木,うえき,potted plant/garden tree,"植木の手入れ。","Care for potted plants."
植物,しょくぶつ,plant/vegetation,"植物園。","Botanical garden."
移植する,いしょくする,to transplant,"臓器を移植する。","Transplant an organ."
太陽,たいよう,sun,"太陽の光。","Sunlight."
炭,すみ,charcoal,"炭火焼き。","Charcoal grill."
/
二酸化炭素,にさんかたんそ,carbon dioxide,"二酸化炭素の排出。","Carbon dioxide emissions."
除く,のぞく,to exclude/remove,"一部を除く。","Excluding a part."
除外する,じょがいする,to exclude,"候補から除外する。","Exclude from the candidates."
解除する,かいじょする,to cancel/release,"ロックを解除する。","Release the lock."
掃除する,そうじする,to clean,"部屋を掃除する。","Clean the room."
その他,そのた,others/otherwise,"その他大勢。","All the others."
他人,たにん,other person/stranger,"他人事。","Someone else's problem."
略語,りゃくご,abbreviation/acronym,"アルファベットの略語。","Alphabetical abbreviation."
略す,りゃくす,to abbreviate/omit,"名前を略す。","Abbreviate the name."
省略する,しょうりゃくする,to omit/abbreviate,"一部を省略する。","Omit a part."
基づく,もとづく,to be based on,"事実に基づいて話す。","Speak based on facts."
基本,きほん,foundation/basis,"基本を学ぶ。","Learn the basics."
基準,きじゅん,standard/criteria,"基準を満たす。","Meet the criteria."
基礎,きそ,foundation/basis,"基礎工事。","Foundation work."
標語,ひょうご,slogan/motto,"安全標語。","Safety slogan."
目標,もくひょう,goal/target,"目標を達成する。","Achieve the goal."
標準,ひょうじゅん,standard/level,"標準語。","Standard language."
一秒,いちびょう,one second,"一秒を争う。","Race against the clock."
入学式,にゅうがくしき,entrance ceremony,"大学の入学式。","University entrance ceremony."
卒業式,そつぎょうしき,graduation ceremony,"高校の卒業式。","High school graduation ceremony."
形式,けいしき,form/format,"形式的な挨拶。","Formal greeting."
祝う,いわう,to celebrate/congratulate,"誕生日を祝う。","Celebrate a birthday."
祝日,しゅくじつ,public holiday,"国民の祝日。","National holiday."
双子,ふたご,twins,"双子の姉妹。","Twin sisters."
双方,そうほう,both parties,"双方の意見を聞く。","Listen to both sides' opinions."
到る,いたる,to reach/arrive at,"結論に至る。","Arrive at a conclusion."
到着する,とうちゃくする,to arrive,"駅に到着する。","Arrive at the station."
到達する,とうたつする,to reach/attain,"目標に到達する。","Reach the goal."
肯定する,こうていする,to affirm/confirm,"肯定的な返事。","Affirmative reply."
否定する,ひていする,to deny/negate,"事実を否定する。","Deny the facts."
拒否する,きょひする,to refuse/reject,"要求を拒否する。","Refuse a request."
安否,あんぴ,safety/well-being,"安否を確認する。","Confirm safety."
一般的,いっぱんてき,general/common,"一般的な意見。","General opinion."
疑う,うたがう,to doubt/suspect,"彼の言葉を疑う。","Doubt his words."
疑問,ぎもん,doubt/question,"疑問に思う。","Have a doubt."
容疑者,ようぎしゃ,suspect,"容疑者を特定する。","Identify the suspect."
疑惑,ぎわく,suspicion/distrust,"疑惑の目。","Suspicious look."
命令する,めいれいする,to order/command,"退去を命令する。","Order to leave."
批判する,ひはんする,to criticize,"政府を批判する。","Criticize the government."
批評する,ひひょうする,to review/critique,"作品を批評する。","Critique a work."
評論,ひょうろん,critique/commentary,"文学評論。","Literary commentary."
評価する,ひょうかする,to evaluate/assess,"能力を評価する。","Evaluate ability."
評判,ひょうばん,reputation,"評判の良いレストラン。","A restaurant with a good reputation."
論文,ろんぶん,thesis/paper,"卒業論文。","Graduation thesis."
議論する,ぎろんする,to discuss/debate,"問題について議論する。","Discuss the problem."
述べる,のべる,to state/express,"意見を述べる。","State one's opinion."
記述する,きじゅつする,to describe/write down,"状況を記述する。","Describe the situation."
感想,かんそう,impression/thoughts,"感想を述べる。","Give one's impression."
予想する,よそうする,to expect/predict,"結果を予想する。","Predict the result."
想像する,そうぞうする,to imagine,"未来を想像する。","Imagine the future."
愛想,あいそ,friendliness/sociability,"愛想が良い。","Be friendly."
接ぐ,つぐ,to join/solder,"線を接ぐ。","Join the wires."
接続し,せつぞくし,conjunction,"接続詞を使う。","Use a conjunction."
接する,せっする,to contact/touch/border on,"お客様に接する。","Attend to customers."
直接,ちょくせつ,direct/immediate,"直接会う。","Meet directly."
硬い,かたい,hard/stiff,"硬いパン。","Hard bread."
硬貨,こうか,coin,"硬貨を使う。","Use a coin."
柔らかい,やわらかい,soft/tender,"柔らかい布団。","Soft futon."
柔軟,じゅうなん,flexible/softness,"柔軟に対応する。","Respond flexibly."
巻く,まく,to roll/wind,"マフラーを巻く。","Wrap a scarf."
海苔巻き,のりまき,sushi roll,"海苔巻きを食べる。","Eat a sushi roll."
三巻,さんかん,three volumes,"全三巻の小説。","A novel in three volumes."
巻末,かんまつ,end of the book,"巻末の資料。","Materials at the end of the book."
三冊,さんさつ,three books,"三冊の本。","Three books."
短冊,たんざく,long, narrow strip of paper,"短冊に願い事を書く。","Write a wish on a strip of paper."
匹敵する,ひってきする,to be a match for/be equal to,"プロに匹敵する腕前。","Skill matching a professional."
杯,はい,cup/counter for cups/glasses,"お茶を一杯飲む。","Drink a cup of tea."
乾杯する,かんぱいする,to toast (cheers),"乾杯の音頭を取る。","Lead the toast."
三粒,さんつぶ,three grains/drops,"米を三粒食べる。","Eat three grains of rice."
大粒,おおつぶ,large grain/drop,"大粒の涙。","Large drops of tears."
粒子,りゅうし,particle/grain,"微細な粒子。","Fine particles."
滴,しずく,drop (of liquid),"雨の滴。","Raindrop."
滴る,したたる,to drip/trickle,"水が滴る。","Water drips."
点滴,てんてき,intravenous drip/drops,"点滴を受ける。","Receive an IV drip."
泊まる,とまる,to stay overnight,"ホテルに泊まる。","Stay at a hotel."
宿泊,しゅくはく,lodging/accommodation,"宿泊施設。","Accommodation facility."
軒並み,のきなみ,row of houses/uniformly,"軒並み値上げする。","Raise prices across the board."
二軒,にけん,two houses/establishments,"二軒隣の家。","The house two doors down."
芸術,げいじゅつ,art/fine arts,"現代芸術。","Contemporary art."
芸能人,げいのうじん,performer/celebrity,"有名な芸能人。","Famous celebrity."
演劇,えんげき,play/drama,"演劇を見る。","Watch a play."
演技する,えんぎする,to act/perform,"素晴らしい演技。","Wonderful acting."
公園,こうえん,park,"公園で遊ぶ。","Play in the park."
劇場,げきじょう,theater,"劇場に行く。","Go to the theater."
悲劇,ひげき,tragedy,"悲劇的な結末。","Tragic ending."
劇薬,げきやく,powerful medicine/poison,"劇薬注意。","Caution: powerful medicine."
武道,ぶどう,martial arts,"日本の武道。","Japanese martial arts."
武士,ぶし,samurai/warrior,"武士の精神。","Samurai spirit."
武器,ぶき,weapon,"武器を捨てる。","Lay down weapons."
柔らかい,やわらかい,soft/tender,"柔らかな光。","Soft light."
柔道,じゅうどう,Judo,"柔道を習う。","Learn Judo."
尊い,とうとい,precious/valuable,"尊い命。","Precious life."
尊い,たっとい,precious/valuable (used formally),"尊い教え。","Valuable teaching."
尊敬する,そんけいする,to respect,"先生を尊敬する。","Respect the teacher."
尊重する,そんちょうする,to respect/value,"意見を尊重する。","Respect opinions."
敬う,うやまう,to respect/honor,"神を敬う。","Revere God."
敬語,けいご,honorific language,"敬語を使う。","Use honorific language."
御中,おんちゅう,attention (used for organizations),"会社御中。","To the company (Attention)."
召し上がる,めしあがる,to eat/drink (honorific),"どうぞ召し上がれ。","Please eat/drink (honorific)."
召集する,しょうしゅうする,to summon/convene,"国会を召集する。","Convene the Diet."
拝む,おがむ,to worship/bow in prayer,"仏像を拝む。","Worship a Buddhist statue."
拝見する,はいけんする,to look at (humble),"資料を拝見する。","Look at the documents (humble)."
承る,うけたまわる,to receive (humble)/hear (humble),"ご注文を承る。","Receive your order (humble)."
承知する,しょうちする,to know/consent (formal),"承知いたしました。","I understand (formal)."
頂く,いただく,to receive (humble)/eat/drink (humble),"お土産を頂く。","Receive a souvenir (humble)."
山の頂,やまのいただき,summit/peak of a mountain,"山の頂を目指す。","Aim for the mountaintop."
頂上,ちょうじょう,summit/top,"頂上に着く。","Reach the summit."
頂点,ちょうてん,peak/vertex,"人気の頂点。","Peak of popularity."
/
震える,ふるえる,to tremble/shake,"手が震える。","Hands tremble."
地震,じしん,earthquake,"地震が起きる。","An earthquake occurs."
燃える,もえる,to burn/be passionate,"ゴミが燃える。","Trash burns."
燃やす,もやす,to burn/light,"薪を燃やす。","Burn firewood."
燃料,ねんりょう,fuel,"燃料補給。","Refueling."
可燃ごみ,かねんごみ,burnable trash,"可燃ごみの袋。","Bag for burnable trash."
灰,はい,ash/cinder,"タバコの灰。","Cigarette ash."
火山灰,かざんばい,volcanic ash,"火山灰が降る。","Volcanic ash falls."
灰皿,はいざら,ashtray,"灰皿を出す。","Put out an ashtray."
石灰,せっかい,lime/calcium,"石灰岩。","Limestone."
伸びる,のびる,to stretch/grow,"身長が伸びる。","Height grows."
伸ばす,のばす,to stretch/extend,"髪を伸ばす。","Grow one's hair long."
延期する,えんきする,to postpone/defer,"会議を延期する。","Postpone the meeting."
延長する,えんちょうする,to extend/prolong,"時間を延長する。","Extend the time."
遅延証明書,ちえんしょうめいしょ,delay certificate,"遅延証明書をもらう。","Get a delay certificate."
死ぬ,しぬ,to die,"花が死ぬ。","The flower dies."
死者,ししゃ,the dead/casualty,"死者が出る。","There are casualties."
死亡する,しぼうする,to die/pass away,"事故で死亡する。","Die in an accident."
適切,てきせつ,appropriate/suitable,"適切なアドバイス。","Appropriate advice."
適する,てきする,to suit/be appropriate,"この仕事に適する。","Be suitable for this job."
適当,てきとう,suitable/proper/careless (context dependent),"適当な返事をする。","Give a careless reply."
勢い,いきおい,vigor/momentum,"勢いがある。","Have vigor."
姿勢,しせい,posture/attitude,"良い姿勢。","Good posture."
勢力,せいりょく,influence/power,"勢力が拡大する。","Influence expands."
大勢,おおぜい,great number of people,"大勢の観客。","A large crowd of spectators."
布団,ふとん,futon/bedding,"布団を敷く。","Lay out a futon."
団体,だんたい,organization/group,"観光団体。","Tourist group."
集団,しゅうだん,group/mass,"集団行動。","Group behavior."
高層ビル,こうそうビル,high-rise building,"高層ビルが立ち並ぶ。","High-rise buildings line up."
地層,ちそう,stratum/geological layer,"地層を調べる。","Examine the geological layers."
夢,ゆめ,dream,"夢を見る。","Have a dream."
夢中,むちゅう,absorbed in/obsessed with,"ゲームに夢中だ。","Absorbed in the game."
悪夢,あくむ,nightmare,"悪夢にうなされる。","Suffer from a nightmare."
住宅,じゅうたく,housing/residence,"住宅街。","Residential area."
自宅,じたく,one's own home,"自宅に帰る。","Return to one's own home."
帰宅する,きたくする,to return home,"夜遅く帰宅する。","Return home late at night."
照る,てる,to shine (sun),"日が照る。","The sun shines."
照らす,てらす,to illuminate/shine on,"ライトで照らす。","Shine with a light."
日照り,ひでり,drought/dry weather,"日照りが続く。","The drought continues."
照明,しょうめい,lighting/illumination,"照明をつける。","Turn on the lighting."
巨大,きょだい,huge/gigantic,"巨大な像。","A gigantic statue."
巨人,きょじん,giant,"巨人の星。","Star of the Giants (famous manga)."
改める,あらためる,to change/correct/reform,"態度を改める。","Change one's attitude."
改札口,かいさつぐち,ticket gate,"改札口を通る。","Pass through the ticket gate."
倒れる,たおれる,to fall down/collapse,"木が倒れる。","A tree falls down."
倒す,たおす,to knock down/defeat,"敵を倒す。","Defeat the enemy."
転倒する,てんとうする,to fall over/tumble,"階段で転倒する。","Fall over on the stairs."
倒産する,とうさんする,to go bankrupt,"会社が倒産する。","The company goes bankrupt."
庭,にわ,garden/yard,"庭で遊ぶ。","Play in the garden."
家庭,かてい,home/household,"幸せな家庭。","A happy family."
薄い,うすい,thin/light (color/taste),"薄い紙。","Thin paper."
薄れる,うすれる,to fade/become faint,"記憶が薄れる。","Memories fade."
薄情,はくじょう,cold-hearted/unfeeling,"薄情な人。","A cold-hearted person."
灯,ひ,light/lamp,"灯をともす。","Light a lamp."
懐中電灯,かいちゅうでんとう,flashlight,"懐中電灯を持つ。","Hold a flashlight."
灯台,とうだい,lighthouse,"灯台の光。","Lighthouse beam."
街灯,がいとう,street light,"街灯の下。","Under the street light."
お互い,おたがい,each other/mutually,"お互い助け合う。","Help each other."
交互,こうご,alternate/reciprocal,"交互に並ぶ。","Line up alternately."
交互に,こうごに,alternately,"交互に進む。","Advance alternately."
破る,やぶる,to tear/break (promise/rule),"約束を破る。","Break a promise."
破れる,やぶれる,to be torn/break,"紙が破れる。","Paper is torn."
破壊する,はかいする,to destroy,"建物を破壊する。","Destroy a building."
破産する,はさんする,to go bankrupt,"会社が破産する。","The company goes bankrupt."
片方,かたほう,one side/one of a pair,"片方だけ残る。","Only one side remains."
片道,かたみち,one way (trip),"片道切符。","One-way ticket."
片付け,かたづけ,tidying up/cleaning up,"部屋の片付け。","Tidying up the room."
破片,はへん,fragment/splinter,"ガラスの破片。","Glass fragment."
完全,かんぜん,perfect/complete,"完全に理解する。","Understand completely."
完成する,かんせいする,to complete/finish,"作品が完成する。","The work is completed."
傾く,かたむく,to lean/incline,"建物が傾く。","The building leans."
傾ける,かたむける,to lean/incline (something),"耳を傾ける。","Lend an ear."
傾向,けいこう,tendency/trend,"最近の傾向。","Recent trend."
損なう,そこなう,to harm/damage,"健康を損なう。","Harm one's health."
損ねる,そこねる,to injure/damage,"機嫌を損ねる。","Offend someone's mood."
損,そん,loss/disadvantage,"損をする。","Suffer a loss."
損失,そんしつ,loss (financial),"大きな損失。","A large loss."
領収書,りょうしゅうしょ,receipt,"領収書をもらう。","Get a receipt."
領土,りょうど,territory/dominion,"領土問題。","Territorial issue."
収まる,おさまる,to be settled/contained,"問題が収まる。","The problem is settled."
収める,おさめる,to obtain/store/pay,"成果を収める。","Achieve results."
収入,しゅうにゅう,income/revenue,"安定した収入。","Stable income."
年収,ねんしゅう,annual income,"年収が高い。","Annual income is high."
終了する,しゅうりょうする,to end/finish,"会議が終了する。","The meeting ends."
了解する,りょうかいする,to understand/acknowledge,"了解しました。","I understood/acknowledged."
洗濯する,せんたくする,to wash (clothes),"洗濯物を干す。","Dry the laundry."
洗濯する,せんたくする,to wash (clothes),"洗濯機。","Washing machine."
掃く,はく,to sweep,"床を掃く。","Sweep the floor."
掃除する,そうじする,to clean,"掃除機。","Vacuum cleaner."
家賃,やちん,rent (house),"家賃を払う。","Pay the rent."
賃貸,ちんたい,lease/renting,"賃貸マンション。","Rental apartment."
運賃,うんちん,fare/freight rate,"電車の運賃。","Train fare."
築く,きずく,to build/construct/establish,"信頼関係を築く。","Build a relationship of trust."
建築する,けんちくする,to build/construct,"建物を建築する。","Construct a building."
徒歩,とほ,on foot,"徒歩で移動する。","Travel on foot."
生徒,せいと,student/pupil,"高校生。","High school student."
畳,たたみ,tatami mat,"畳の部屋。","Tatami room."
畳む,たたむ,to fold,"洗濯物を畳む。","Fold the laundry."
六畳,ろくじょう,six tatami mats (size),"六畳の部屋。","Six-tatami-mat room."
床,ゆか,floor,"床に座る。","Sit on the floor."
床屋,とこや,barber shop,"床屋に行く。","Go to the barber shop."
起床する,きしょうする,to wake up/get out of bed,"毎朝6時に起床する。","Wake up at 6 every morning."
壁,かべ,wall,"壁に絵をかける。","Hang a picture on the wall."
柱,はしら,pillar/post,"家の柱。","Pillar of the house."
電柱,でんちゅう,utility pole,"電柱にぶつかる。","Hit a utility pole."
窓,まど,window,"窓を開ける。","Open the window."
窓口,まどぐち,ticket window/counter,"銀行の窓口。","Bank counter."
中央,ちゅうおう,center/middle,"中央広場。","Central plaza."
隅,すみ,corner/nook,"部屋の隅。","Corner of the room."
片隅,かたすみ,corner/nook,"教室の片隅。","Corner of the classroom."
/
故に,ゆえに,therefore/consequently (formal),"故に、結論を出す。","Therefore, draw a conclusion."
事故,じこ,accident,"交通事故。","Traffic accident."
故郷,こきょう,hometown/birthplace,"故郷に帰る。","Return to hometown."
省みる,かえりみる,to reflect/look back,"過去を省みる。","Reflect on the past."
省く,はぶく,to omit/eliminate,"無駄を省く。","Eliminate waste."
反省する,はんせいする,to reflect/regret,"反省の色を示す。","Show signs of regret."
省略する,しょうりゃくする,to omit/abbreviate,"一部を省略する。","Omit a part."
警察官,けいさつかん,police officer,"警察官になる。","Become a police officer."
長官,ちょうかん,chief/director/secretary,"長官に報告する。","Report to the director."
憎み,にくしみ,hatred/enmity,"憎しみを抱く。","Hold hatred."
憎しみ,にくしみ,hatred/enmity,"憎しみを乗り越える。","Overcome hatred."
憎悪する,ぞうおする,to hate/detest,"憎悪の念。","Feeling of hatred."
戦う,たたかう,to fight/battle,"敵と戦う。","Fight the enemy."
戦い,たたかい,battle/fight,"激しい戦い。","Fierce battle."
戦争する,せんそうする,to wage war,"戦争が起こる。","War breaks out."
愛する,あいする,to love,"家族を愛する。","Love one's family."
恋愛,れんあい,romantic love,"恋愛関係。","Romantic relationship."
勇ましい,いさましい,brave/courageous,"勇ましい姿。","Brave appearance."
勇気,ゆうき,courage/bravery,"勇気を出す。","Mustering up courage."
研ぐ,とぐ,to sharpen/polish,"包丁を研ぐ。","Sharpen a kitchen knife."
研究する,けんきゅうする,to research/study,"新しい分野を研究する。","Research a new field."
究める,きわめる,to master/pursue to the extreme,"真理を究める。","Pursue the truth to the extreme."
指輪,ゆびわ,ring,"指輪をはめる。","Wear a ring."
車輪,しゃりん,wheel,"車の車輪。","Car wheel."
想像する,そうぞうする,to imagine,"未来を想像する。","Imagine the future."
画像,がぞう,image/picture,"写真画像。","Photographic image."
映像,えいぞう,video/image (on screen),"テレビの映像。","TV image."
複雑,ふくざつ,complex/complicated,"複雑な問題。","A complicated problem."
複数,ふくすう,plural/multiple,"複数の意見。","Multiple opinions."
混雑,こんざつ,crowd/congestion,"駅の混雑。","Station congestion."
雑誌,ざっし,magazine,"週刊誌。","Weekly magazine."
構う,かまう,to mind/care about/interfere,"気に構わない。","Don't mind it."
構造,こうぞう,structure/construction,"建物の構造。","Building structure."
構成,こうせい,composition/organization,"グループの構成。","Group composition."
結構,けっこう,splendid/enough/quite,"結構です。","No, thank you/That's fine."
造る,つくる,to make/build/create,"家を造る。","Build a house."
木造,もくぞう,wooden construction,"木造建築。","Wooden architecture."
造船,ぞうせん,shipbuilding,"造船業。","Shipbuilding industry."
文章,ぶんしょう,sentence/writing,"長い文章。","A long sentence."
条件,じょうけん,condition/term,"採用条件。","Employment condition."
皆勤賞,かいきんしょう,perfect attendance prize,"皆勤賞をもらう。","Receive a perfect attendance prize."
賞金,しょうきん,prize money,"賞金を獲得する。","Win prize money."
務める,つとめる,to serve/work for,"社長を務める。","Serve as president."
努力する,どりょくする,to make an effort,"努力が実を結ぶ。","Effort bears fruit."
宇宙,うちゅう,universe/space,"宇宙旅行。","Space travel."
悩む,なやむ,to worry/be troubled,"進路に悩む。","Worry about one's career path."
宙返りする,ちゅうがえりする,to somersault,"宙返りを決める。","Perform a somersault."
苦悩する,くのうする,to be distressed/suffer,"苦悩に満ちた日々。","Days full of suffering."
幸福,こうふく,happiness/bliss,"幸福な人生。","A happy life."
福祉,ふくし,welfare/well-being,"社会福祉。","Social welfare."
恋,こい,love (romantic attraction),"初恋。","First love."
恋しい,こいしい,miss (someone/something),"故郷が恋しい。","I miss my hometown."
恋愛する,れんあいする,to love (romantically),"恋愛小説。","Romance novel."
善い,よい,good/nice,"善い行い。","Good deed."
改善する,かいぜんする,to improve/better,"生活を改善する。","Improve one's lifestyle."
善悪,ぜんあく,good and evil,"善悪の判断。","Judgment of good and evil."
医者,いしゃ,doctor/physician,"医者にかかる。","See a doctor."
医師,いし,doctor/physician,"経験豊富な医師。","Experienced physician."
医学,いがく,medical science,"医学の進歩。","Progress in medical science."
医療,いりょう,medical care,"医療費。","Medical expenses."
治療する,ちりょうする,to treat (illness),"病気を治療する。","Treat an illness."
髪,かみ,hair,"髪を切る。","Cut one's hair."
頭髪,とうはつ,hair (on head),"頭髪検査。","Hair check."
髪の毛,かみのけ,hair,"髪の毛が長い。","Hair is long."
毛布,もうふ,blanket,"毛布をかける。","Cover with a blanket."
鼻,はな,nose,"鼻が高い。","Have a prominent nose."
耳鼻科,じびか,otolaryngology/ENT,"耳鼻科に行く。","Go to the ENT doctor."
歯医者,はいしゃ,dentist,"歯医者に行く。","Go to the dentist."
歯科,しか,dentistry/dental clinic,"歯科医院。","Dental clinic."
骨,ほね,bone,"骨折する。","Break a bone."
骨折する,こっせつする,to break a bone,"腕を骨折する。","Break one's arm."
骨董品,こっとうひん,antique,"骨董品を集める。","Collect antiques."
腕,うで,arm/skill,"腕を組む。","Fold one's arms."
腕力,わんりょく,physical strength,"腕力に頼る。","Rely on physical strength."
胸,むね,chest/breast,"胸を張る。","Throw out one's chest."
胸騒ぎ,むなさわぎ,uneasiness/premonition,"胸騒ぎがする。","Have a premonition."
胸囲,きょうい,chest measurement,"胸囲を測る。","Measure chest circumference."
度胸,どきょう,courage/guts,"度胸がある。","Have guts."
胃腸,いちょう,stomach and intestines,"胃腸が弱い。","Have a weak stomach."
胃痛,いつう,stomachache,"胃痛がする。","Have a stomachache."
腰,こし,waist/lower back,"腰をかがめる。","Bend at the waist."
腰痛,ようつう,lumbago/lower back pain,"腰痛持ち。","Suffer from lower back pain."
皮膚,ひふ,skin,"皮膚科。","Dermatology."
涙,なみだ,tear,"涙を流す。","Shed tears."
涙ぐみ,なみだぐみ,teary-eyed,"涙ぐむ。","Be teary-eyed."
涙腺,るいせん,tear gland,"涙腺が緩む。","Tear glands loosen up (get emotional)."
汗,あせ,sweat,"汗をかく。","Sweat."
汗ばむ,あせばむ,to be sweaty/moist with sweat,"額が汗ばむ。","Forehead is moist with sweat."
発汗する,はっかんする,to sweat,"運動で発汗する。","Sweat from exercise."
血液,けつえき,blood,"血液検査。","Blood test."
液体,えきたい,liquid/fluid,"透明な液体。","A transparent liquid."
銅像,どうぞう,bronze statue,"偉人の銅像。","Bronze statue of a great person."
符号,ふごう,sign/code,"符号をつける。","Add a sign/code."
切符,きっぷ,ticket,"切符を買う。","Buy a ticket."
/
百貨店,ひゃっかてん,department store,"百貨店で買い物をする。","Shop at a department store."
通貨,つうか,currency,"外国通貨。","Foreign currency."
販売する,はんばいする,to sell/market,"商品を販売する。","Sell products."
詰まる,つまる,to be blocked/clogged,"道が詰まる。","The road is blocked."
缶詰,かんづめ,canned food,"魚の缶詰。","Canned fish."
詰問する,きつもんする,to question closely/press,"真実を詰問する。","Press for the truth."
民,たみ,people/nation,"国民の民意。","Will of the people."
国民,こくみん,citizen/national,"国民の義務。","Citizen's duty."
住民票,じゅうみんひょう,resident registration,"住民票を移す。","Transfer resident registration."
発展する,はってんする,to develop/expand,"経済が発展する。","The economy develops."
展覧会,てんらんかい,exhibition/display,"絵画の展覧会。","Painting exhibition."
競う,きそう,to compete/contend,"速さを競う。","Compete on speed."
競る,せる,to compete/bid,"オークションで競る。","Bid at an auction."
競争する,きょうそうする,to compete/race,"競争が激しい。","Competition is fierce."
競技,きょうぎ,game/match/competition,"スポーツ競技。","Sports competition."
競馬,けいば,horse racing,"競馬場。","Horse race track."
争う,あらそう,to quarrel/contend,"意見を争う。","Contend opinions."
紛争,ふんそう,dispute/conflict,"領土紛争。","Territorial dispute."
経る,へる,to pass (time)/go through (process),"数年経る。","A few years pass."
経済,けいざい,economy,"経済成長。","Economic growth."
経由する,けいゆする,to go via/pass through,"東京経由で大阪に行く。","Go to Osaka via Tokyo."
お経,おきょう,sutra (Buddhist scripture),"お経を読む。","Read a sutra."
済む,すむ,to finish/be completed,"仕事が済む。","The work is finished."
済ませる,すませる,to finish/complete,"食事を済ませる。","Finish a meal."
返済する,へんさいする,to repay/reimburse,"借金を返済する。","Repay a debt."
協力する,きょうりょくする,to cooperate,"皆で協力する。","Cooperate together."
協議する,きょうぎする,to consult/discuss,"問題について協議する。","Discuss the problem."
貿易,ぼうえき,trade,"貿易協定。","Trade agreement."
給料,きゅうりょう,salary/wages,"給料が上がる。","Salary increases."
月給,げっきゅう,monthly salary,"月給をもらう。","Receive monthly salary."
求める,もとめる,to seek/request/ask for,"助けを求める。","Ask for help."
求人,きゅうじん,job offer/recruitment,"求人広告。","Job advertisement."
要求する,ようきゅうする,to demand/request,"要求に応じる。","Respond to a request."
募る,つのる,to solicit/recruit/grow strong,"寄付を募る。","Solicit donations."
募集する,ぼしゅうする,to recruit/collect,"参加者を募集する。","Recruit participants."
途中,とちゅう,on the way/midway,"途中でやめる。","Stop midway."
中途採用,ちゅうとさいよう,mid-career hiring,"中途採用で入社する。","Join the company through mid-career hiring."
週刊誌,しゅうかんし,weekly magazine,"週刊誌を読む。","Read a weekly magazine."
雑誌,ざっし,magazine,"雑誌の付録。","Magazine supplement."
著す,あらわす,to write/publish,"本を著す。","Write a book."
著者,ちょしゃ,author/writer,"本の著者。","Author of the book."
出版する,しゅっぱんする,to publish,"本を出版する。","Publish a book."
編集する,へんしゅうする,to edit/compile,"記事を編集する。","Edit an article."
編む,あむ,to knit/weave/compile,"セーターを編む。","Knit a sweater."
編み物,あみもの,knitting/knitwear,"編み物が趣味。","Knitting is a hobby."
短編小説,たんぺんしょうせつ,short story,"短編小説を読む。","Read a short story."
操る,あやつる,to manipulate/handle,"機械を操る。","Operate a machine."
操作する,そうさする,to operate/handle,"パソコンを操作する。","Operate a computer."
体操する,たいそうする,to exercise/do gymnastics,"ラジオ体操。","Radio calisthenics."
換える,かえる,to exchange/substitute,"お金を換える。","Exchange money."
変換する,へんかんする,to convert/change,"データを変換する。","Convert data."
交換する,こうかんする,to exchange/replace,"意見を交換する。","Exchange opinions."
換気する,かんきする,to ventilate,"部屋を換気する。","Ventilate the room."
管,くだ,pipe/tube,"水道の管。","Water pipe."
管理する,かんりする,to manage/supervise,"建物を管理する。","Manage a building."
血管,けっかん,blood vessel,"血管が詰まる。","Blood vessel is blocked."
水道管,すいどうかん,water pipe,"水道管の工事。","Water pipe construction."
処理する,しょりする,to process/handle,"データを処理する。","Process data."
処分する,しょぶんする,to dispose of/deal with,"ゴミを処分する。","Dispose of trash."
拡大する,かくだいする,to expand/magnify,"写真を拡大する。","Enlarge a photo."
刷る,する,to print,"ポスターを刷る。","Print a poster."
印刷する,いんさつする,to print,"書類を印刷する。","Print documents."
翌日,よくじつ,next day,"翌日に出発する。","Depart the next day."
農業,のうぎょう,agriculture/farming,"農業に従事する。","Engage in agriculture."
酪農,らくのう,dairy farming,"酪農を営む。","Run a dairy farm."
漁業,ぎょぎょう,fishing industry,"漁業が盛んだ。","The fishing industry is thriving."
漁港,ぎょこう,fishing port,"小さな漁港。","A small fishing port."
漁船,ぎょせん,fishing boat,"漁船に乗る。","Ride a fishing boat."
畜産業,ちくさんぎょう,livestock farming,"畜産業を学ぶ。","Study livestock farming."
鉱業,こうぎょう,mining industry,"鉱業が衰退する。","The mining industry declines."
鉱山,こうざん,mine,"金鉱山。","Gold mine."
政,まつりごと,politics/government (archaic/formal),"国の政。","The nation's government."
政治,せいじ,politics/government,"政治に参加する。","Participate in politics."
政府,せいふ,government,"日本政府。","Japanese government."
権利,けんり,right/privilege,"人権。","Human rights."
選挙権,せんきょけん,right to vote,"選挙権を行使する。","Exercise the right to vote."
政党,せいとう,political party,"与党。","Ruling party."
大臣,だいじん,minister/cabinet member,"外務大臣。","Minister of Foreign Affairs."
都庁,とちょう,Tokyo Metropolitan Government office,"都庁に行く。","Go to the Tokyo Metropolitan Government office."
委ねる,ゆだねる,to entrust/commit,"全てを運命に委ねる。","Entrust everything to fate."
委員,いいん,committee member,"委員長。","Committee chairman."
全員,ぜんいん,everyone/all members,"全員出席。","Everyone is present."
社員,しゃいん,company employee,"会社の社員。","Company employee."
会社員,かいしゃいん,company employee,"会社員として働く。","Work as a company employee."
補う,おぎなう,to compensate/supplement,"不足を補う。","Supplement the shortage."
補佐する,ほさする,to assist/aid,"社長を補佐する。","Assist the president."
補欠,ほけつ,substitute/alternate,"補欠選手。","Substitute player."
零点,れいてん,zero points,"試験で零点を取る。","Get zero points on the exam."
/
荒らす,あらす,to lay waste/devastate,"部屋を荒らす。","Mess up the room."
荒い,あらい,rough/rude,"言葉遣いが荒い。","Rough language."
荒野,こうや,wilderness/wasteland,"荒野をさまよう。","Wander in the wilderness."
打つ,うつ,to hit/strike,"ボールを打つ。","Hit the ball."
打ち身,うちみ,bruise/contusion,"打ち身ができる。","Get a bruise."
打者,だしゃ,batter (baseball),"優秀な打者。","Excellent batter."
畑,はたけ,field (vegetable/crop),"畑を耕す。","Cultivate a field."
恵み,めぐみ,blessing/grace,"自然の恵み。","Blessings of nature."
恵まれる,めぐまれる,to be blessed with,"才能に恵まれる。","Be blessed with talent."
恩恵,おんけい,favor/blessing/benefit,"恩恵を受ける。","Receive a benefit."
知恵,ちえ,wisdom/intelligence,"知恵を出す。","Come up with an idea."
厚い,あつい,thick/deep/warm (feeling),"厚い本。","A thick book."
厚着,あつぎ,thick clothing,"厚着をする。","Wear thick clothes."
温厚,おんこう,gentle/mild-mannered,"温厚な性格。","Gentle personality."
耕す,たがやす,to cultivate/till,"田畑を耕す。","Cultivate fields."
耕作する,こうさくする,to cultivate/farm,"土地を耕作する。","Farm the land."
埋まる,うまる,to be buried/filled,"穴が埋まる。","The hole is filled."
埋める,うめる,to bury/fill (a hole),"穴を埋める。","Fill a hole."
埋葬する,まいそうする,to bury (the dead),"遺体を埋葬する。","Bury a body."
沈む,しずむ,to sink/submerge,"夕日が沈む。","The setting sun sinks."
沈める,しずめる,to sink/submerge (something),"船を沈める。","Sink a ship."
沈黙する,ちんもくする,to be silent,"沈黙を破る。","Break the silence."
沈没する,ちんぼつする,to sink (ship),"船が沈没する。","The ship sinks."
事件,じけん,incident/case,"殺人事件。","Murder case."
要件,ようけん,requirement/requisite,"要件を満たす。","Meet the requirements."
暴れる,あばれる,to act violently/rage,"酔って暴れる。","Rage when drunk."
暴力,ぼうりょく,violence,"家庭内暴力。","Domestic violence."
暴風雨,ぼうふうう,storm/wind and rain,"暴風雨警報。","Storm warning."
殺す,ころす,to kill,"虫を殺す。","Kill an insect."
殺人,さつじん,murder,"殺人事件。","Murder case."
殺到する,さっとうする,to rush/flood (with people),"注文が殺到する。","Orders flood in."
毒,どく,poison/venom,"毒を飲む。","Drink poison."
毒薬,どくやく,poisonous medicine,"毒薬を使う。","Use poisonous medicine."
消毒,しょうどく,disinfection/sterilization,"手を消毒する。","Disinfect hands."
爆発する,ばくはつする,to explode,"爆弾が爆発する。","A bomb explodes."
犯す,おかす,to commit (a crime)/violate,"罪を犯す。","Commit a crime."
犯人,はんにん,criminal/offender,"犯人を捕まえる。","Catch the criminal."
罪,つみ,crime/sin,"罪を償う。","Atoning for a crime."
犯罪,はんざい,crime,"少年犯罪。","Juvenile delinquency."
警察署,けいさつしょ,police station,"警察署に行く。","Go to the police station."
警官,けいかん,police officer,"交通警官。","Traffic police officer."
診察する,しんさつする,to examine (patient),"医者に診察してもらう。","Be examined by a doctor."
察する,さっする,to guess/sense/sympathize,"状況を察する。","Sense the situation."
消防署,しょうぼうしょ,fire station,"消防署に連絡する。","Contact the fire station."
署名する,しょめいする,to sign,"書類に署名する。","Sign a document."
追う,おう,to chase/pursue,"夢を追う。","Pursue a dream."
追求する,ついきゅうする,to pursue/seek,"真実を追求する。","Pursue the truth."
追加する,ついかする,to add/supplement,"注文を追加する。","Add to the order."
追試,ついし,make-up exam,"追試を受ける。","Take a make-up exam."
軍,ぐん,army/military,"軍隊に入る。","Join the army."
軍隊,ぐんたい,army/military forces,"軍隊を派遣する。","Dispatch troops."
兵,へい,soldier/troops,"兵士。","Soldier."
兵庫県,ひょうごけん,Hyogo Prefecture,"兵庫県出身。","From Hyogo Prefecture."
鋭い,するどい,sharp/keen,"鋭いナイフ。","A sharp knife."
鋭利,えいり,sharpness,"鋭利な刃物。","Sharp edge tool."
鈍い,にぶい,dull/slow/blunt,"鈍い痛み。","A dull pain."
鈍る,にぶる,to become dull/weaken,"勘が鈍る。","One's intuition becomes dull."
鈍感,どんかん,insensitivity/dullness,"鈍感な人。","An insensitive person."
旧正月,きゅうしょうがつ,Lunar New Year,"旧正月を祝う。","Celebrate Lunar New Year."
新旧,しんきゅう,new and old,"新旧交代。","Change from old to new."
復旧する,ふっきゅうする,to restore/reconstruct,"ライフラインが復旧する。","Lifelines are restored."
姓名,せいめい,full name,"姓名を記入する。","Fill in one's full name."
旧姓,きゅうせい,former name (maiden name),"旧姓で呼ばれる。","Be called by one's former name."
封筒,ふうとう,envelope,"封筒に入れる。","Put in an envelope."
筒,つつ,pipe/cylinder/tube,"竹筒。","Bamboo tube."
水筒,すいとう,water bottle/flask,"水筒を持っていく。","Take a water bottle."
絡む,からむ,to entangle/be involved with,"事件に絡む。","Be involved in an incident."
連絡,れんらく,contact/communication,"連絡を取る。","Make contact."
偉い,えらい,great/admirable/important,"偉い人。","An important person."
偉大,いだい,great/grand,"偉大な功績。","Great achievement."
賢い,かしこい,wise/clever,"賢い子供。","A clever child."
賢明,けんめい,wise/prudent,"賢明な判断。","Wise decision."
快い,こころよい,pleasant/agreeable,"快い音楽。","Pleasant music."
快晴,かいせい,fine weather/clear sky,"快晴の空。","Clear sky."





















