～にしては,与「～わりに」相似，但「にしては」更侧重于与一个既定事实或标准相比，结果出乎意料。<br>例：外国人にしては日本語が上手だ。(基于“外国人”这个标准，日语说得很好，有些意外。) 「わりに」则常接续表示程度范围的词（如：年齢、値段）。,表示结果与从前项事实推断出的标准、预想不符，带有意外或评价的语气。“就…而言”、“按…的标准来说…”。,動詞(普通形) + にしては<br>い形容詞(普通形) + にしては<br>な形容詞(詞幹) + にしては<br>名詞 + にしては,はじめてにしては、なかなか じょうずな うんてんですね。,初めてにしては、なかなか上手な運転ですね。,就第一次而言，你開得相當不錯呢。,たくさん べんきょうしたにしては、テストの てんすうが ひくかった。,たくさん勉強したにしては、テストの点数が低かった。,就他學習了那麼多而言，考試分數卻很低。
～が早いか,"「～とたん(に)」「～なり」「～や否や」的近義。強調動作接續速度極快，幾乎沒有時間間隔。後項多為意料之外的、非意志性的行為。""",表示前項動作一發生，後項動作幾乎在同一瞬間發生。「剛一…就…」。,動詞(辞書形 / た形) + が早いか,ベルが なるが はやいか、せいとたちは きょうしつを とびだした。,ベルが鳴るが早いか、生徒たちは教室を飛び出した。,鈴聲剛一響起，學生們就衝出了教室。,かれは いえに かえるが はやいか、パソコンの まえに すわって ゲームを はじめた。,彼は家に帰るが早いか、パソコンの前に座ってゲームを始めた。,他剛一回到家，就立刻坐到電腦前開始玩遊戲。
～や・～や否や,"いなや,比「～が早いか」更為書面、正式。同樣表示兩個動作之間時間極短，後項多為客觀事實的發生，而非個人意志行為。",表示前一個動作完成的瞬間，下一個動作或事件就發生了。「剛一…就…」、「…的同時」。,動詞(辞書形) + や / や否や,その ニュースが つたわるやいなや、くにじゅうに しょうげきが はしった。,そのニュースが伝わるや否や、国中に衝撃が走った。,那個消息剛一傳開，全國都為之震驚。,ひこうきが ちゃくりくするや、じょうきゃくたちは いっせいに せきを たった。,飛行機が着陸するや、乗客たちは一斉に席を立った。,飛機剛一著陸，乘客們便一起站了起來。
～なり,主語通常是同一個人（多為第三人稱）。後項是預想之外的、有點突然的動作。有「A剛一發生，（主語）就立刻做了B」的語感。,表示前項動作一完成，緊接著就發生了意料之外的後項動作。「剛一…就立刻…」。,動詞(辞書形) + なり,かれは わたしの かおを みるなり、わっと なきだした。,彼は私の顔を見るなり、わっと泣き出した。,他剛一看到我的臉，就哇地哭了起來。,ぶちょうは へやに はいってくるなり、おおごえで どなりはじめた。,部長は部屋に入ってくるなり、大声で怒鳴り始めた。,部長剛一進房間，就立刻開始大聲咆哮。
～そばから,與其他「一…就…」的語法不同，其核心在於「做了也白做」的徒勞感。強調一個動作剛完成，另一個（通常是反向的或製造麻煩的）動作就緊接著發生，形成一個不斷重複的循環，多帶有無奈或抱怨的語氣。,表示一個動作剛結束，馬上就發生了與之相悖的下一個動作，導致前一個動作的努力白費。「隨…隨…」、「剛…就…」。,動詞(辞書形 / た形) + そばから,こどもの おもちゃを かたづけた そばから、また ちらかしてしまう。,子供のおもちゃを片付けたそばから、また散らかしてしまう。,剛把孩子的玩具收拾好，（他）馬上又弄亂了。,あたらしい たんごを おぼえる そばから、わすれていってしまう。,新しい単語を覚えるそばから、忘れていってしまう。,新單字隨記隨忘。
～てからというもの（は）,是「～てから」的強調形式。強調以某件事為契機，之後產生了巨大的、持續性的變化。不適用於描述剛發生的事或單純的未來計畫。,以某個事件為起點，之後一直保持著某種狀態。「自從…以後」。,動詞て形 + からというもの（は）,こどもが うまれてからというもの、ふうふの かいわは こどもの ことが ちゅうしんに なった。,子供が生まれてからというもの、夫婦の会話は子供のことが中心になった。,自從孩子出生以後，我們夫妻的對話就都圍繞著孩子了。,にほんに きてからというもの、まいにちが あたらしい はっけんの れんぞくです。,日本に来てからというもの、毎日が新しい発見の連続です。,自從來到日本後，每天都接連有新的發現。
～にあって,",非常正式、書面的表達。用於提示某個特殊的狀況、時期或場合，並說明在該情況下發生的事情。常帶有「在…這樣不凡的狀況下」的語感。",表示「在…情況/時期/場合下」。,名詞 + にあって,この こんなんな じょうきょうに あって、かれは れいせいな はんだんを うしなわなかった。,この困難な状況にあって、彼は冷静な判断を失わなかった。,在如此困難的狀況下，他沒有失去冷靜的判斷力。,しゅしょうという じゅうような たちばに あって、かれの はつげんは つねに ちゅうもくされている。,首相という重要な立場にあって、彼の発言は常に注目されている。,身處首相這一重要職位，他的發言時刻都備受矚目。
～を皮切りに,"をかわきりに,與「～をはじめとして」相似，但「～を皮切りに」更強調時間上的“開端”，表示以此為起點，一系列規模更大、更活躍的同類事件接連展開。多用於積極的、發展性的事情。",表示“以…為開端/起點，接著…”。,名詞 + を皮切りに（して）<br>名詞 + を皮切りとして,かのじょの コンサートは とうきょうこうえんを かわきりに、ぜんこく じゅっとしで つぎつぎと かいさいされる よていだ。,彼女のコンサートは東京公演を皮切りに、全国１０都市で次々と開催される予定だ。,她的演唱會將以東京場為開端，接著在全國10個城市陸續舉辦。,この アニメは、しがつの ほうそうかいしを かわきりとして、かんれんグッズが ぞくぞくと はつばいされた。,このアニメは、４月の放送開始を皮切りとして、関連グッズが続々と発売された。,這部動畫以4月的開播為起點，相關周邊商品便接連不斷地發售。
～に至るまで,"にいたるまで,是「～から～まで」的強調形式。後項多為令人意外或極端的例子，用以強調範圍之廣，有「無所不包」的語感。",表示範圍之廣，從某個起點一直到某個終點（都...）。「從～一直到～」。,名詞 + に至るまで,この デパートでは、こうきゅうブランドひんから にちようひんに いたるまで、あらゆる しょうひんが そろっている。,このデパートでは、高級ブランド品から日用品に至るまで、あらゆる商品が揃っている。,在這家百貨公司，從高級名牌貨到日常用品，所有商品一應俱全。,かれは まいにちの しょくじの ないようから、すいみんじかんに いたるまで、こまかく きろくを つけている。,彼は毎日の食事の内容から、睡眠時間に至るまで、細かく記録をつけている。,他從每天的飲食內容到睡眠時間，都做了詳細的記錄。
～を限りに,"をかぎりに,用於宣告某件持續至今的事情，將以某個時間點為界，徹底結束。帶有明確的“終結”意味，常用於引退、辭職、閉店等公告。",表示以某個時間為界限，終止一直以來的行為或狀態。「以～為限」、「到～為止」。,名詞（主に時を表す） + を限りに,きょうを かぎりに、タバコを やめることにした。,今日を限りに、タバコをやめることにした。,我決定從今天起戒菸（今天就是最後一天）。,とうてんは、こんげつを かぎりに へいてんさせて いただくことになりました。,当店は、今月を限りに閉店させていただくことになりました。,本店決定營業至本月底為止。
～をもって,",非常正式、書面的表達方式。與「～を限りに」相似，但「～をもって」不僅能表示時間的終點，也能表示手段或方法。",① (時間) 表示某個時間點的結束。「以～」、「截至～」。<br>② (手段) 表示方法、手段。「以～」、「用～」。,名詞 + をもって,これを もちまして、ほんじつの かいぎを しゅうりょういたします。,これをもちまして、本日の会議を終了いたします。,本次會議到此結束。,しょめんを もって、せいしきに ごかいとう もうしあげます。,書面をもって、正式にご回答申し上げます。,我們將以書面形式正式回覆您。
～といったところだ,",用於給出一個大概的總結或估計，暗示程度或數量並不特別高或多，有「充其量不過是…」的語感。",表示對數量、程度等的大致估算。「大概是～的程度」、「充其量也就是～」。,名詞 / 動詞(辞書形) + といったところだ,この しごとの じきゅうは、まあ、せんごひゃくえんといったところだ。,この仕事の時給は、まあ、千五百円といったところだ。,這份工作的時薪，嗯，大概就1500日圓左右吧。,この かいじょうに あつめられるのは、せいぜい ひゃくにんといったところでしょう。,この会場に集まれるのは、せいぜい百人といったところでしょう。,這個會場充其量大概也就能聚集100人吧。
～をおいて,",後項多與否定形式呼應，用以表達強烈的限定感，強調「除此以外，再無其他」。是一種非常高的評價。",表示「除了～，沒有別的…」。,名詞 + をおいて,この むずかしい やくを えんじられるのは、かのじょをおいて ほかにいない。,この難しい役を演じられるのは、彼女をおいてほかにいない。,能演好這個高難度角色的，除了她以外再無別人。,にほんで もっとも うつくしい やまは、ふじさんを おいて ほかに かんがえられない。,日本で最も美しい山は、富士山をおいて他に考えられない。,說到日本最美的山，除了富士山我想不到其他的了。
～ならでは,",用於高度評價某人、某物或某地所獨有的、無法在別處體驗到的優點或魅力。",表示「只有～才有的」、「～獨有的（優點）」。,名詞 + ならでは,このみせでは、きょうとならではの でんとうてきな あじが たのしめる。,この店では、京都ならではの伝統的な味が楽しめる。,在這家店裡，可以享受到京都獨有的傳統風味。,これは けいけんほうふな かれならではの はっそうだ。,これは経験豊富な彼ならではの発想だ。,這是經驗豐富的他才想得出的獨特點子。
～にとどまらず,「～だけでなく」的進階書面表達。強調範圍的擴展，不僅限於A，更是擴及到更廣的B範圍。,表示「不僅僅停留於～，更是擴展到～」。,名詞 / 動詞(辞書形) + にとどまらず,そのアニメの にんきは、にほんこくないに とどまらず、かいがいにまで ひろがっている。,そのアニメの人気は、日本国内にとどまらず、海外にまで広がっている。,那部動畫的人氣不僅限於日本國內，更是擴展到了海外。,かれの かつどうは、おんがくに とどまらず、えいがや しっぴつかつどうにも およんでいる。,彼の活動は、音楽にとどまらず、映画や執筆活動にも及んでいる。,他的活動不僅僅是音樂，還涉及電影及寫作。
～はおろか,",AはおろかBも/さえ/まで...ない」是其固定句型。通過否定一個更簡單或理所當然的B，來強調A的程度之高、之難，完全無法實現。",表示「別說A了，就連B也…」，用於強調後項的狀態。,名詞 + はおろか,かれは ひらがなは おろか、じぶんの なまえさえ かけない。,彼はひらがなはおろか、自分の名前さえ書けない。,他別說平假名了，就連自己的名字都不會寫。,けがをして、あるくことは おろか、たつことすら むずかしい。,怪我をして、歩くことはおろか、立つことすら難しい。,我受了傷，別說走路了，就連站著都很困難。
～もさることながら,",AもさることながらBも」是其基本句型。在承認A很優秀、很重要的基礎上，引出B，並強調B也同樣（甚至更）值得關注。",表示「A固然如此，B也…」、「不僅A…，B也…」。,名詞 + もさることながら,この レストランは、あじも さることながら、みせからの ながめが すばらしい。,このレストランは、味もさることながら、店からの眺めが素晴らしい。,這家餐廳的味道固然很好，但從店裡望出去的景色也同樣出色。,かれは、べんきょうも さることながら、スポーツにおいても すぐれた さいのうを もっている。,彼は、勉強もさることながら、スポーツにおいても優れた才能を持っている。,他不僅學習很好，在體育方面也擁有傑出的才能。
～なり…なり,",用於舉例，給出可行的選項，後項常接續表示建議、指示或個人選擇的句子，如「～しなさい」「～てください」。",表示在多個選項中選擇其一。「或者～或者～」、「…之類的」。,名詞 / 動詞(辞書形) + なり...,わからない ことが あったら、せんせいに きくなり、じしょで しらべるなり してください。,分からないことがあったら、先生に聞くなり、辞書で調べるなりしてください。,如果有不懂的事情，就去問老師，或者查字典之類的。,ねつが あるなら、くすりを のむなり、いちにち ゆっくり やすむなり したほうがいい。,熱があるなら、薬を飲むなり、一日ゆっくり休むなりしたほうがいい。,如果你發燒了，最好是吃個藥，或者好好休息一天。
～であれ…であれ,",是「～でも…でも」的書面形式。通過列舉兩個（通常是相對的）例子，來表示「無論哪種情況，結論都一樣」。",表示「無論是～還是～」。,名詞 / な形容詞 + であれ...,せいしゃいんであれ、アルバイトであれ、しごとに たいする せきにんは おなじだ。,正社員であれ、アルバイトであれ、仕事に対する責任は同じだ。,無論是正式員工還是兼職員工，對工作的責任都是一樣的。,あいてが こどもであろうと、おとなであろうと、けいいを はらうべきだ。,相手が子供であろうと、大人であろうと、敬意を払うべきだ。,無論對方是小孩還是大人，都應該致以敬意。
～といい…といい,",通過列舉兩個有代表性的方面(AといいBといい)，來表達對整體（好或壞）的評價。",表示「無論是～還是～」、「從～和～兩方面來看」。,名詞 + といい...,この ホテルは、へやの ひろさといい、サービスの しつといい、もんくの つけようがない。,このホテルは、部屋の広さといい、サービスの質といい、文句のつけようがない。,這家飯店，無論是房間大小還是服務品質，都無可挑剔。,デザインといい、いろといい、この カバンが とても きにいった。,デザインといい、色といい、このカバンがとても気に入った。,無論是設計還是顏色，我都非常喜歡這個包。
～といわず…といわず,",列舉的兩個名詞多為一體的兩部分（如手腳）、相對的概念（如晝夜）或時間空間的各部分，用以強調「全部、到處都是」的狀態。",表示「無論是～還是～」、「不分～還是～」。,名詞 + といわず...,かれは、へいじつといわず、しゅうまつといわず、まいにち いっしょうけんめい はたらいている。,彼は、平日といわず、週末といわず、毎日一生懸命働いている。,他不分平日還是週末，每天都拼命工作。,どろだらけに なって、かおといわず、てあしといわず、ぜんしん よごれてしまった。,泥だらけになって、顔といわず、手足といわず、全身汚れてしまった。,我弄得滿身是泥，臉上、手腳上，全身上下都髒了。
～いかんだ,"「～次第だ」的書面語形式。強調結果完全取決於前項的內容、狀態或情況。""",表示「取決於～」、「要看～而定」。,名詞（＋の） + いかんだ<br>名詞（＋の） + いかんによっては,しけんに ごうかくできるかどうかは、これからの きみの どりょくいかんだ。,試験に合格できるかどうかは、これからの君の努力いかんだ。,能否通過考試，取決於你今後的努力。,あしたの しあいが おこなわれるかどうかは、てんきいかんです。,明日の試合が行われるかどうかは、天気いかんです。,明天的比賽能否舉行，要看天氣如何。
～いかんにかかわらず,",「～に関係なく」的書面語形式。表示無論前項的內容、狀態如何，後項的結論或措施都不會改變。",表示「不管～如何」、「無論～」。,名詞の + いかんにかかわらず / いかんによらず / いかんを問わず,りゆうの いかんにかかわらず、むだんけっせきは ゆるされない。,理由のいかんにかかわらず、無断欠席は許されない。,無論理由如何，不允許無故缺席。,こくせきの いかんを とわず、ゆうしゅうな じんざいは さいようする ほうしんだ。,国籍のいかんを問わず、優秀な人材は採用する方針だ。,我們的方針是，不論國籍，只要是優秀的人才都會錄用。
～をものともせず（に）,",用於讚揚某人或某組織不畏懼、不屈服於困難、逆境、反對等，勇敢面對並克服。主語通常不是第一人稱。",表示不把困難或障礙放在眼裡，勇敢地去克服。「不顧～」、「頂著～」。,名詞 + をものともせずに,かれは からだの しょうがいを ものともせずに、オリンピックで きんメダルを かくとくした。,彼は体の障害をものともせずに、オリンピックで金メダルを獲得した。,他頂著身體的殘疾，在奧運會上奪得了金牌。,まわりの はんたいを ものともせず、かのじょは じぶんの ゆめを おい つづけた。,周りの反対をものともせず、彼女は自分の夢を追い続けた。,她不顧周圍的反對，持續追逐自己的夢想。
～をよそに,",表示對周遭（本應注意）的狀況、意見、情感等毫不在意，逕自行動。多帶有批評或驚訝的語氣。",表示「不顧～」、「對～毫不理會」。,名詞 + をよそに,かぞくの しんぱいを よそに、かれは きけんな ぼうけんに でかけた。,家族の心配をよそに、彼は危険な冒険に出かけた。,他不顧家人的擔心，逕自踏上了危險的冒險之旅。,じゅうみんたちの こうぎを よそに、こうじは きょうこうされた。,住民たちの抗議をよそに、工事は強行された。,工程不顧居民們的抗議，被強行推進了。
～ならいざしらず,",「Aならいざしらず、Bは…」是其固定句型。表示「如果是A那還另當別論，但B的話就…」，用A的特殊性來襯托B的普通性，後句多為不滿、批評或否定的內容。",表示「如果是～的話還情有可原，但是…」。,名詞 + ならいざしらず,こどもなら いざしらず、おとなが そんなことを するのは ゆるせない。,子供ならいざしらず、大人がそんなことをするのは許せない。,要是小孩子的話還另當別論，大人做那種事是不可原諒的。,むかしなら いざしらず、いまどき けいたいでんわを もっていない ひとは めずらしい。,昔ならいざしらず、今どき携帯電話を持っていない人は珍しい。,要是以前的話還不好說，但現今沒有手機的人是很稀有的。
～んばかりだ,",是一種比喻的說法，描述某個狀態或樣子，就好像馬上要發生某個動作一樣，但實際上並沒有發生。",表示「簡直就像要～似的」。,動詞ない形(ない→ん) + ばかりだ<br>※例外：する→せんばかりだ,かれは、「さあ、とびかからんばかり」の いきおいで わたしを にらみつけた。,彼は、「さあ、飛びかからんばかり」の勢いで私をにらみつけた。,他以彷彿馬上就要撲過來的氣勢瞪著我。,えんそうが おわると、かいじょうは われんばかりの はくしゅに つつまれた。,演奏が終わると、会場は割れんばかりの拍手に包まれた。,演奏一結束，會場便被彷彿要震破屋頂般的掌聲所包圍。
～とばかりに,",表示雖然沒有實際說出口，但其態度或行為明確地展現出某種意圖或情感。",表示「就好像在說～一樣地」。,引用・セリフ + とばかりに,かれは「まってました」とばかりに、すぐに しょくじに とびついた。,彼は「待ってました」とばかりに、すぐに食事に飛びついた。,他就好像在說「我等好久了！」一般，立刻撲向了食物。,こどもは「もう がまんできない」とばかりに、おおごえで なきだした。,子供は「もう我慢できない」とばかりに、大声で泣き出した。,孩子像是說著「再也忍不住了！」一樣，放聲大哭起來。
～ともなく・～ともなしに,",用於描述無意識、沒有明確意圖地進行某個動作。常用於「見る」「聞く」「言う」「待つ」等動詞。",表示「無意地～」、「不經意地～」。,動詞(辞書形) + ともなく / ともなしに<br>疑問詞＋(から)＋ともなく,テレビを みるともなく みていたら、なつかしい ゆうじんが うつっていた。,テレビを見るともなく見ていたら、懐かしい友人が映っていた。,無意間看著電視，結果看到了令人懷念的朋友。,どこからともなく、はなの いいかおりが してきた。,どこからともなく、花のいい香りがしてきた。,不知從何處飄來了花朵的芬芳。
～ながらに（して）,",是一種較為古典、書面的表達方式。常用於一些固定片語，如「生まれながらに(天生地)」、「涙ながらに(含淚地)」、「昔ながらの(自古以來的)」。",表示「保持著～的狀態」、「與生俱來地」。,動詞ます形 / 名詞 + ながらに（して）,かのじょは なみだながらに、これまでの くろうを かたった。,彼女は涙ながらに、これまでの苦労を語った。,她含著淚，訴說了至今為止的辛苦。,この まちには、むかしながらの たてものが おおく のこっている。,この町には、昔ながらの建物が多く残っている。,這座城鎮裡仍保留著許多古色古香的建築。
～きらいがある,",用於客觀地指出某人或某事所具有的不好的、負面的傾向或習慣。",表示「有～的（不好）傾向」。,動詞(辞書形) / 名詞の + きらいがある,かれは ものごとを すこし あんいに かんがえすぎる きらいがある。,彼は物事を少し安易に考えすぎるきらいがある。,他有把事情想得太過簡單的傾向。,うちの ぶちょうは、はなしが ながくなる きらいがある。,うちの部長は、話が長くなるきらいがある。,我們部長有說話拖沓的傾向。
～がてら,",與「～ついでに」相似，但「～がてら」更帶有「利用這個機會順便做另一件輕鬆的事」的感覺，前後動作關聯性較高。",表示在做A的同時，也順便做B。「順便～」。,動詞ます形 / 名詞 + がてら,ゆうすずみがてら、きんじょの こうえんを さんぽしましょう。,夕涼みがてら、近所の公園を散歩しましょう。,我們去附近的公園散步，順便乘涼吧。,かいものがてら、としょかんに よって ほんを かえしてきた。,買い物がてら、図書館に寄って本を返してきた。,去購物的同時，順道去了圖書館還書。
～かたがた,",比「～がてら」更為正式的表達。常用於拜訪、問候等場合，表示一個行為同時帶有兩個或以上的目的。",表示「順便兼做～」、「同時也為了～」。,名詞 + かたがた,おれいかたがた、ぶちょうの おたくに うかがいました。,お礼かたがた、部長のお宅に伺いました。,我到部長家登門拜訪，主要是為了道謝。,さんぽかたがた、ゆうじんに おみやげを とどけに いった。,散歩かたがた、友人にお土産を届けに行った。,我去給朋友送伴手禮，順便散了個步。
～かたわら,",與「～ながら」不同，「ながら」指短時間內同時進行的兩個動作；「かたわら」則指在一段較長的時期內，在從事主要活動的同時，也進行另一項活動。",表示在從事主要活動的同時，還進行另一項活動。「一面～，一面～」。,動詞(辞書形) / 名詞の + かたわら,かれは かいしゃいんとして はたらくかたわら、しゅうまつは しょうせつを かいている。,彼は会社員として働くかたわら、週末は小説を書いている。,他在當上班族的同時，也在週末寫小說。,ははは しゅふの しごとの かたわら、ちいきの ボランティアかつどうにも さんかしている。,母は主婦の仕事のかたわら、地域のボランティア活動にも参加している。,我母親除了做家庭主婦的工作外，也參加地區的志工活動。
～ところを,",後項多為表示感謝、道歉、或描述被打擾、被目擊的句子。",表示「正當…的時候（卻…）」，用於引出與前項狀況不符的後續，或在關鍵時刻得到幫助。,動詞(普通形)・い形容詞 + ところを<br>な形容詞な + ところを<br>名詞の + ところを,お いそがしいところを、わざわざ きていただき、ありがとうございます。,お忙しいところを、わざわざ来ていただき、ありがとうございます。,在您百忙之中還特地前來，真是非常感謝。,ねているところを、ともだちに でんわで おこされた。,寝ているところを、友達に電話で起こされた。,我正睡覺的時候，被朋友的電話吵醒了。
～ものを,",表達一種「如果A成立，本該有B這個好結果，但事實卻與之相反」的遺憾、不滿或責備。",表示「（本來）～就好了，但是…」。,動詞・い形容詞(普通形) + ものを<br>な形容詞な + ものを,もっと はやく いえば、てつだってあげたものを。,もっと早く言えば、手伝ってあげたものを。,你要是早點說，我本可以幫你的啊。,しずかにしていれば わからなかったものを、よけいなことを いったばかりに…。,静かにしていれば分からなかったものを、余計なことを言ったばかりに…。,本來安靜待著就沒事的，都怪你多嘴…。
～とはいえ,",前項為既定事實，後項則表達與此事實給人的一般印象不符的狀況。是「～といっても」的書面語。",表示「雖說～，可是～」。,普通形 + とはいえ (名詞・な形容詞不加だ),しがつになったとはいえ、まだ さむいひが つづいている。,四月になったとはいえ、まだ寒い日が続いている。,雖說已經四月了，但寒冷的日子還在持續。,かれは プロのさっかだとはいえ、まだ わかい。,彼はプロの作家だとはいえ、まだ若い。,雖說他是職業作家，但還很年輕。
～といえども,",「～であっても」的書面語、古風表達。後項多伴隨表示義務、決心或不受影響的內容。",表示「即使～也～」、「無論～都～」。,名詞 / 普通形 + といえども,いかなる りゆうが あるといえども、さつじんは ゆるされるべきではない。,いかなる理由があるといえども、殺人は許されるべきではない。,無論有任何理由，殺人都是不應該被原諒的。,せんもんかといえども、みらいのことを かんぜんに よそくすることは できない。,専門家といえども、未来のことを完全に予測することはできない。,即便是專家，也無法完全預測未來的事。
～と思いきや,"とおもいきや,用於描述結果與預想完全相反的情況，表達說話者的意外和驚訝。",表示「原以為～，沒想到卻～」。,普通形 + と思いきや,しけんは かんたんだと おもいきや、おどろくほど むずかしかった。,試験は簡単だと思いきや、驚くほど難しかった。,原以為考試很簡單，沒想到卻難得驚人。,かれは きっと くると おもいきや、けっきょく こなかった。,彼はきっと来ると思いきや、結局来なかった。,我原以為他肯定會來，結果他卻沒來。
～とあれば,",為了前項這個特殊的理由，可以做出平時不會做的、特別的行動。",表示「如果是為了～（這個特殊理由）的話」。,名詞 / 普通形 + とあれば,こどもの こととあれば、どんな ことでもします。,子供のこととあれば、どんなことでもします。,如果是為了孩子的事，我什麼都願意做。,せんだいげんていの グッズが かえるとあれば、あさ はやくから ならぶつもりだ。,仙台限定のグッズが買えるとあれば、朝早くから並ぶつもりだ。,如果能買到仙台限定的周邊商品，我打算一大早就去排隊。
～たら最後・～たが最後,"たらさいご・たがさいご,後項必定是負面的、無法挽回的結果。帶有「一旦做了…就全完了」的強烈語氣。",表示「一旦～，就（完了）」。,動詞た形 + ら最後 / が最後,うちの こどもは いったん あそびにでかけたがさいご、よるまで かえってこない。,うちの子供は一旦遊びに出かけたが最後、夜まで帰ってこない。,我家的孩子一旦出去玩，不到晚上是絕對不回來的。,この ひみつを しられたらさいご、わたしの じんせいは おわりだ。,この秘密を知られたら最後、私の人生は終わりだ。,這個秘密一旦被人知道，我的人生就完了。
～ようでは,",對某種狀態給予負面的評價，並暗示「如果持續這種狀態，將會導致不好的結果」。",表示「要是（處於）～這種狀態的話」。,動詞(ます形/ない形) + ようでは,こんな かんたんな もんだいが わからないようでは、しけんに ごうかくできないだろう。,こんな簡単な問題が分からないようでは、試験に合格できないだろう。,要是連這麼簡單的問題都不懂，那大概考不上試了。,ちいさな しっぱいを いちいち きにするようでは、この しごとは つとまらない。,小さな失敗をいちいち気にするようでは、この仕事は務まらない。,要是連點小失敗都在意，那這份工作是做不來的。
～なしに（は）,",「AなしにB」表示「如果沒有A，就做B」。後項常伴隨否定。",表示「不～就…」。,名詞 / 動詞る形 + なしに（は）,せんせいの きょかなしに、この へやに はいってはいけません。,先生の許可なしに、この部屋に入ってはいけません。,沒有老師的許可，不可以進入這個房間。,なみだなしては きけない かなしい はなしだった。,涙なしには聞けない悲しい話だった。,是個不流淚就聽不下去的悲傷故事。
～なくして（は）,",比「～なしには」語氣更強，更書面。強調前項是後項成立所“不可或缺”的絕對條件。",表示「若是沒有～，就（無法）…」。,名詞 + なくして（は）,みなさまの ごきょうりょくなくしては、この プロジェクトの せいこうは ありえませんでした。,皆様のご協力なくしては、このプロジェクトの成功はありえませんでした。,若是沒有各位的協助，這個企劃案是不可能成功的。,どりょくなくして、せいこうは かちとれない。,努力なくして、成功は勝ち取れない。,沒有努力，就無法贏得成功。
～くらいなら,",用於極端的比較，表示寧願選擇後項，也不願選擇前項。",表示「與其～，還不如～」。,動詞(辞書形) + くらいなら,あんなひとと けっこんするくらいなら、いっしょう どくしんのほうがましだ。,あんな人と結婚するくらいなら、一生独身のほうがましだ。,與其和那種人結婚，還不如一輩子單身。,みじめな おもいを して いきるくらいなら、しんだほうがいい。,惨めな思いをして生きるくらいなら、死んだほうがいい。,與其活得這麼悲慘，還不如死了算了。
～（よ）うと（も）・～（よ）うが,",「～ても」的書面語形式。表示即使前項條件成立，也不影響後項的結果或決心。",表示「即使～也～」、「無論～」。,動詞(意志形) / い形容詞(かろう) / な形容詞・名詞(であろう) + と（も）/ が,たとえ おおあめが ふろうとも、しあいは けっこうします。,たとえ大雨が降ろうとも、試合は決行します。,即使下大雨，比賽也將照常舉行。,まわりが いかに はんたいしようが、わたしは じぶんの いしを つらぬく。,周りが如何に反対しようが、私は自分の意志を貫く。,無論周圍如何反對，我都會貫徹自己的意志。
～（よ）うと～まいと,",通過並列肯定和否定的意志形式，來表示「無論做或不做，結果都一樣」。",表示「無論～還是不～」。,動詞(意志形) + と/が + 同じ動詞のまい形 + と/が,あなたが いこうと いくまいと、わたしは いきます。,あなたが行こうと行くまいと、私は行きます。,無論你去還是不去，我都會去。,あめが ふろうが ふるまいが、イベントは よていどおり おこなわれます。,雨が降ろうが降るまいが、イベントは予定通り行われます。,無論下雨還是不下雨，活動都將按計劃進行。
～であれ,",是「～でも」的書面語形式。",表示「無論是～還是～」。,名詞 / な形容詞 + であれ,せいしゃいんであれ、アルバートであれ、しごとに たいする せきにんは おなじだ。,正社員であれ、アルバイトであれ、仕事に対する責任は同じだ。,無論是正式員工還是兼職員工，對工作的責任都是一樣的。,もんだいが なんであれ、れいせいに たいしょすべきだ。,問題が何であれ、冷静に対処すべきだ。,無論問題是什麼，都應該冷靜應對。
～たところで,",後項多為否定形式，表示即使做了前項的行為，也是徒勞、沒有意義的。",表示「即使～也（沒用）」。,動詞た形 + ところで,いまから あわてて いったところで、もう まにあわないだろう。,今から慌てて行ったところで、もう間に合わないだろう。,就算現在慌忙趕過去，也已經來不及了吧。,なんかい あやまったところで、かれは ゆるしてくれないと おもう。,何回謝ったところで、彼は許してくれないと思う。,我想即使道再多次歉，他也不會原諒我。
～ば～で・～なら～で,",表示「無論在前項的哪種情況下，都會有相應的（多為不好或麻煩的）狀況發生」。",表示「如果～的話，也會有相應的（問題）」。,動詞ば形/い形容詞ければ + その動詞/形容詞 + で<br>な形容詞なら + そのな形容詞 + で,いえは ひろければ ひろいで、そうじが たいへんだ。,家は広ければ広いで、掃除が大変だ。,房子大的話，大也有大的麻煩，打掃起來很辛苦。,おかねは あれば あったで つかってしまうし、なければ ないで こまる。,お金はあればあったで使ってしまうし、なければないで困る。,錢這個東西，有的話就會花掉，沒有的話又很傷腦筋。
～べく,",古風、書面的表達方式。後項不能是請求、命令、勸誘等。",表示「為了～」。,動詞(辞書形) + べく (する→するべく/すべく),かれは プロのサッカーせんしゅに なるべく、まいにち きびしい れんしゅうを つづけている。,彼はプロのサッカー選手になるべく、毎日厳しい練習を続けている。,他為了成為職業足球選手，每天持續著嚴格的訓練。,じけんの しんそうを あきらかにすべく、ちょうさが はじめられた。,事件の真相を明らかにすべく、調査が始められた。,為了查明事件的真相，調查開始了。
～んがため（に）,",比「～ために」或「～べく」更為古風、鄭重的表達。強調為了某個重大目標而行動。",表示「為了～（這個重大目標）」。,動詞ない形(ない→ん) + がため（に） (する→せんがため),かのじょは じぶんの ゆめを じつげんせんがために、こきょうを はなれた。,彼女は自分の夢を実現せんがために、故郷を離れた。,她為了實現自己的夢想而離開了故鄉。,いちいの ざを えんがため、かれは あらゆる どりょくを おしまなかった。,一位の座を得んがため、彼はあらゆる努力を惜しまなかった。,為了得到第一的寶座，他付出了所有的努力。
～をもって,",非常正式、書面的表達方式。",① (時間) 表示某個時間點的結束「以～」。<br>② (手段) 表示方法、手段「以～」。,名詞 + をもって,これを もちまして、へいかいの ごあいさつと させていただきます。,これをもちまして、閉会のご挨拶とさせていただきます。,就以此作為閉會的致詞。,さいしゅうてきな けっかは、しょめんを もって ごれんらくします。,最終的な結果は、書面をもってご連絡します。,最終結果將以書面形式聯絡您。
～ばこそ,",強調「正是因為A這個理由，才會有B」，A通常是愛、關心等正面的情感，而B的行為從表面看可能難以理解。",表示「正因為～才…」。,動詞ば形 / い形容詞ければ / な形容詞・名詞であれば + こそ,あなたのことを おもえばこそ、きびしく ちゅういするのです。,あなたのことを思えばこそ、厳しく注意するのです。,正因為是為你著想，才會嚴厲地提醒你。,あいじょうが あればこそ、ゆるせないこともある。,愛情があればこそ、許せないこともある。,正因為有愛，才會有無法原諒的事。
～とあって,",因為前項是一個特殊的狀況，所以導致了後項這個理所當然或與平時不同的結果。",表示「因為～（這種特殊情況）」。,普通形 + とあって (名詞・な形容詞不加だ),きょうは にちようびで、しかも せいてんだったとあって、ゆうえんちは ひとで いっぱいだった。,今日は日曜日で、しかも晴天だったとあって、遊園地は人でいっぱいだった。,因為今天是周日，而且天氣又好，所以遊樂園裡擠滿了人。,ひさしぶりの かいがいりょこうとあって、かれは いくまえから おおはしゃぎだった。,久しぶりの海外旅行とあって、彼は行く前から大はしゃぎだった。,因為是久違的海外旅行，他從出發前就興奮不已。
～ではあるまいし,",用於批評或告誡對方「你又不是A，（所以不應該做B）」。",表示「又不是～」。,名詞 + ではあるまいし,こどもではあるまいし、じぶんのことは じぶんで しなさい。,子供ではあるまいし、自分のことは自分でしなさい。,你又不是小孩子，自己的事情自己做。,しけんの ひではあるまいし、そんなに きんちょうする ひつようはないよ。,試験の日ではあるまいし、そんなに緊張する必要はないよ。,又不是考試當天，沒必要那麼緊張。
～手前,"てまえ,因為考慮到自己的立場、名譽、或與他人的關係，而感到有義務做某事。",表示「（考虑到）～立場/面子，不得不…」。,名詞の + 手前<br>動詞(る/た/ている) + 手前,「ぜったいに やる」と やくそくした てまえ、とちゅうで やめるわけにはいかない。,「絶対にやる」と約束した手前、途中でやめるわけにはいかない。,既然答應了「絕對會做」，就不能中途放棄。,せんせいの てまえ、しらないとは いえなかった。,先生の手前、知らないとは言えなかった。,在老師面前，我沒法說我不知道。
～ゆえ（に）,",非常書面、古典的用法。",表示原因、理由。「因為～」、「由於～」。,普通形修飾名詞 + ゆえ（に）,わかさゆえの あやまちだったと、いまは はんせいしている。,若さゆえの過ちだったと、今は反省している。,我現在反省，那都是因為年輕所犯下的錯誤。,びょうきの ゆえに、りゅうがくを だんねんした。,病気のゆえに、留学を断念した。,由於生病，我放棄了留學。
～にかたくない,",是較為書面的固定用法，後項多為「想像」「察する」等動詞。",表示「不難～」。,動詞(辞書形) / 名詞 + にかたくない,かれが この しょうを とるまでの くろうは、そうぞうに かたくない。,彼がこの賞を取るまでの苦労は、想像にかたくない。,不難想像他為了獲得這個獎項所付出的辛勞。,あいする かぞくを うしなった かのじょの かなしみは、さっするに かたくない。,愛する家族を失った彼女の悲しみは、察するにかたくない。,不難體會她失去摯愛家人的悲傷。
～に～ない・～（よ）うにも～ない,",「VようにもVれない」是固定句型，表示想做某事卻因為某種客觀原因而無法實現。",表示「想～也沒法～」。,動詞(意志形) + にも + 同じ動詞の可能形否定,なきたくても なみだが でず、なこうにも なけない。,泣きたくても涙が出ず、泣こうにも泣けない。,想哭卻流不出眼淚，想哭也哭不出來。,しごとが おおすぎて、やすもうにも やすめない じょうきょうだ。,仕事が多すぎて、休もうにも休めない状況だ。,工作太多了，是想休息也沒法休息的狀況。
～て（は）いられない,",表示由於時間、狀況或情感上的緊迫，無法再繼續保持某個動作或狀態。",表示「不能再～下去了」。,動詞て形 + (は)いられない,もうすぐ しめきりなので、のんびりしてはいられない。,もうすぐ締め切りなので、のんびりしてはいられない。,馬上就要到截止日期了，不能再悠哉下去了。,かれの ふまじめな たいどには、もう だまっていられない。,彼の不真面目な態度には、もう黙っていられない。,對他那不認真的態度，我再也無法保持沉默了。
～べくもない,",非常書面的、古典的用法。表示「想～也辦不到」、「根本不可能～」。",表示「根本不可能～」。,動詞(辞書形) + べくもない,しろうとの わたしには、その さくひんの かちは はんだんすべくもない。,素人の私には、その作品の価値は判断すべくもない。,對於外行的我來說，根本不可能判斷那件作品的價值。,その ときの かれの きもちを、いまの わたしが しるべくもない。,その時の彼の気持ちを、今の私が知るべくもない。,當時他的心情，現在的我是不可能知道的。
～べからず・～べからざる,",古風、書面的強力禁止。多用於標語、告示等。「べからざる」是其連體形，用於修飾名詞。",表示「不准～」、「不可～」。,動詞(辞書形) + べからず / べからざる,ここに ゴミを すてるべからず。,ここにゴミを捨てるべからず。,此處不准丟垃圾。,せいじかとして、ゆるすべからざる はつげんだ。,政治家として、許すべからざる発言だ。,作為一個政治家，這是不可原諒的發言。
～まじき,",古風、書面的強力禁止或批評。表示從某個立場或身份來看，絕對不應該有的行為。",表示「作為～不該有的…」。,名詞 + にあるまじき + 名詞<br>動詞(辞書形) + まじき + 名詞,それは せいしょくしゃに あるまじき こういだ。,それは聖職者にあるまじき行為だ。,那是作為聖職者不該有的行為。,かれは ひととして あるまじき ことを した。,彼は人としてあるまじきことをした。,他做了作為一個人不該做的事。
～ときたら,",後項多為說話者的不滿、抱怨、批評等負面評價。",用於舉出一個話題，並對其進行批評或評價。「說到～的話」。,名詞 + ときたら,うちの こどもときたら、まいにち ゲームばかりして、ぜんぜん べんきょうしない。,うちの子供ときたら、毎日ゲームばかりして、全然勉強しない。,說到我家的孩子，每天光玩遊戲，完全不學習。,さいきんの わかものときたら、ことばづかいが なっていない。,最近の若者ときたら、言葉遣いがなっていない。,說到最近的年輕人，用詞真是不像話。
～ともなると・～ともなれば,",用於表示「一旦達到～這個特殊的階段或地位，情況就會變得不同」。",表示「一旦到了～的地步」。,名詞 / 動詞(辞書形) + ともなると / ともなれば,しゅしょうともなると、その はつげんには おおきな せきにんが ともなう。,首相ともなると、その発言には大きな責任が伴う。,一旦當上首相，其發言便伴隨著重大的責任。,ふだんは おとなしい かれも、おさけが はいるともなれば、じょうぜつに なる。,普段は大人しい彼も、お酒が入るともなれば、饒舌になる。,平時很文靜的他，一旦喝了酒，也變得能言善道起來。
～ともあろう,",後項多為與其身份不符的、令人感到意外或失望的負面行為，並帶有批評語氣。",表示「堂堂～（竟然…）」。,名詞 + ともあろう + 名詞,だいがくきょうじゅともあろうひとが、そんな かんたんな かんじを まちがえるなんて。,大学教授ともあろう人が、そんな簡単な漢字を間違えるなんて。,堂堂一個大學教授，竟然會搞錯這麼簡單的漢字。,こっかいぎいんともあろうものが、うそを ついては ならない。,国会議員ともあろう者が、嘘をついてはならない。,身為堂堂的國會議員，絕不能說謊。
～たるもの（は）,",後項多為表示該立場下應盡的義務、責任或應有的態度。",表示「作為～」、「身為～」。,名詞 + たるもの（は）,きょうしたるものは、つねに がくせいのことを だいいちに かんがえるべきだ。,教師たる者は、常に学生のことを第一に考えるべきだ。,身為教師，應當時刻把學生的事放在第一位考慮。,リーダーたるものは、どんな ときも れいせいでなければならない。,リーダーたる者は、どんな時も冷静でなければならない。,作為一個領導者，無論何時都必須保持冷靜。
～なりに,",表示雖然程度不高或不完美，但在其能力或條件範圍內盡力了。",表示「以～自己的方式」、「なりに」。,名詞 / い形容詞 / な形容詞な / 動詞(普通形) + なりに,わたしなりに かんがえてみましたが、いい アイデアは うかびませんでした。,私なりに考えてみましたが、いいアイデアは浮かびませんでした。,我以我自己的方式思考了一下，但沒想出什麼好主觀意。,まずしいながらも、かれらは かれらなりの しあわせを みつけた。,貧しいながらも、彼らは彼らなりの幸せを見つけた。,雖然貧窮，但他們找到了屬於他們自己的幸福。
～にひきかえ,",用於強調前後兩項的鮮明對比。",表示「與～形成對照」、「與～相反」。,名詞 / 普通形修飾名詞 + にひきかえ,きのうの おおあめに ひきかえ、きょうは すばらしい せいてんだ。,昨日の大雨にひきかえ、今日は素晴らしい晴天だ。,與昨天的大雨形成對照，今天天氣絕佳。,まじめな あにに ひきかえ、おとうとは あそんでばかりいる。,真面目な兄にひきかえ、弟は遊んでばかりいる。,與認真的哥哥相反，弟弟整天就知道玩。
～にもまして,",強調後項的程度超過前項。「BはAにもまして～」表示「B比A更～」。",表示「比～更」。,名詞 / 疑問詞 + にもまして,むかしも うつくしかったが、いまの かのじょは むかしにもまして かがやいている。,昔も美しかったが、今の彼女は昔にもまして輝いている。,以前她也很美，但現在的她比過去更加耀眼。,なによりもまして、けんこうが だいいちだ。,何よりもまして、健康が第一だ。,比任何事都更重要的是，健康第一。
～ないまでも,",表示雖然達不到最理想的A程度，但至少達到了次一等的B程度。",表示「即使不到～的程度，但至少…」。,動詞ない形 + までも,プロには なれないまでも、しゅみとして ピアノを つづけたい。,プロにはなれないまでも、趣味としてピアノを続けたい。,即使成不了專業選手，也想作為興趣繼續彈鋼琴。,ぜんいんとは いわないまでも、せめて はんすうの さんせいは えたい。,全員とは言わないまでも、せめて半数の賛成は得たい。,即使不說是全員，也希望至少能得到半數的贊成。
～に至って,"にいたって,表示事態發展到了某個極端或最終的階段，後項多為終於發生的事情。",表示「到了～的地步」。,名詞 / 動詞(辞書形) + に至って / に至っても,じたいが ここにいたって、ようやく かれは ことの じゅうだいさに きづいた。,事態がここに至って、ようやく彼はことの重大さに気づいた。,事態發展到這個地步，他才終於意識到事情的嚴重性。,なんども ちゅうこくしたのに、かれは いまだに いたっても たいどを あらためようとしない。,何度も忠告したのに、彼はいまだに至っても態度を改めようとしない。,明明警告了好幾次，但他到了現在還是不肯改變態度。
～に至っては,"にいたっては,用於列舉多個例子後，舉出一個最極端的例子並加以評論。",表示「至於～（這個極端例子）」。,名詞 + に至っては,どの かもくも せいせきが わるいが、すうがくに いたっては さいあくだ。,どの科目も成績が悪いが、数学に至っては最悪だ。,我所有科目成績都很差，至於數學，更是糟透了。,ちちも ははも わたしに むかんしんだが、あにに いたっては まるで あかにんあつかいだ。,父も母も私に無関心だが、兄に至ってはまるで他人扱いだ。,爸爸媽媽對我漠不關心，至於哥哥，更是把我當外人一樣。
～始末だ,"しまつだ,後項多為最糟糕的、令人無奈的最終結果。",表示「（最終）落得～的下場」。,動詞(辞書形) / この・その・あの + 始末だ,かれは しゃっきんを かさね、さいごには じぶんの いえまで うるしまつだ。,彼は借金を重ね、最後には自分の家まで売る始末だ。,他債台高築，最後落得連自己的房子都賣掉了的下場。,さんざん まよったあげく、このしまつだよ。,さんざん迷ったあげく、この始末だよ。,猶豫了半天，結果卻是這副德性。
～っぱなしだ,",帶有批評或不滿的語氣，指責某事做了一半就放著不管，或某種狀態一直持續著。",表示「一直～著（不管）」。,動詞ます形 + っぱなしだ,へやの まどを あけっぱなしに して でかけてしまった。,部屋の窓を開けっぱなしにして出かけてしまった。,我開著房間的窗戶就出門了。,きのうから テレビが つけっぱなしだよ。,昨日からテレビがつけっぱなしだよ。,電視從昨天就一直開著。
～たりとも…ない,",「たりとも」前面多接「一 + 助数詞」，表示「即使是最小單位，也絕不…」，是種非常強烈的否定。",表示「即使～也（不）…」。,一 + 助数詞 + たりとも + 否定形,しけんちゅうは、いちびょうたりとも むだに してはいけない。,試験中は、一秒たりとも無駄にしてはいけない。,考試中，即使一秒也不能浪費。,なにびとたりとも、この しんせいな ばしょに はいることは ゆるされない。,何人たりとも、この神聖な場所に入ることは許されない。,無論是誰，都不允許進入這個神聖的場所。
～すら,",與「～さえ」意思相近，但「すら」是更為書面的表達。通過舉出一個極端的、理所當然的例子，來類推其他。",表示「連～都…」。,名詞(助詞省略) + すら,あまりに つかれていて、ゆび いっぽんうごかすことすら できなかった。,あまりに疲れていて、指一本動かすことすらできなかった。,我累到連一根手指都動不了。,その もんだいは、せんもんかですら かいけつできない。,その問題は、専門家ですら解決できない。,那個問題，連專家都解決不了。
～だに,",古風、書面的表達方式。常用於「想像だにしない」「聞くだに恐ろしい」等固定用法。",表示「光是～就…」、「連～都…」。,名詞 / 動詞(辞書形) + だに,その じけんのことは、おもいだすだに おそろしい。,その事件のことは、思い出すだに恐ろしい。,那起事件，光是想起來就覺得可怕。,そうぞうだにしなかった ことが、げんじつに おこってしまった。,想像だにしなかったことが、現実に起こってしまった。,連想都沒想過的事，竟然在現實中發生了。
～にして,",① 表示時間、地點、狀態。② 表示手段、原因。③ 表示轉折。④ 表示強調數量之多。",表示「在～」、「作為～」、「到了～才」。,名詞 + にして,この としにして はじめて、じぶんの むちを しった。,この年にして初めて、自分の無知を知った。,到了這個年紀，才初次體會到自己的無知。,かれにして できなかったのだから、わたしに できるはずがない。,彼にしてできなかったのだから、私にできるはずがない。,連他都做不到，我更不可能做到了。
～あっての,",強調前項是後項成立不可或缺的基礎。「正是因為有A，才有B」。",表示「正因為有～，才有～」。,名詞 + あっての + 名詞,おきゃくさまあっての しょうばいですから、たいせつに しなければなりません。,お客様あっての商売ですから、大切にしなければなりません。,正因為有顧客才有這門生意，所以必須好好珍惜。,いのちあっての ものだねだ。,命あっての物種だ。,留得青山在，不怕沒柴燒。
～からある・～からする・～からの,",用於強調數量、重量、金額等非常之大。",表示「（多達）～以上」。,数量を表す名詞 + からある / からする / からの,かれは ひゃっキロからある いわを かるがると もちあげた。,彼は百キロからある岩を軽々と持ち上げた。,他輕鬆地舉起了重達百公斤以上的岩石。,その えは、すうひゃくまんえんからする ねうちが あるらしい。,その絵は、数百万円からする値打ちがあるらしい。,那幅畫似乎有著高達數百萬日圓的價值。
～までもない,",表示事情很理所當然，沒必要特地去做某個動作。",表示「用不著～」、「沒必要～」。,動詞(辞書形) + までもない,これは かんたんな けいさんだから、でんたくを つかうまでもない。,これは簡単な計算だから、電卓を使うまでもない。,這是很簡單的計算，用不著計算機。,いうまでもなく、きげんを まもることは しゃかいじんとしての きほんだ。,言うまでもなく、期限を守ることは社会人としての基本だ。,不用說，遵守期限是作為社會人的基本。
～までだ,",① 表示除此之外別無他法「只好～」。<br>② 表示自己的行為並無特殊含義「只是～罷了」。",表示「大不了～就是了」、「只是～而已」。,①動詞(辞書形)+までだ<br>②動詞た形+までだ,だれも きょうりょくしてくれないなら、ひとりで やるまでだ。,誰も協力してくれないなら、一人でやるまでだ。,如果誰都不肯合作，那大不了我一個人做就是了。,とくに ふかいいみは ありません。ただ ほんとうのことを いったまでです。,特に深い意味はありません。ただ本当のことを言ったまでです。,沒有什麼特別的意思，我只是說了實話而已。
～ばそれまでだ,",表示「如果發生了前項的事，那一切就都完了、白費了」。",表示「（要是～的話）那就完了」。,動詞ば形 + それまでだ,どんなに けんこうに きをつけていても、おおきな じこに あえば それまでだ。,どんなに健康に気をつけていても、大きな事故に遭えばそれまでだ。,無論多麼注意健康，要是遇到大事故那就全完了。,せっかく れんしゅうしても、ほんばんで しっぱいすれば それまでだ。,せっかく練習しても、本番で失敗すればそれまでだ。,即使特地練習了，如果在正式場合失敗了也還是白搭。
～には当たらない,"にあたらない,表示程度很輕，不值得做後項的動作。",表示「不值得～」、「用不著～」。,動詞(辞書形) / 名詞 + には当たらない,かれの せいこうは とうぜんの けっかであり、おどろくには あたらない。,彼の成功は当然の結果であり、驚くには当たらない。,他的成功是理所當然的結果，不值得驚訝。,そのていどの ことで、かんしゃには あたりません。,その程度のことでは、感謝には及びません。,只是那種程度的小事，用不著感謝。
～でなくてなんだろう,",使用反問的形式，來強烈肯定「這就是A，而不是別的」。",表示「這不是～，又是什麼呢？」。,名詞 + でなくてなんだろう,これこそ、わたしが いっしょうを かけて さがしもとめていた あい でなくてなんだろう。,これこそ、私が一生をかけて探し求めていた愛でなくてなんだろう。,這不就是我用一生來尋找的愛，又是什麼呢？,かれの えんそうは、まさに てんさいの わざ でなくてなんだろうか。,彼の演奏は、まさに天才の技でなくてなんだろうか。,他的演奏，不正可謂是天才的技藝嗎？
～に足る,"にたる,表示某事物具有足夠的價值，值得去做後項的行為。",表示「足以～」、「值得～」。,動詞(辞書形) / 名詞 + に足る,かれは しんらいするに たる じんぶつだ。,彼は信頼するに足る人物だ。,他是個值得信賴的人物。,インターネットの じょうほうは、すべてが しんじるに たるものではない。,インターネットの情報は、すべてが信じるに足るものではない。,網路上的資訊，並非全部都值得相信。
～に堪える,"にたえる,多與「鑑賞」「読む」「聞く」等動詞搭配。表示具有很高的價值，值得一看、一聽。否定形式「～に堪えない」表示「不忍～」、「不值～」。",表示「值得～」、「堪～」。,動詞(辞書形) / 名詞 + に堪える / に堪えない,この えいがは、かんしょうに たえる すばらしい さくひんだ。,この映画は、鑑賞に堪える素晴らしい作品だ。,這部電影是值得鑑賞的優秀作品。,かれの へたな うたは、きくに たえない。,彼の下手な歌は、聞くに堪えない。,他那差勁的歌聲，真是不堪入耳。
～といったらない,",是「～といったらありはしない」的簡略說法，用於強調說話者（好或壞的）極端情感。",表示「～得不得了」、「極其～」。,い形容詞 / な形容詞 / 名詞 + といったらない,そのときの うれしさといったらなかった。,そのときの嬉しさといったらない。,當時那高興勁兒，真是沒法說。,ふじさんの ちょうじょうから みる けしきの すばらしさといったらなかった。,富士山の頂上から見る景色の素晴らしさといったらない。,從富士山頂看到的景色，真是美得無與倫bi。
～かぎりだ,",用於表達說話者當下的、極其強烈的主觀感受。",表示「～之極」。,い形容詞 / な形容詞な + かぎりだ,ともだちの けっこんしきに しょうたいされなかったのは、かなしいかぎりだ。,友達の結婚式に招待されなかったのは、悲しいかぎりだ。,沒被邀請參加朋友的婚禮，真是傷心至極。,こんな すばらしい なかまに めぐりあえて、うらやましいかぎりです。,こんな素晴らしい仲間に巡り会えて、羨ましいかぎりです。,能遇到這麼棒的夥伴，我真是羨慕至極。
～極まる,"きわまる,非常書面的表達。前接的詞語多為「無礼」「失礼」「残念」等帶有負面評價的詞。",表示「～至極」、「極其～」。,な形容詞(詞幹) + 極まる<br>な形容詞 + 極まりない,しつれい きわまる たいどに、おもわず こえを あらげてしまった。,失礼極まる態度に、思わず声を荒げてしまった。,對他那失禮至極的態度，我忍不住大聲了起來。,かんきゃくの マナーの わるさは、ふゆかい きわまりなかった。,観客のマナーの悪さは、不愉快極まりなかった。,觀眾的禮儀之差，令人極其不快。
～てやまない,",用於表達發自內心的、持續的、深切的情感或願望。是一種非常鄭重的書面語。",表示「衷心地～」、「～不已」。,動詞て形 + やまない,みなさまの ごけんこうと ごたこうを、こころより ねがってやみません。,皆様のご健勝とご多幸を、心より願ってやみません。,衷心祝願各位身體健康、萬事如意。,そつぎょうしても、ぼこうの はってんを ねがってやまない。,卒業しても、母校の発展を願ってやまない。,即使畢業了，也無時無刻不期盼著母校的發展。
～ないではすまない,",從社會常識、規則或當時的狀況來看，必須要做某事，不做的話是說不過去的。",表示「不能不～」、「必須～」。,動詞ない形(ない) + ないではすまない<br>動詞ない形(ない→ず) + にはすまない,ひとに めいわくを かけたのだから、あやまらないではすまないだろう。,人に迷惑をかけたのだから、謝らないではすまないだろう。,既然給別人添了麻煩，就不能不道歉吧。,ぶかの しっぱいを、じょうしである わたしが せきにんを とらずにはすまない。,部下の失敗を、上司である私が責任を取らずにはすまない。,部下的失敗，身為上司的我必須承擔責任。
～ないではおかない,",表示說話者的強烈意志，或某種自然力量，必然會導致後項的發生，絕不放任其處於未完成的狀態。",表示「非要～不可」、「一定要～」。,動詞ない形(ない) + ないではおかない<br>動詞ない形(ない→ず) + にはおかない,かれの はつげんは、かいじょうに はもんを ひろげないではおかなかった。,彼の発言は、会場に波紋を広げないではおかなかった。,他的發言，勢必會在會場引起軒然大波。,こんな ひどいことを した やつは、ぜったいに ゆるさないではおかない。,こんなひどいことをした奴は、絶対に許さないではおかない。,做出這麼過分事情的傢伙，我絕不會放過他。
～を禁じ得ない,"をきんじえない,用於表達某種情感油然而生，無法抑制。是非常書面的用法。",表示「禁不住～」。,名詞 + を禁じ得ない,その むごたらしい じけんの ニュースを きき、いきどおりを きんじえなかった。,その惨たらしい事件のニュースを聞き、憤りを禁じ得なかった。,聽到那起殘忍事件的新聞，我禁不住感到憤慨。,かれの かなしい かこを しり、なみだを きんじえなかった。,彼の悲しい過去を知り、涙を禁じ得なかった。,得知他悲傷的過去，我禁不住流下了眼淚。
～を余儀なくされる,"をよぎなくされる,主語是人，表示在某種強大的外力下，被迫做自己不願意做的事。",表示「被迫～」。,名詞 + を余儀なくされる,たいふうの ため、ひこうきは ちゃくりくを よぎなくされた。,台風のため、飛行機は着陸を余儀なくされた。,由於颱風，飛機被迫著陸。,かれは びょうきで にゅういんを よぎなくされた。,彼は病気で入院を余儀なくされた。,他因為生病而被迫住院。
