"遭う",あう,"自動詞・五段活用","","遭遇 (多指不幸之事)","旅行中に盗難に遭った。","旅行途中遇到了盜竊。"
"飼う",かう,"他動詞・五段活用","","饲养","私は犬を一匹飼っている。","我養了一隻狗。"
"沿う",そう,"自動詞・五段活用","","沿着,顺着","川に沿って、桜の木が植えられている。","沿著河邊種著櫻花樹。"
"縫う",ぬう,"他動詞・五段活用","","缝,缝合","ボタンが取れたので、自分で縫い付けた。","因為鈕扣掉了，所以我自己把它縫上了。"
"酔う",よう,"自動詞・五段活用","","喝醉,晕(车/船)","お酒を飲みすぎて、すっかり酔ってしまった。","酒喝多了，完全醉了。"
"奪う",うばう,"他動詞・五段活用","","抢夺,剥夺","彼は他人から自由を奪う権利はない。","他沒有權利剝奪他人的自由。"
"覆う",おおう,"他動詞・五段活用","","覆盖,蒙上,掩盖","山は厚い雪で覆われている。","山被厚厚的雪覆蓋著。"
"狂う",くるう,"自動詞・五段活用","狂う - 狂わす","发疯,发生故障,(计划)被打乱","時計が狂って、時間がわからない。","手錶出問題了，不知道時間。"
"誘う",さそう,"他動詞・五段活用","","邀请,引诱","友達を映画に誘った。","我邀請了朋友去看電影。"
"誓う",ちかう,"他動詞・五段活用","","发誓,宣誓","彼は彼女を一生愛することを誓った。","他發誓要一生愛她。"
"倣う",ならう,"他動詞・五段活用","","模仿,效仿","前例に倣って、会議を進めた。","仿照先前的例子，推進了會議。"
"扱う",あつかう,"他動詞・五段活用","","对待,处理,经营","この商品は壊れやすいので、丁寧に扱ってください。","這個商品很容易壞，所以請小心處理。"
"従う",したがう,"自動詞・五段活用","","遵从,跟從,听从","規則に従って、行動してください。","請遵從規則行動。"
"伴う",ともなう,"他動詞・五段活用","","伴随,带有","この仕事には大きな責任が伴います。","這份工作伴隨著重大的責任。"
"聴く",きく,"他動詞・五段活用","","听(音乐、演讲等)","毎朝、クラシック音楽を聴きながら朝食をとる。","我每天早上都一邊聽古典音樂一邊吃早餐。"
"裂く",さく,"他動詞・五段活用","裂ける - 裂く","撕开,裂开,劈开","手紙を読んでから、怒ってびりびりに裂いた。","讀完信後，生氣地把它撕得粉碎。"
"敷く",しく,"他動詞・五段活用","","铺,垫","部屋に新しいカーペットを敷いた。","在房間裡鋪了新的地毯。"
"炊く",たく,"他動詞・五段活用","炊ける - 炊く","煮(饭)","毎朝、炊きたてのご飯を食べる。","每天早上吃剛煮好的米飯。"
"吐く",はく,"他動詞・五段活用","","吐,吐出,说出","気分が悪くて、吐いてしまった。","因為身體不舒服，所以吐了。"
"履く",はく,"他動詞・五段活用","","穿(鞋、裤、袜)","外出する前に、靴を履く。","出門前穿鞋。"
"弾く",ひく,"他動詞・五段活用","","弹(奏)","彼女はピアノを上手に弾くことができる。","她能很熟練地彈鋼琴。"
"描く",えがく,"他動詞・五段活用","","描画,描绘","美しい風景を描くのが趣味だ。","我的興趣是描繪美麗的風景。"
"渇く",かわく,"自動詞・五段活用","","(喉咙)渴","喉が渇いたので、水を一杯飲んだ。","因為口渴了，所以喝了一杯水。"
"砕く",くだく,"他動詞・五段活用","砕ける - 砕く","打碎,弄碎,使…通俗易懂","氷を細かく砕いてジュースに入れる。","把冰塊弄碎後放進果汁裡。"
"響く",ひびく,"自動詞・五段活用","","回响,影响,产生共鸣","彼の声はホールによく響いた。","他的聲音在大廳裡很好地迴響。"
"輝く",かがやく,"自動詞・五段活用","","闪耀,发光,辉煌","夜空に星が輝いている。","夜空中星星在閃耀。"
"脱ぐ",ぬぐ,"他動詞・五段活用","","脱(衣服、鞋)","家に帰ったら、まずコートを脱ぐ。","回到家首先脫掉大衣。"
"稼ぐ",かせぐ,"他動詞・五段活用","","赚钱,挣钱","生活のために、一生懸命稼がなければならない。","為了生活，必須拼命賺錢。"
"騒ぐ",さわぐ,"自動詞・五段活用","","吵闹,喧哗","図書館では騒いではいけません。","在圖書館不可以吵鬧。"
"挿す",さす,"他動詞・五段活用","","插入,插上","花瓶に花を挿した。","把花插在花瓶裡。"
"致す",いたす,"謙譲語動詞・五段活用","","做 (「する」的谦让语)","私が致しますので、ご心配なく。","我來做，所以請不用擔心。"
"崩す",くずす,"他動詞・五段活用","崩れる - 崩す","弄塌,打乱,换钱","積まれた本を崩さないように気をつけて。","請注意不要弄倒堆起來的書。"
"脅かす",おどかす,"他動詞・五段活用","脅える - 脅かす","威胁,吓唬","物陰に隠れて、通りかかる人を脅かしてはいけない。","不可以躲在暗處嚇唬路過的人。"
"励ます",はげます,"他動詞・五段活用","励む - 励ます","鼓励,激励","落ち込んでいる友達を励ました。","我鼓勵了心情低落的朋友。"
"繰り返す",くりかえす,"他動詞・五段活用","","重复,反复","同じ間違いを繰り返さないでください。","請不要重複同樣的錯誤。"
"撃つ",うつ,"他動詞・五段活用","","射击","ハンターが銃で鳥を撃った。","獵人開槍射鳥。"
"討つ",うつ,"他動詞・五段活用","","讨伐,征讨","歴史上、多くの英雄が敵を討った。","歷史上，許多英雄討伐了敵人。"
"跳ぶ",とぶ,"自動詞・五段活用","","跳,跳跃","彼は高く跳ぶことができる。","他能跳得很高。"
"酌む",くむ,"他動詞・五段活用","","斟(酒),喝(酒)","友と酒を酌み交わすのは楽しい。","和朋友對酌是一件開心的事。"
"澄む",すむ,"自動詞・五段活用","","清澈,澄清","山の空気はとても澄んでいる。","山裡的空氣非常清新。"
"踏む",ふむ,"他動詞・五段活用","","踩,踏","うっかり彼の足を踏んでしまった。","不小心踩到了他的腳。"
"恨む",うらむ,"他動詞・五段活用","","怨恨,记恨","人を恨んでも、良いことは何もない。","怨恨別人沒有任何好處。"
"縮む",ちぢむ,"自動詞・五段活用","縮む - 縮める","收缩,缩小","このセーターは洗濯したら縮んでしまった。","這件毛衣洗了之後縮水了。"
"悔やむ",くやむ,"他動詞・五段活用","","后悔,懊悔","彼は過去の行動を深く悔やんでいる。","他對過去的行為深感後悔。"
"膨らむ",ふくらむ,"自動詞・五段活用","膨らむ - 膨らます","膨胀,鼓起,(希望/预算)增大","期待に胸が膨らむ。","期待令我心中充滿喜悅。"
"刈る","かる","他動詞・五段活用","","收割，修剪（草坪、頭髮等）","庭の芝生をきれいに刈った。","把院子裡的草坪修剪得很整齊。"
"釣る","つる","他動詞・五段活用","","釣魚，引誘","週末は川へ魚を釣りに行く。","我週末要去河邊釣魚。"
"撮る","とる","他動詞・五段活用","","拍攝，拍照","旅行の記念に写真をたくさん撮った。","為了旅行紀念，拍了很多照片。"
"振る","ふる","他動詞・五段活用","","揮，搖，甩，撒","彼女は悲しそうに首を横に振った。","她悲傷地搖了搖頭。"
"掘る","ほる","他動詞・五段活用","","挖掘，開鑿","庭に穴を掘って木を植えた。","在院子裡挖了個洞種樹。"
"彫る","ほる","他動詞・五段活用","","雕刻","彼は木の板に見事な龍を彫った。","他在木板上雕刻了精美的龍。"
"盛る","もる","他動詞・五段活用","","盛裝，堆放","皿にパスタを大盛りに盛る。","把義大利麵大份地盛在盤子裡。"
"至る","いたる","自動詞・五段活用","","到達，至","山頂に至る道は険しい。","通往山頂的道路很險峻。"
"劣る","おとる","自動詞・五段活用","","劣於，遜色","性能では新しいモデルに劣る。","在性能上不如新款型號。"
"飾る","かざる","他動詞・五段活用","","裝飾","部屋に美しい花を飾った。","在房間裡裝飾了美麗的花。"
"腐る","くさる","自動詞・五段活用","腐らせる","腐爛，腐敗","冷蔵庫の中の牛乳が腐ってしまった。","冰箱裡的牛奶腐壞了。"
"削る","けずる","他動詞・五段活用","","削，削減","鉛筆をナイフで削る。","用小刀削鉛筆。"
"茂る","しげる","自動詞・五段活用","","茂盛，繁茂","夏になると、庭の木々が青々と茂る。","一到夏天，院子裡的樹木就長得鬱鬱蔥蔥。"
"縛る","しばる","他動詞・五段活用","","捆，綁，束縛","古い新聞をひもで縛って捨てる。","把舊報紙用繩子捆起來扔掉。"
"絞る","しぼる","他動詞・五段活用","","擰，擠，絞盡腦汁","タオルを固く絞ってください。","請把毛巾擰乾。"
"滑る","すべる","自動詞・五段活用","滑らせる","滑，打滑","雪道で足が滑って転んでしまった。","在雪路上腳一滑摔倒了。"
"迫る","せまる","自動詞・五段活用","","逼近，臨近","試験が目前に迫ってきた。","考試逼近眼前了。"
"黙る","だまる","自動詞・五段活用","","沉默，不作聲","彼は何か言いたそうだったが、結局黙っていた。","他好像想說些什麼，但最後還是沉默了。"
"殴る","なぐる","他動詞・五段活用","","毆打","理由もなく人を殴ってはいけない。","不能無緣無故打人。"
"握る","にぎる","他動詞・五段活用","","握，抓，掌握","子供は母親の手をしっかりと握った。","孩子緊緊地握住了媽媽的手。"
"濁る","にごる","自動詞・五段活用","濁す","混濁，不清澈","大雨のせいで川の水が濁っている。","因為大雨，河水變得很混濁。"
"巡る","めぐる","自動詞・五段活用","","圍繞，巡遊","このバスは市内を巡って駅に戻る。","這趟巴士環繞市內後返回車站。"
"潜る","もぐる","自動詞・五段活用","","潛水，鑽入","海に潜って美しいサンゴを見た。","潛入海中看到了美麗的珊瑚。"
"譲る","ゆずる","他動詞・五段活用","","轉讓，讓給","お年寄りに席を譲った。","我給老年人讓了座。"
"謝る","あやまる","自動詞・五段活用","","道歉，認錯","自分のミスを素直に謝った。","坦率地為自己的錯誤道了歉。"
"偏る","かたよる","自動詞・五段活用","","偏向，不平衡","栄養が偏らないように、何でも食べなさい。","為了營養均衡，什麼都要吃。"
"透き通る","すきとおる","自動詞・五段活用","","透明，清澈","湖の水は底まで透き通っていた。","湖水清澈見底。"
"煮る","にる","他動詞・一段活用","煮える","煮，燉","大根が柔らかくなるまで煮る。","把蘿蔔煮到變軟為止。"
"診る","みる","他動詞・一段活用","","看病，診斷","医者に風邪を診てもらった。","讓醫生給我看了感冒。"
"飽きる","あきる","自動詞・一段活用","","厭煩，膩","毎日同じゲームで遊んでいたら飽きてきた。","每天玩同一個遊戲，開始膩了。"
"飢える","うえる","自動詞・一段活用","","飢餓","戦争で多くの人々が飢えていた。","因戰爭很多人在挨餓。"
"殖える","ふえる","自動詞・一段活用","殖やす","繁殖，增多","最近、ネズミが殖えて困っている。","最近老鼠增多，很傷腦筋。"
"訴える","うったえる","他動詞・一段活用","","控訴，訴說","彼は会社を相手取って損害賠償を訴えた。","他控告公司並要求損害賠償。"
"蓄える","たくわえる","他動詞・一段活用","","儲存，積蓄","冬に備えて食料を蓄える。","為過冬儲備糧食。"
"掛ける","かける","他動詞・一段活用","掛かる","懸掛，花費（時間/金錢）","壁に絵を掛ける。","把畫掛在牆上。"
"避ける","さける","他動詞・一段活用","","避開，迴避","水たまりを避けて歩いた。","我避開水坑走路。"
"漬ける","つける","他動詞・一段活用","漬かる","浸泡，醃漬","野菜を塩水に漬ける。","把蔬菜浸泡在鹽水裡。"
"怠ける","なまける","自動詞・一段活用","","懶惰，懈怠","勉強を怠けると、試験に合格できないよ。","學習一懈怠，就無法通過考試了喔。"
"揚げる","あげる","他動詞・一段活用","揚がる","油炸；舉起","鶏肉に衣をつけて揚げる。","給雞肉裹上麵衣油炸。"
"焦げる","こげる","自動詞・一段活用","焦がす","燒焦，烤糊","パンが焦げてしまったので、食べられなかった。","麵包烤焦了，所以沒法吃了。"
"妨げる","さまたげる","他動詞・一段活用","","妨礙，阻礙","彼の睡眠を妨げないように、静かにしてください。","請保持安靜，以免妨礙他睡眠。"
"載せる","のせる","他動詞・一段活用","載る","放置，刊登","荷物を棚の上に載せてください。","請把行李放在架子上。"
"慌てる","あわてる","自動詞・一段活用","","慌張，著急","地震が起きても、慌てずに落ち着いて行動してください。","即使發生地震，也不要慌張，請冷靜行動。"
"隔てる","へだてる","他動詞・一段活用","隔たる","隔開，分隔","この川が二つの町を隔てている。","這條河分隔了兩個鎮。"
"企てる","くわだてる","他動詞・一段活用","","策劃，企圖","彼らは銀行強盗を企てたが、失敗に終わった。","他們策劃搶劫銀行，但以失敗告終。"
"兼ねる","かねる","他動詞・一段活用","","兼任，兼備","彼は社長と監督を兼ねている。","他兼任社長和總教練。"
"跳ねる","はねる","自動詞・一段活用","","跳，濺","雨の日に車が泥水を跳ねた。","下雨天，汽車濺起了泥水。"
"尋ねる","たずねる","他動詞・一段活用","","詢問，打聽","道を尋ねるために、警察官に声をかけた。","為了問路，我跟警察搭了話。"
"締める","しめる","他動詞・一段活用","締まる","勒緊，繫上","シートベルトをしっかりと締めてください。","請繫好安全帶。"
"攻める","せめる","他動詞・一段活用","","進攻，攻擊","相手の弱点を集中的に攻める。","集中攻擊對方的弱點。"
"納める","おさめる","他動詞・一段活用","納まる","繳納，收藏","税金を期限までに納めなければならない。","必須在期限前繳納稅金。"
"勧める","すすめる","他動詞・一段活用","","推薦，勸說","友人にこの本を読むように勧めた。","我推薦朋友讀這本書。"
"眺める","ながめる","他動詞・一段活用","","眺望，凝視","窓から美しい景色を眺めるのが好きだ。","我喜歡從窗邊眺望美麗的景色。"
"慰める","なぐさめる","他動詞・一段活用","","安慰，慰問","失恋した友人を一生懸命慰めた。","我盡力安慰了失戀的朋友。"
"揺れる","ゆれる","自動詞・一段活用","揺らす","搖晃，擺動","船が波で大きく揺れた。","船因海浪而劇烈搖晃。"
"負う","おう","他動詞・五段活用","","背負，承擔","彼はその事故の責任を全て負った。","他承擔了那次事故的全部責任。"
"舞う","まう","自動詞・五段活用","","飛舞，飄揚","桜の花びらが風に舞っている。","櫻花花瓣在風中飛舞。"
"競う","きそう","他動詞・五段活用","","競爭，競賽","二人の選手が一位を競っている。","兩位選手正在爭奪第一名。"
"担う","になう","他動詞・五段活用","","承擔，肩負","次世代を担う若者を育てる。","培養肩負下一代的年輕人。"
"養う","やしなう","他動詞・五段活用","","養育，培養","彼は家族を養うために、一生懸命働いている。","他為了養家而努力工作。"
"損なう","そこなう","他動詞・五段活用","","損害，破壞","不適切な発言が彼の評判を損なった。","不當的發言損害了他的名譽。"
"恥じらう","はじらう","自動詞・五段活用","","害羞，羞怯","彼女は褒められて、恥じらって顔を赤らめた。","她被誇獎後，害羞地臉紅了。"
"見計らう","みはからう","他動詞・五段活用","","酌情，斟酌，看準時機","タイミングを見計らって発言する。","看準時機發言。"
"説く","とく","他動詞・五段活用","","說明，說教，勸說","仏の教えを人々に説く。","向人們解說佛法。"
"築く","きずく","他動詞・五段活用","","建立，構築","彼らは長年の努力で、信頼関係を築いた。","他們經由長年的努力建立了信賴關係。"
"背く","そむく","自動詞・五段活用","","違背，背叛","親の期待に背くことはできない。","我不能辜負父母的期望。"
"導く","みちびく","他動詞・五段活用","","引導，指引","先生は生徒たちを成功へと導いた。","老師引導學生們走向成功。"
"接ぐ","つぐ","他動詞・五段活用","","連接，接骨","折れた枝を接いで、テープで固定した。","把斷掉的樹枝接好，用膠帶固定了。"
"研ぐ","とぐ","他動詞・五段活用","","磨，磨快；淘（米）","包丁を研いだら、よく切れるようになった。","菜刀磨過之後，變得很好切。"
"担ぐ","かつぐ","他動詞・五段活用","","扛，挑，迷信","大きな荷物を肩に担ぐ。","把大件行李扛在肩上。"
"召す","めす","他動詞・五段活用","","吃、喝、穿（的尊敬語）","先生、どうぞお茶を召してください。","老師，請用茶。"
"記す","しるす","他動詞・五段活用","","記錄，記下","大切なことを手帳に記しておく。","把重要的事情記在手冊上。"
"逃す","のがす","他動詞・五段活用","逃れる","錯過，放過","絶好のチャンスを逃してしまった。","錯失了絕佳的機會。"
"耕す","たがやす","他動詞・五段活用","","耕作，耕地","農家は春になると畑を耕す。","農家一到春天就耕田。"
"著す","あらわす","他動詞・五段活用","","撰寫，著述","彼は自身の経験についての本を著した。","他寫了一本關於自身經歷的書。"
"志す","こころざす","他動詞・五段活用","","立志，目標","彼は医者を志して、医学部に進学した。","他立志成為醫生，升入了醫學院。"

"明かす","あかす","他動詞・五段活用","明ける","揭露，道出；過夜","彼はついに秘密を明かした。","他終於揭露了秘密。"
"生かす","いかす","他動詞・五段活用","生きる","活用，使...發揮作用","自分の経験を仕事に生かす。","把自己的經驗活用在工作上。"
"抜かす","ぬかす","他動詞・五段活用","抜ける","遺漏，跳過","大事な部分を抜かして読んではいけない。","不可以跳過重要的部分閱讀。"
"生やす","はやす","他動詞・五段活用","生える","使...生長（鬍鬚、草等）","彼は口ひげを生やしている。","他留著小鬍子。"
"費やす","ついやす","他動詞・五段活用","","花費，耗費","研究に多くの時間を費やした。","在研究上花費了很多時間。"
"交わす","かわす","他動詞・五段活用","","交換，互相","新年の挨拶を交わした。","互相致以新年的問候。"
"冷やかす","ひやかす","他動詞・五段活用","","嘲弄，戲弄；只問不買","カップルを冷やかしてはいけません。","不可以嘲弄情侶。"
"断つ","たつ","他動詞・五段活用","","斷絕，戒除","彼はきっぱりと酒を断った。","他毅然戒了酒。"
"保つ","たもつ","他動詞・五段活用","","保持，維持","若さを保つために運動をしている。","為了保持年輕而運動。"
"尊ぶ","とうとぶ","他動詞・五段活用","","尊重，尊崇","我々は伝統的な文化を尊ぶべきだ。","我們應該尊重傳統文化。"
"産む","うむ","他動詞・五段活用","生まれる","生產，產下","庭の猫が子猫を五匹産んだ。","院子裡的貓生了五隻小貓。"
"富む","とむ","自動詞・五段活用","","富有，充滿","彼は経験に富んだ人物だ。","他是個經驗豐富的人物。"
"病む","やむ","自動詞・五段活用","","生病，患病","彼は長い間、心を病んでいた。","他心病了很久。"
"歩む","あゆむ","自動詞・五段活用","","步行，前進（抽象）","彼女は彼と新しい人生を歩み始めた。","她和他開始了新的人生。"
"絡む","からむ","自動詞・五段活用","絡める","纏繞，牽連","この事件には複雑な人間関係が絡んでいる。","這個事件牽涉了複雜的人際關係。"
"涼む","すずむ","自動詞・五段活用","","乘涼","夕方、縁側で涼んだ。","傍晚在廊下乘涼。"
"恵む","めぐむ","他動詞・五段活用","","施捨，恩惠","貧しい人々に食料を恵んだ。","施捨食物給貧困的人們。"
"営む","いとなむ","他動詞・五段活用","","經營，營生","彼は小さなレストランを営んでいる。","他經營著一家小餐館。"
"危ぶむ","あやぶむ","他動詞・五段活用","","擔心，堪憂","計画の成功が危ぶまれている。","計畫的成功令人擔憂。"
"反る","そる","自動詞・五段活用","反らす","彎曲，翹起","湿気で本の表紙が反ってしまった。","因為濕氣書的封面翹起來了。"
"練る","ねる","他動詞・五段活用","","揉，推敲，擬定","旅行の計画をじっくり練る。","仔細擬定旅行計畫。"
"煙る","けむる","自動詞・五段活用","","冒煙，煙霧繚繞","遠くの山が霧で煙って見える。","遠處的山因霧氣而煙霧繚繞。"
"募る","つのる","自動詞・五段活用","","越來越厲害，加劇","会えない時間が長くなるほど、思いは募る。","無法相見的時間越長，思念就越強烈。"
"図る","はかる","他動詞・五段活用","","策劃，圖謀","問題の早期解決を図る。","圖謀問題的及早解決。"
"勝る","まさる","自動詞・五段活用","","勝過，優於","経験は知識に勝ることもある。","經驗有時勝過知識。"
"操る","あやつる","他動詞・五段活用","","操縱，駕馭","彼は五つの言語を自由に操る。","他能流利地運用五種語言。"
"誤る","あやまる","他動詞・五段活用","","弄錯，搞錯","運転を誤って事故を起こした。","因操作失誤而引發了事故。"
"受かる","うかる","自動詞・五段活用","受ける","考上，合格","彼は希望していた大学に受かった。","他考上了心儀的大學。"
"群がる","むらがる","自動詞・五段活用","","群聚，聚集","砂糖にアリが群がっている。","螞蟻聚集在砂糖上。"
"連なる","つらなる","自動詞・五段活用","連ねる","相連，成排","遠くに連なる山々が見える。","可以看到遠處連綿的山脈。"
"交わる","まじわる","自動詞・五段活用","交える","交叉，交往","二つの直線は一点で交わる。","兩條直線交於一點。"
"老いる","おいる","自動詞・一段活用","","老，上年紀","人は誰でも老いるものだ。","人總是會老的。"
"強いる","しいる","他動詞・一段活用","","強迫，強加","自分の意見を他人に強いてはいけない。","不應該把自己的意見強加於人。"
"率いる","ひきいる","他動詞・一段活用","","率領，帶領","将軍は一万の兵を率いて出発した。","將軍率領一萬士兵出發了。"
"恥じる","はじる","他動詞・一段活用","","感到羞恥","彼は自分の行動を深く恥じた。","他對自己的行為深感羞恥。"
"重んじる","おもんじる","他動詞・一段活用","","重視，器重","この会社は結果よりもプロセスを重んじる。","這家公司比起結果更重視過程。"
"帯びる","おびる","他動詞・一段活用","","帶有，含有（顏色、性質）","彼の目には憂いの色が帯びていた。","他的眼神中帶有一絲憂鬱。"
"省みる","かえりみる","他動詞・一段活用","","反省，回顧","過去の失敗を省みて、未来に生かす。","反省過去的失敗，活用於未來。"
"試みる","こころみる","他動詞・一段活用","","嘗試","新しい方法を試みる価値はある。","值得嘗試新的方法。"
"経る","へる","自動詞・一段活用","","經過（時間、場所）","十年を経て、町は大きく変わった。","經過十年，城鎮變化很大。"
"絶える","たえる","自動詞・一段活用","絶やす","斷絕，終止","山頂からの通信が絶えてしまった。","來自山頂的通信中斷了。"
"映える","はえる","自動詞・一段活用","","輝映，襯托","青い空に紅葉がよく映える。","紅葉在藍天的映襯下非常好看。"
"構える","かまえる","他動詞・一段活用","","建造，擺出（架勢）","彼は川のそばに家を構えた。","他在河邊蓋了房子。"
"仕える","つかえる","自動詞・一段活用","","侍奉，服務","昔、彼は王に仕えていた。","以前，他侍奉國王。"
"生ける","いける","他動詞・一段活用","","插花；養活","花瓶にバラを生けた。","在花瓶裡插了玫瑰花。"
"化ける","ばける","自動詞・一段活用","","化裝，變成","キツネは美しい女性に化けると言われている。","據說狐狸會變成美麗的女子。"
"更ける","ふける","自動詞・一段活用","","夜深","夜が更けるまで語り合った。","我們聊到夜深。"
"老ける","ふける","自動詞・一段活用","","顯老","苦労が続いて、彼は急に老けたように見えた。","因為連續的辛勞，他看起來一下子老了許多。"
"授ける","さずける","他動詞・一段活用","授かる","授予，傳授","王は彼に勲章を授けた。","國王授予他勳章。"
"設ける","もうける","他動詞・一段活用","","設立，設置","駅前に新しいバス停が設けられた。","車站前設立了新的公車站。"
"挙げる","あげる","他動詞・一段活用","挙がる","舉出，舉行","例を一つ挙げてください。","請舉一個例子。"
"告げる","つげる","他動詞・一段活用","","告知，宣告","審判は試合の終了を告げた。","裁判宣告了比賽結束。"
"和らげる","やわらげる","他動詞・一段活用","和らぐ","使...緩和，使...柔和","この薬は痛みを和らげる効果がある。","這個藥有緩解疼痛的效果。"
"果てる","はてる","自動詞・一段活用","","終結，死亡","長い旅の果てに、彼は故郷にたどり着いた。","漫長旅途的盡頭，他終於回到了故鄉。"
"定める","さだめる","他動詞・一段活用","定まる","決定，規定","会議で今後の方針を定める。","在會議上決定今後的方針。"
"乱れる","みだれる","自動詞・一段活用","乱す","混亂，紊亂","風で髪が乱れてしまった。","頭髮被風吹亂了。"
"敗れる","やぶれる","自動詞・一段活用","破る","敗，輸","我々のチームは決勝戦で敗れた。","我們的隊伍在決賽中敗北了。"
"訪れる","おとずれる","他動詞・一段活用","","到訪，來臨","毎年多くの観光客がこの町を訪れる。","每年都有很多觀光客到訪這個小鎮。"
"値する","あたいする","自動詞・サ行変格活用","","值得","彼の行動は尊敬に値する。","他的行為值得尊敬。"
"添う","そう","自動詞・五段活用","添える","貼近，滿足（期望）","いつも妻の期待に添える夫でありたい。","我想成為一直能滿足妻子期待的丈夫。"
"襲う","おそう","他動詞・五段活用","","襲擊","クマに襲われないように注意してください。","請注意不要被熊襲擊。"
"慕う","したう","他動詞・五段活用","","愛慕，仰慕","彼女は多くの学生から慕われている先生だ。","她是位受到眾多學生愛慕的老師。"
"潤う","うるおう","自動詞・五段活用","潤す","濕潤，滋潤","クリームを塗って肌が潤った。","塗了乳霜後皮膚變滋潤了。"
"漂う","ただよう","自動詞・五段活用","","漂浮，洋溢","部屋にコーヒーの香りが漂っている。","房間裡飄散著咖啡的香氣。"
"繕う","つくろう","他動詞・五段活用","","修補，修飾","破れたズボンを繕う。","修補破掉的褲子。"
"賄う","まかなう","他動詞・五段活用","","供給，維持","この奨学金で学費のすべてを賄うことができる。","這筆獎學金可以支付全部的學費。"
"裁く","さばく","他動詞・五段活用","","審判，裁判","裁判官は公平に被告人を裁かなければならない。","法官必須公平地審判被告。"
"喚く","わめく","自動詞・五段活用","","大叫，叫喊","子供がおもちゃが欲しいと大声で喚いている。","孩子大聲叫喊著想要玩具。"
"懐く","なつく","自動詞・五段活用","","親近，順從","この犬はなかなか人に懐かない。","這隻狗很難與人親近。"
"欺く","あざむく","他動詞・五段活用","","欺騙","言葉巧みに人を欺く。","花言巧語地欺騙人。"
"貫く","つらぬく","他動詞・五段活用","","貫徹，穿過","困難な状況でも、彼は自分の信念を貫いた。","即使在困難的狀況下，他仍貫徹自己的信念。"
"赴く","おもむく","自動詞・五段活用","","奔赴，前往","彼は新しい任地に赴いた。","他奔赴了新的任職地。"
"継ぐ","つぐ","他動詞・五段活用","","繼承","彼は父の会社を継ぐことになっている。","他將會繼承父親的公司。"
"仰ぐ","あおぐ","他動詞・五段活用","","仰望；尊敬；請教","夜空を仰ぐと、満天の星が輝いていた。","仰望夜空，滿天星斗閃耀。"
"揺らぐ","ゆらぐ","自動詞・五段活用","","搖晃，動搖","強風で橋が少し揺らいだ。","因為強風，橋有些搖晃。"











"侵す","おかす","他動詞・五段活用","","侵犯，侵害","他人の権利を侵してはならない。","不可以侵犯他人的權利。"
"脅す","おどす","他動詞・五段活用","","威脅，恐嚇","彼はナイフで人を脅して金を奪った。","他用刀威脅人搶走了錢。"
"浸す","ひたす","他動詞・五段活用","浸る","浸泡，浸濕","汚れた服を水に浸しておく。","把髒衣服浸泡在水裡。"
"促す","うながす","他動詞・五段活用","","催促，促進","早く返事をするよう彼に促した。","我催促他盡快回覆。"
"施す","ほどこす","他動詞・五段活用","","施予，施行","患者に応急手当を施した。","對患者進行了急救處理。"
"催す","もよおす","他動詞・五段活用","","舉辦；感覺到（便意、睡意等）","市は週末に音楽祭を催す予定だ。","市政府計劃在週末舉辦音樂節。"
"覆す","くつがえす","他動詞・五段活用","覆る","推翻，顛覆","裁判官は一審の判決を覆した。","法官推翻了一審的判決。"
"尽くす","つくす","他動詞・五段活用","尽きる","竭盡，盡力","彼はチームの勝利のために全力を尽くした。","他為團隊的勝利竭盡了全力。"
"脅かす","おびやかす","他動詞・五段活用","","威脅（地位、安全等）","環境汚染は私たちの健康を脅かしている。","環境污染正威脅著我們的健康。"
"摘む","つむ","他動詞・五段活用","","採，摘（花、茶葉等）","庭でミントの葉を摘んでお茶を入れた。","在院子裡摘了薄荷葉來泡茶。"
"挑む","いどむ","他動詞・五段活用","","挑戰，較量","彼は世界記録に挑むことを決意した。","他決心挑戰世界紀錄。"
"臨む","のぞむ","自動詞・五段活用","","面對，面臨；出席","試験に臨む前に、深呼吸をした。","在面臨考試前，我深吸了一口氣。"
"励む","はげむ","自動詞・五段活用","","努力，致力","彼女は目標達成のために日夜勉強に励んでいる。","她為了達成目標日夜努力學習。"
"弾む","はずむ","自動詞・五段活用","弾ませる","彈跳；起勁，熱烈","ボールがよく弾む。","球彈得很高。"
"阻む","はばむ","他動詞・五段活用","","阻止，阻擋","大雪が救助隊の行く手を阻んだ。","大雪阻擋了救援隊的前進道路。"
"謹む","つつしむ","他動詞・五段活用","","謹慎，恭謹","公の場では言葉を謹むべきだ。","在公開場合應該謹言慎行。"
"惜しむ","おしむ","他動詞・五段活用","","珍惜，惋惜","彼は努力を惜しまず、研究を続けた。","他愛惜努力，持續進行研究。"
"織る","おる","他動詞・五段活用","","編織","彼女は美しい模様の布を織っている。","她正在編織美麗花紋的布料。"
"凝る","こる","自動詞・五段活用","","熱衷，講究；痠痛","彼は写真に凝っていて、高価なカメラをたくさん持っている。","他熱衷於攝影，擁有許多昂貴的相機。"
"擦る","する","他動詞・五段活用","","摩擦，擦","マッチを擦って火をつけた。","劃了根火柴點了火。"
"漏る","もる","自動詞・五段活用","漏らす","洩漏","屋根から雨水が漏っている。","雨水從屋頂漏進來了。"
"焦る","あせる","自動詞・五段活用","","焦急，急躁","出発の時間が迫り、彼は焦り始めた。","出發時間逼近，他開始焦急起來。"
"悟る","さとる","他動詞・五段活用","","領悟，醒悟","彼は自分の過ちを悟り、謝罪した。","他領悟到自己的錯誤並道了歉。"
"障る","さわる","自動詞・五段活用","","妨礙，有害","夜更かしは健康に障る。","熬夜對健康有害。"
"粘る","ねばる","自動詞・五段活用","","黏；堅持不懈","最後まで粘って、逆転勝利した。","堅持到最後，逆轉取得了勝利。"
"罵る","ののしる","他動詞・五段活用","","咒罵，謾罵","彼は激しい言葉で相手を罵った。","他用激烈的言辭咒罵對方。"
"誇る","ほこる","他動詞・五段活用","","誇耀，自豪","この町は美しい景色を誇っている。","這個城鎮以其美麗的景色為傲。"
"偽る","いつわる","他動詞・五段活用","","偽裝，冒充，說謊","彼は年齢を偽って会社に入った。","他謊報年齡進入了公司。"
"怠る","おこたる","他動詞・五段活用","","怠慢，疏忽","日々の練習を怠ると、すぐに腕が落ちる。","如果疏忽日常練習，技術會馬上退步。"
"陥る","おちいる","自動詞・五段活用","","陷入，陥入","彼は深刻なジレンマに陥った。","他陷入了嚴重的困境。"
"遮る","さえぎる","他動詞・五段活用","","遮擋，打斷","カーテンで光を遮る。","用窗簾遮擋光線。"
"葬る","ほうむる","他動詞・五段活用","","埋葬","彼は亡くなったペットを庭に葬った。","他把死去的寵物埋葬在院子裡。"
"奉る","たてまつる","他動詞・五段活用","","供奉，奉獻","神に供え物を奉る。","向神明供奉祭品。"
"滞る","とどこおる","自動詞・五段活用","","停滯，拖欠","仕事が滞っていて、なかなか終わらない。","工作停滯不前，遲遲無法完成。"
"携わる","たずさわる","自動詞・五段活用","","從事，參與","私は長年、教育に携わってきた。","我長年從事教育工作。"
"取り締まる","とりしまる","他動詞・五段活用","","管制，取締","警察は交通違反を厳しく取り締まっている。","警察正在嚴格取締交通違規。"
"駆ける","かける","自動詞・一段活用","","快跑，奔馳","子供たちが野原を元気に駆けている。","孩子們正在原野上精力充沛地奔跑。"
"遂げる","とげる","他動詞・一段活用","","完成，達到","彼はついに初優勝を遂げた。","他終於達成了首次優勝。"
"掲げる","かかげる","他動詞・一段活用","掲がる","懸掛；提出（目標、理念）","チームは「全国制覇」という目標を掲げた。","隊伍提出了「稱霸全國」的目標。"
"染める","そめる","他動詞・一段活用","染まる","染，染紅","彼女は髪を明るい茶色に染めた。","她把頭髮染成了亮棕色。"
"傷める","いためる","他動詞・一段活用","傷む","損傷，弄壞","無理な運動で膝を傷めてしまった。","因為過度的運動，膝蓋受傷了。"
"緩める","ゆるめる","他動詞・一段活用","緩む","放鬆，放緩","仕事のペースを少し緩めることにした。","我決定稍微放慢工作的步調。"
"垂れる","たれる","自動詞・一段活用","垂らす","下垂，滴落","軒先から雨水が垂れている。","雨水從屋簷滴落。"
"廃れる","すたれる","自動詞・一段活用","","廢除，過時","その言葉はもう廃れて、今ではほとんど使われない。","那個詞已經過時，現在幾乎沒人用了。"
"紛れる","まぎれる","自動詞・一段活用","紛らす","混淆，混入","彼は人ごみに紛れて姿を消した。","他混入人群中消失了身影。"
"免れる","まぬかれる","他動詞・一段活用","","避免，擺脫","幸いにも、彼はその事故で重傷を免れた。","幸運的是，他在那次事故中免受重傷。"
"良い","よい","形容詞","","好的，優秀的","今日は天気が良いので、散歩に行きましょう。","今天天氣很好，去散步吧。"
"粗い","あらい","形容詞","","粗糙的，粗略的","このセーターは肌触りが粗い。","這件毛衣的觸感很粗糙。"
"淡い","あわい","形容詞","","淺的，淡的","彼女は淡いピンク色のドレスを着ていた。","她穿著一件淡粉色的連衣裙。"
"堅い","かたい","形容詞","","硬的，堅固的；生硬的","このパンは古くて、とても堅い。","這個麵包放太久了，非常硬。"

"臭い","くさい","形容詞","","有臭味的，可疑的","この部屋はなんだかガス臭い。","這個房間聞起來有股瓦斯味。"
"渋い","しぶい","形容詞","","澀的；雅緻的，深沉的","このお茶は少し渋い味がする。","這茶有點澀。"
"緩い","ゆるい","形容詞","","寬鬆的，緩慢的","ズボンが緩いので、ベルトが必要です。","褲子太鬆了，需要一條皮帶。"
"尊い","とうとい","形容詞","","尊貴的，寶貴的","人々の努力によって尊い命が救われた。","因為人們的努力，寶貴的生命獲救了。"
"貴い","とうとい","形容詞","","高貴的，珍貴的","経験から得た教訓は貴い財産だ。","從經驗中得到的教訓是珍貴的財產。"
"醜い","みにくい","形容詞","","醜的，難看的","嫉妬は醜い感情の一つだ。","嫉妒是醜陋的感情之一。"
"快い","こころよい","形容詞","","愉快的，爽快的","快い返事をいただき、ありがとうございます。","感謝您爽快的答覆。"
"危うい","あやうい","形容詞","","危險的，靠不住的","彼は危ういところで事故を免れた。","他差一點就發生事故了（僥倖避免）。"
"惜しい","おしい","形容詞","","可惜的，惋惜的","あと一点で試合に勝てたのに、惜しかった。","差一點就能贏得比賽，真可惜。"
"怪しい","あやしい","形容詞","","奇怪的，可疑的","家の前に怪しい人が立っている。","家門前站著一個可疑的人。"
"卑しい","いやしい","形容詞","","卑賤的，卑劣的；嘴饞的","人の物を盗むとは、なんて卑しい行為なんだ。","偷別人的東西，是多麼卑劣的行為啊。"
"厳しい","きびしい","形容詞","","嚴格的，嚴峻的","父は私にとても厳しかった。","父親對我非常嚴格。"
"悔しい","くやしい","形容詞","","懊悔的，不甘心的","試合に負けて、本当に悔しい。","輸了比賽，真的很不甘心。"
"詳しい","くわしい","形容詞","","詳細的，精通的","この件について、もっと詳しい情報が必要です。","關於這件事，需要更詳細的資訊。"
"寂しい","さびしい","形容詞","","寂寞的，孤單的","友達が引っ越してしまって、とても寂しい。","朋友搬家了，我感到非常寂寞。"
"乏しい","とぼしい","形容詞","","缺乏的，貧乏的","日本は天然資源が乏しい国だ。","日本是個天然資源缺乏的國家。"
"激しい","はげしい","形容詞","","激烈的，劇烈的","外は激しい雨が降っている。","外面正下著滂沱大雨。"
"著しい","いちじるしい","形容詞","","顯著的，顯著的","彼の日本語能力は著しく向上した。","他的日語能力有了顯著的提升。"
"騒がしい","さわがしい","形容詞","","吵鬧的，不安寧的","隣の部屋が騒がしくて、眠れない。","隔壁房間很吵，沒辦法睡覺。"
"懐かしい","なつかしい","形容詞","","懷念的，令人懷舊的","この歌を聴くと、子供のころを思い出して懐かしい。","聽到這首歌，就會想起小時候，真令人懷念。"
"悩ましい","なやましい","形容詞","","惱人的，傷腦筋的","どうすればいいか、悩ましい問題だ。","該怎麼辦才好，真是個傷腦筋的問題。"
"甚だしい","はなはだしい","形容詞","","非常，極度（多用於負面）","彼の態度は礼儀知らずも甚だしい。","他的態度極其無禮。"
"華々しい","はなばなしい","形容詞","","華麗的，輝煌的","彼女はテニスの世界で華々しい活躍をした。","她在網球界有著輝煌的表現。"
"煩わしい","わずらわしい","形容詞","","麻煩的，繁瑣的","役所の煩わしい手続きをようやく終えた。","總算完成了政府機關繁瑣的手續。"
"慌ただしい","あわただしい","形容詞","","匆忙的，慌張的","年末はいつも慌ただしい日が続く。","年末總是持續著忙亂的日子。"
"汚らわしい","けがらわしい","形容詞","","汙穢的，骯髒的","そんな汚らわしい話は聞きたくない。","我不想聽那種骯髒的話題。"
"紛らわしい","まぎらわしい","形容詞","","容易混淆的，模稜兩可的","この二つの単語は意味が似ていて紛らわしい。","這兩個單詞意思相近，很容易混淆。"
"平たい","ひらたい","形容詞","","扁平的，淺顯的","この石は平たい形をしている。","這個石頭是扁平的形狀。"
"酸っぱい","すっぱい","形容詞","","酸的","このレモンはとても酸っぱい。","這個檸檬非常酸。"
"愚かな","おろかな","形容動詞","","愚蠢的","同じ間違いを繰り返すなんて、私はなんて愚かなんだ。","重複同樣的錯誤，我真是太愚蠢了。"
"厳かな","おごそかな","形容動詞","","莊嚴的，莊重的","教会で厳かな結婚式が行われた。","在教堂舉行了莊嚴的婚禮。"
"巧みな","たくみな","形容動詞","","巧妙的，高明的","彼は巧みな話術で聴衆を魅了した。","他用高明的話術吸引了聽眾。"
"惨めな","みじめな","形容動詞","","悲慘的，淒慘的","雨に濡れて、彼は惨めな姿だった。","被雨淋濕，他的樣子很淒慘。"
"哀れな","あわれな","形容動詞","","可憐的，悲哀的","捨てられた子犬の姿が哀れだった。","被遺棄的小狗的樣子很可憐。"
"盛んな","さかんな","形容動詞","","興盛的，熱烈的","この地域では農業が盛んだ。","這個地區的農業很興盛。"
"鮮やかな","あざやかな","形容動詞","","鮮明的，出色的","彼女は鮮やかな青いドレスを着ていた。","她穿著一件鮮豔的藍色連衣裙。"
"穏やかな","おだやかな","形容動詞","","平穩的，溫和的","今日の海はとても穏やかだ。","今天的大海非常平靜。"
"細やかな","こまやかな","形容動詞","","細緻的，入微的","彼女の細やかな心遣いに感動した。","我被她細緻入微的關懷感動了。"
"健やかな","すこやかな","形容動詞","","健康的，健壯的","子供の健やかな成長を願う。","祈願孩子健康成長。"
"速やかな","すみやかな","形容動詞","","迅速的，及時的","問題が発生した場合、速やかな対応が求められる。","發生問題時，需要迅速應對。"
"和やかな","なごやかな","形容動詞","","和睦的，溫和的","パーティーは和やかな雰囲気で進んだ。","派對在和睦的氣氛中進行。"
"華やかな","はなやかな","形容動詞","","華麗的，絢麗的","彼女はいつも華やかな服装をしている。","她總是穿著華麗的服裝。"
"緩やかな","ゆるやかな","形容動詞","","平緩的，寬鬆的","この坂道は緩やかで、歩きやすい。","這個坡道很平緩，很好走。"
"清らかな","きよらかな","形容動詞","","清澈的，純潔的","山の奥には清らかな小川が流れていた。","山深處流淌著清澈的小溪。"
"滑らかな","なめらかな","形容動詞","","光滑的，流暢的","赤ちゃんの肌はとても滑らかだ。","嬰兒的皮膚非常光滑。"
"朗らかな","ほがらかな","形容動詞","","開朗的，爽朗的","彼女はいつも朗らかな笑顔で挨拶してくれる。","她總是用開朗的笑容向我打招呼。"
"月並みな","つきなみな","形容動詞","","平凡的，陳腐的","月並みな表現だが、君の瞳は星のようだ。","雖然是陳腐的說法，但你的眼眸像星星一樣。"
"幾","いく","連体詞","","幾，多少","幾多の困難を乗り越えて、彼は成功した。","克服了許多困難後，他成功了。"
"我が","わが","連体詞","","我的，我們的","我が社は顧客第一をモットーにしています。","我們公司以顧客至上為座右銘。"
"来る","くる","連体詞","","即將到來的，下個","来る日曜日に同窓会が開かれる。","即將到來的星期日要舉行同學會。"
"明くる","あくる","連体詞","","翌，第二","その事件の明くる日、彼は町を去った。","那件事的第二天，他離開了小鎮。"
"沿い","そい","接尾語","","沿著","この道は海岸沿いに続いている。","這條路沿著海岸延伸。"
"難い","がたい","接尾語","","難以...","それは信じ難い話だが、事実だ。","那是難以置信的事，但卻是事實。"
"仮に","かりに","副詞","","假如，假設","仮に私が君の立場だったら、同じことをするだろう。","假如我站在你的立場，大概也會做同樣的事吧。"
"殊に","ことに","副詞","","特別，尤其","私は果物が好きだが、殊にメロンが好きだ。","我喜歡水果，尤其喜歡哈密瓜。"
"既に","すでに","副詞","","已經","私が駅に着いた時、電車は既に出発していた。","我到車站時，電車已經出發了。"
"甚だ","はなはだ","副詞","","非常，很（多用於負面）","彼の行動には甚だ迷惑している。","對他的行為感到非常困擾。"
"専ら","もっぱら","副詞","","專門，主要","休日は専ら家で本を読んで過ごす。","假日主要在家讀書度過。"
"極めて","きわめて","副詞","","極其，非常","この問題は極めて重要だ。","這個問題極其重要。"
"飽くまで","あくまで","副詞","","終究，到底","彼は飽くまで自分の無実を主張した。","他堅持主張自己無罪到底。"
"及び","および","接続詞","","以及，和","机の上には、ペン、ノート、及び消しゴムがある。","桌上有筆、筆記本以及橡皮擦。"
"故に","ゆえに","接続詞","","因此，所以","我思う、故に我在り。","我思，故我在。"
"並びに","ならびに","接続詞","","以及，還有（多用於正式場合）","会長並びに役員の皆様にご挨拶申し上げます。","向會長以及各位幹部致以問候。"
"若しくは","もしくは","接続詞","","或者，或是","参加希望者は、電話若しくはメールでご連絡ください。","希望參加者，請用電話或是郵件聯絡。"
"鐘","かね","名詞","","鐘","大晦日に除夜の鐘を聞きに行く。","除夕夜要去聽跨年鐘聲。"
"鈴","すず","名詞","","鈴鐺","猫の首に鈴を付けた。","在貓的脖子上繫了鈴鐺。"
"笛","ふえ","名詞","","笛子","彼は笛を吹くのが上手だ。","他很會吹笛子。"
"網","あみ","名詞","","網","漁師が海に網を投げ入れた。","漁夫把漁網撒入海中。"
"綱","つな","名詞","","粗繩，纜繩","綱を引いて船を岸に近づけた。","拉著纜繩讓船靠近岸邊。"

"縄","なわ","名詞","","繩子","古い新聞を縄で縛る。","用繩子捆綁舊報紙。"
"鎖","くさり","名詞","","鎖，鏈條","門は太い鎖で閉ざされていた。","大門被粗大的鎖鏈鎖住了。"
"筒","つつ","名詞","","筒，管子","竹の筒に水を入れる。","把水裝入竹筒裡。"
"器","うつわ","名詞","","器皿，容器；才幹","料理を美しい器に盛り付ける。","將菜餚盛在漂亮的器皿裡。"
"杯","さかずき","名詞","","酒杯（尤指日式）","祝いの席で杯を交わした。","在慶祝的宴席上交杯換盞。"
"柄","え","名詞","","柄，把手","この包丁は柄が握りやすい。","這把菜刀的刀柄很好握。"
"傘","かさ","名詞","","傘","雨が降りそうなので、傘を持って行きなさい。","好像要下雨了，帶上傘吧。"
"旗","はた","名詞","","旗幟","運動会で自国の旗を振って応援した。","在運動會上揮舞本國的國旗加油。"
"鏡","かがみ","名詞","","鏡子","毎朝、鏡を見て髪を整える。","每天早上照鏡子整理頭髮。"
"棚","たな","名詞","","架子，層架","本を棚に戻してください。","請把書放回書架上。"
"双子","ふたご","名詞","","雙胞胎","私のクラスには双子の姉妹がいる。","我的班級裡有一對雙胞胎姊妹。"
"婿","むこ","名詞","","女婿","来月、娘の婿になる人が挨拶に来る。","下個月，要成為女兒女婿的人會來拜訪。"
"嫁","よめ","名詞","","媳婦，妻子","兄の嫁はとても料理が上手だ。","哥哥的媳婦非常會做飯。"
"若者","わかもの","名詞","","年輕人","最近の若者は新しい考え方を持っている。","最近的年輕人有新的思維方式。"
"悪者","わるもの","名詞","","壞人，反派角色","物語では、最後に悪者が倒される。","在故事裡，壞人最後會被打倒。"
"我々","われわれ","代名詞","","我們（較正式）","我々の目標は、このプロジェクトを成功させることだ。","我們的目標是讓這個企劃成功。"
"鬼","おに","名詞","","鬼，魔鬼；比喻無情的人","彼は仕事の鬼だ。","他是個工作狂。"
"頭","かしら","名詞","","頭領，首領","彼は盗賊の頭として知られていた。","他以盜賊頭目的身份為人所知。"
"お供","おとも","名詞","","隨從，陪伴","社長の海外出張にお供した。","我陪同社長去海外出差。"
"地主","じぬし","名詞","","地主","昔、この辺り一帯は大きな地主が所有していた。","以前，這一帶都為一個大地主所有。"
"麻","あさ","名詞","","麻，麻布","夏の服は麻でできているものが多い。","夏天的衣服很多是麻製的。"
"絹","きぬ","名詞","","絲綢，蠶絲","このスカーフは絹でできている。","這條圍巾是絲綢製的。"
"織物","おりもの","名詞","","紡織品","この地域の伝統的な織物は、とても美しい。","這個地區的傳統紡織品非常美麗。"
"柄","がら","名詞","","花紋，圖案","彼女は華やかな柄のワンピースを着ていた。","她穿著一件花色鮮豔的連衣裙。"
"丈","たけ","名詞","","長度，身高","スカートの丈を少し短くしてもらった。","我把裙子的長度改短了一點。"
"喪服","もふく","名詞","","喪服","お葬式には喪服を着て参列する。","參加葬禮要穿喪服。"
"紫","むらさき","名詞","","紫色","紫は高貴な色とされている。","紫色被認為是高貴的顏色。"
"冠","かんむり","名詞","","冠，王冠","王様は金の冠をかぶっていた。","國王戴著金色的王冠。"
"傷","きず","名詞","","傷，創傷；瑕疵","転んで膝に傷ができた。","摔倒後膝蓋受了傷。"
"舌","した","名詞","","舌頭","熱いお茶を飲んで舌をやけどした。","喝了熱茶，燙到了舌頭。"
"唇","くちびる","名詞","","嘴唇","冬は唇が乾燥しやすい。","冬天嘴唇容易乾燥。"
"裸","はだか","名詞","","裸體","温泉では裸で入るのが普通だ。","在日本，泡溫泉通常是裸體進入的。"
"癖","くせ","名詞","","習慣，癖好","彼は考え事をするとき、髪を触る癖がある。","他思考時有摸頭髮的習慣。"
"姿","すがた","名詞","","姿態，身影","遠くに彼の姿が見えた。","在遠處看到了他的身影。"
"左利き","ひだりきき","名詞","","左撇子","日本の人口の約1割が左利きだそうだ。","據說日本人口中約有一成是左撇子。"
"身振り","みぶり","名詞","","手勢，肢體動作","彼は身振り手振りで一生懸命説明した。","他用手勢比劃著努力地說明。"
"恥","はじ","名詞","","恥辱，羞恥","人前で失敗して、恥をかいた。","在人前失敗了，丟了臉。"
"誠","まこと","名詞","","誠實，真誠","彼の言葉には誠がこもっていた。","他的話語中充滿了真誠。"
"魂","たましい","名詞","","靈魂，精神","彼はその絵に魂を込めて描いた。","他將靈魂傾注於那幅畫中。"
"志","こころざし","名詞","","志向，志願","彼は医者になるという志を持っている。","他有成為醫生的志向。"
"怒り","いかり","名詞","","憤怒","彼の裏切りに、激しい怒りを感じた。","對他的背叛，我感到了強烈的憤怒。"
"情け","なさけ","名詞","","仁慈，同情心","困っている人には情けをかけるべきだ。","應該對有困難的人表示同情。"
"過ち","あやまち","名詞","","過錯，失誤","若い頃の過ちを反省している。","我正在反省年輕時犯下的錯誤。"
"償い","つぐない","名詞","","補償，贖罪","彼は自分の犯した罪の償いをしようとしている。","他正在試圖彌補自己犯下的罪過。"
"戸惑い","とまどい","名詞","","困惑，不知所措","突然の知らせに、彼は戸惑いを隠せなかった。","面對突如其來的消息，他無法掩飾內心的困惑。"
"善しあし","よしあし","名詞","","好壞，善惡","物事の善し悪しを判断するのは難しい。","判斷事物的好壞是很困難的。"
"丘","おか","名詞","","丘陵，山丘","丘の上に立って街を眺めた。","站在山丘上眺望城市。"
"峰","みね","名詞","","山峰","遠くに見える山の峰は雪で覆われている。","遠處可見的山峰被雪覆蓋著。"
"峠","とうげ","名詞","","山頂，山口；關鍵時期","長い坂道を登り、ようやく峠に着いた。","爬了很久的坡道，總算到了山頂。"
"岬","みさき","名詞","","海角，岬","岬の先端に灯台が立っている。","在海角的頂端立著一座燈塔。"
"頂","いただき","名詞","","頂，頂點","山の頂からの景色は最高だった。","從山頂看到的景色是最棒的。"
"滝","たき","名詞","","瀑布","その滝はすごい迫力で水が流れ落ちていた。","那個瀑布以驚人的氣勢流水直下。"
"沼","ぬま","名詞","","沼澤","その沼には珍しい種類の鳥が生息している。","那個沼澤裡棲息著珍稀種類的鳥類。"
"霧","きり","名詞","","霧","今朝は霧が深くて、視界が悪い。","今天早上霧很濃，視線不好。"
"霜","しも","名詞","","霜","冬の朝、庭の草に霜が降りていた。","冬天的早晨，院裡的草上降了霜。"
"露","つゆ","名詞","","露水","朝早く起きると、葉の上に露が光っていた。","清晨早起，葉子上的露水閃閃發光。"
"滴","しずく","名詞","","水滴","蛇口から水の滴が落ちている。","水滴正從水龍頭滴落。"
"雫","しずく","名詞","","水滴","葉の先から雨の雫が垂れていた。","雨滴從葉尖滴落。"
"雷","かみなり","名詞","","雷","雷が鳴り始めたから、早く家に帰ろう。","開始打雷了，快點回家吧。"
"稲光","いなびかり","名詞","","閃電","遠くの空で稲光がした。","遠方的天空閃過一道電光。"
"泡","あわ","名詞","","泡沫，氣泡","ビールをグラスに注ぐと、白い泡が立った。","把啤酒倒入杯中，起了白色的泡沫。"
"渦","うず","名詞","","漩渦","船は大きな渦に巻き込まれそうになった。","船差點被捲入巨大的漩渦中。"
"沖","おき","名詞","","外海，遠海","漁船が沖へ出て行った。","漁船駛向了外海。"
"潮","しお","名詞","","潮汐，潮流","潮が満ちてきた。","漲潮了。"
"津波","つなみ","名詞","","海嘯","地震の後は津波に注意する必要がある。","地震過後需要注意海嘯。"
"浜辺","はまべ","名詞","","海邊，沙灘","夏休みに家族と浜辺で遊んだ。","暑假時和家人在海邊玩耍。"
"梅","うめ","名詞","","梅花，梅子","庭の梅が咲き始めた。","院子裡的梅花開始開了。"
"杉","すぎ","名詞","","杉樹","日本の山には杉の木が多い。","日本的山上有很多杉樹。"
"松","まつ","名詞","","松樹","海岸沿いに美しい松並木が続いている。","沿著海岸有美麗的松樹林蔭道。"
"桃","もも","名詞","","桃子，桃樹","夏になると、甘い桃が食べられる。","到了夏天，就能吃到甜甜的桃子。"
"桜","さくら","名詞","","櫻花","春には公園へ桜を見に行く。","春天時會去公園看櫻花。"
"芽","め","名詞","","芽","チューリップの芽が出てきた。","鬱金香發芽了。"
"稲","いね","名詞","","稻子","秋になると、田んぼの稲が金色になる。","到了秋天，田裡的稻子會變成金色。"
"茎","くき","名詞","","莖","この植物は茎がとても太い。","這種植物的莖非常粗。"
"芝","しば","名詞","","草坪","公園の芝の上で昼寝をする。","在公園的草坪上睡午覺。"
"筋","すじ","名詞","","筋，肌肉；條理；情節","彼の話は筋が通っている。","他說的話有條有理。"
"苗","なえ","名詞","","苗，秧苗","トマトの苗を畑に植えた。","把番茄苗種在了田裡。"
"幹","みき","名詞","","樹幹","木の幹に蝉がとまっている。","蟬停在樹幹上。"
"酢","す","名詞","","醋","料理に少し酢を加えると、さっぱりする。","在菜餚裡加一點醋會變得很清爽。"
"汁","しる","名詞","","湯，汁","毎朝、味噌汁を飲む。","每天早上都喝味噌湯。"
"乳","ちち","名詞","","乳汁，奶","赤ちゃんに乳をあげる。","給嬰兒餵奶。"
"芋","いも","名詞","","薯，芋頭類的總稱","冬は焼き芋がおいしい。","冬天烤地瓜很好吃。"
"豆","まめ","名詞","","豆子","彼はコーヒー豆を自分で挽いて飲む。","他自己磨咖啡豆來喝。"
"豚","ぶた","名詞","","豬","この料理は豚の肉を使っている。","這道菜用的是豬肉。"
"鶏","にわとり","名詞","","雞","鶏が朝早くから鳴いている。","雞一大早就開始叫了。"
"跡","あと","名詞","","痕跡，蹤跡","雪の上に動物の足の跡が残っていた。","雪地上留下了動物的腳印。"
"穴","あな","名詞","","洞，孔，穴","地面に大きな穴が開いている。","地上開了個大洞。"
"墓","はか","名詞","","墳墓","週末に先祖の墓参りに行った。","週末去給祖先掃墓了。"
"街","まち","名詞","","街道，城鎮","この街は夜景がきれいだ。","這座城市的夜景很美。"
"溝","みぞ","名詞","","溝，渠；隔閡","道の脇にある溝に気をつけてください。","請注意路邊的溝。"
"扉","とびら","名詞","","門扉（較大的門）","重い扉をゆっくりと開けた。","緩緩地推開了沉重的門。"
"井戸","いど","名詞","","井","昔は井戸から水を汲んでいた。","以前是從井裡取水。"
"お宮","おみや","名詞","","神社","新年にお宮へ初詣に行く。","新年時去神社進行新年初次參拜。"
"垣根","かきね","名詞","","籬笆，柵欄","家の周りを垣根で囲む。","用籬笆把房子周圍圍起來。"
"敷地","しきち","名詞","","地皮，用地","学校の敷地はとても広い。","學校的佔地非常寬廣。"
"踏切","ふみきり","名詞","","（鐵路）平交道","踏切で電車が通り過ぎるのを待つ。","在平交道等電車通過。"
"道端","みちばた","名詞","","路邊","道端にきれいな花が咲いていた。","路邊開著美麗的花。"
"縦","たて","名詞","","豎，縱向","レポートは縦書きで書いてください。","報告請用豎著寫。"
"縁","ふち","名詞","","邊緣","カップの縁が欠けている。","杯子的邊緣有缺口。"
"枠","わく","名詞","","框，框架；範圍","窓の枠を新しいものに交換した。","把窗框換成了新的。"
"塊","かたまり","名詞","","塊狀物，團","砂糖の塊をコーヒーに入れる。","把方糖放進咖啡裡。"
"斜め","ななめ","名詞","","斜，斜向","彼は私の斜め前に座った。","他坐在我的斜前方。"
"矢印","やじるし","名詞","","箭頭符號","矢印の方向に進んでください。","請朝箭頭的方向前進。"
"虫","むし","名詞","","蟲，昆蟲","夏になると、いろいろな虫が出てくる。","一到夏天，各種各樣的蟲子就出來了。"
"蚊","か","名詞","","蚊子","夜、蚊に刺されて眠れなかった。","晚上被蚊子咬了沒睡好。"
"蛇","へび","名詞","","蛇","草むらで蛇を見つけて驚いた。","在草叢裡看到蛇，嚇了一跳。"
"竜","りゅう","名詞","","龍","竜は伝説上の生き物だ。","龍是傳說中的生物。"
"尾","お","名詞","","尾巴","犬が嬉しそうに尾を振っている。","狗開心地搖著尾巴。"
"殻","から","名詞","","殼","卵の殻を捨ててください。","請把蛋殼丟掉。"
"角","つの","名詞","","角（動物的）","鹿は立派な角を持っている。","鹿有著氣派的角。"
"翼","つばさ","名詞","","翅膀，翼","鳥は翼を広げて空を飛んだ。","鳥兒張開翅膀飛向天空。"
"雌","めす","名詞","","雌性","このライオンは雌だ。","這隻獅子是母的。"
"雄","おす","名詞","","雄性","雄の孔雀は羽が美しい。","雄孔雀的羽毛很美。"
"此","これ","代名詞","","這個，這位","此は私の本です。","這本書是我的。"
"獣","けもの","名詞","","野獸","森の奥には、いろいろな獣がいる。","森林深處有各種野獸。"
"刃","は","名詞","","刀刃","このナイフは刃が鋭い。","這把小刀的刀刃很鋒利。"
"矢","や","名詞","","箭","彼は的の中心に矢を放った。","他朝靶心射了一箭。"
"盾","たて","名詞","","盾牌","兵士は盾で身を守った。","士兵用盾牌保護身體。"
"弾","たま","名詞","","子彈","ピストルに弾を込める。","把子彈裝入**之中。"
"的","まと","名詞","","靶子，目標","弓道の練習で的に矢を当てる。","在弓道練習中將箭射中靶子。"
"弓","ゆみ","名詞","","弓","弓を引いて矢を放つ。","拉弓射箭。"
"刀","かたな","名詞","","刀（尤指日本刀）","侍は刀を腰に差していた。","武士將刀插在腰間。"
"鉛","なまり","名詞","","鉛","釣りで使うおもりは鉛でできている。","釣魚用的鉛錘是鉛做的。"
"狩り","かり","名詞","","狩獵","昔の人は狩りをして食料を得ていた。","古時候的人靠狩獵獲取食物。"
"獲物","えもの","名詞","","獵物","ライオンが獲物を狙っている。","獅子正在瞄準獵物。"
"市","いち","名詞","","市集，市場","毎週末、駅前で朝市が開かれる。","每個週末，車站前都會有早市。"
"蔵","くら","名詞","","倉庫","古い蔵の中から、価値のある骨董品が見つかった。","從老舊的倉庫中發現了有價值的古董。"
"富","とみ","名詞","","財富","彼は一代で莫大な富を築いた。","他用一代人的時間建立了巨大的財富。"
"札","さつ","名詞","","紙鈔","財布に一万円札が一枚だけ入っていた。","錢包裡只有一張一萬日圓的紙鈔。"
"値","ね","名詞","","價格，價值","この絵は高い値がつくでしょう。","這幅畫應該會賣出高價吧。"
"小銭","こぜに","名詞","","零錢，硬幣","自動販売機を使うので、小銭が必要だ。","要用自動販賣機，所以需要零錢。"
"問屋","とんや","名詞","","批發商","生産者から商品を仕入れて、小売店に売るのが問屋だ。","從生產者那裡進貨，再賣給零售店的就是批發商。"
"残高","ざんだか","名詞","","餘額","銀行口座の残高を確認する。","確認銀行帳戶的餘額。"
"お釣り","おつり","名詞","","找零","千円札で払って、お釣りをもらった。","用一千日圓紙鈔付錢，拿了找零。"
"小遣い","こづかい","名詞","","零用錢","毎月、親から五千円のお小遣いをもらう。","每個月從父母那裡拿到五千日圓的零用錢。"
"要","かなめ","名詞","","關鍵，要點","この計画の要は、資金調達だ。","這個計畫的關鍵在於籌集資金。"
"技","わざ","名詞","","技術，招式","彼は柔道で素晴らしい技を見せた。","他在柔道中展現了精湛的招式。"
"暦","こよみ","名詞","","日曆，曆法","壁の暦を新しい月にめくる。","把牆上的日曆翻到新的一個月。"
"公","おおやけ","名詞","","公開，公共","この件はまだ公にされていない。","這件事還沒有被公開。"
"芝居","しばい","名詞","","戲劇，演戲","今度の日曜日、友達と芝居を見に行く。","這個星期天要和朋友去看戲。"
"手際","てぎわ","名詞","","手法，本領，處理方式","彼女はとても手際よく料理を作る。","她非常熟練地做飯。"
"偽物","にせもの","名詞","","仿冒品，假貨","これは本物そっくりに作られた偽物だ。","這是做得和真品一模一樣的假貨。"
"夜更かし","よふかし","名詞","","熬夜","試験前なので、毎晩夜更かししている。","因為快考試了，所以每晚都熬夜。"
"折","おり","名詞","","時候，機會","またの折に、ゆっくりお話ししましょう。","下次有機會再好好聊聊吧。"
"暇","ひま","名詞","","空閒，閒暇","暇な時に何をしていますか。","有空的時候你都做些什麼？"
"上","うえ","名詞","","上面，上方","本は机の上にある。","書在桌子上。"
"下","した","名詞","","下面，下方","猫がテーブルの下で寝ている。","貓在桌子底下睡覺。"
"端","はし","名詞","","邊緣，開頭","道の端を歩いてください。","請走在路邊。"
"隅","すみ","名詞","","角落","部屋の隅にほこりがたまっている。","房間角落積了灰塵。"
"源","みなもと","名詞","","源頭，根源","この川の源は、あの山の中にある。","這條河的源頭在那座山裡。"
"果て","はて","名詞","","盡頭，終點","宇宙の果てはどうなっているのだろう。","宇宙的盡頭是怎麼樣的呢？"
"傍ら","かたわら","名詞","","旁邊；同時","彼は大学に通う傍ら、アルバイトをしている。","他一邊上大學，一邊打工。"
"延べ","のべ","名詞/接頭語","","總計，共計","この工事には延べ一万人が参加した。","這項工程總計有一萬人參加。"
"盛り","さかり","名詞","","全盛時期，頂峰","今は桜が満開で、一番の盛りだ。","現在櫻花盛開，是最好的時候。"
"兆し","きざし","名詞","","徵兆，跡象","春の兆しが感じられるようになってきた。","開始能感覺到春天的跡象了。"
"半端","はんぱ","名詞/形容動詞","","零頭，不徹底","半端な時間があったので、カフェに寄った。","因為有些零碎的時間，就順道去了咖啡館。"
"影","かげ","名詞","","影子，身影","夕日に照らされて、長い影ができた。","被夕陽照射，拉出了長長的影子。"
"陰","かげ","名詞","","陰影處，背後","夏の日は、木の陰に入ると涼しい。","夏天時，躲到樹蔭下很涼快。"
"音","ね","名詞","","音色","このバイオリンは素晴らしい音が出る。","這把小提琴能發出美妙的音色。"
"趣","おもむき","名詞","","風趣，情趣","この庭は、古い日本の趣がある。","這座庭園有著古日本的風情。"
"本音","ほんね","名詞","","真心話，實話","酒を飲むと、つい本音が出てしまう。","一喝酒，就不小心說出真心話了。"
"初耳","はつみみ","名詞","","初次聽說","彼が結婚したなんて、初耳だよ。","我還是第一次聽說他結婚了。"
"見晴らし","みはらし","名詞","","景觀，視野","このホテルの部屋は見晴らしがとても良い。","這家飯店的房間視野非常好。"


















































