網羅,もうら,動詞 (他動詞),,网罗、概括,この辞書は、現代日本語の語彙を網羅している。
脆弱,ぜいじゃく,形容動詞,,脆弱,そのシステムは、セキュリティ面で脆弱性がある。
克明,こくめい,形容動詞,,仔细、详细,彼は事件の状況を克明に記録した。
踏襲,とうしゅう,動詞 (他動詞),,沿袭、继承,新しい経営陣も、前の方針を踏襲するようだ。
暫定,ざんてい,名詞/形容動詞,,暂定,その会議は、暫定的な合意に達した。
漏洩,ろうえい,名詞/動詞 (自動詞),漏らす（他動詞）,泄露,個人情報の漏洩は、企業の信頼を損なう。
罹患,りかん,動詞 (自動詞),,患病,彼は稀な病気に罹患したと診断された。
斡旋,あっせん,名詞/動詞 (他動詞),,斡旋、周旋,労働組合が、労使間の交渉を斡旋した。
錯綜,さくそう,名詞/動詞 (自動詞),,错综复杂,事件の状況は錯綜しており、解決には時間がかかりそうだ。
罷免,ひめん,名詞/動詞 (他動詞),,罢免,不祥事により、彼は役職を罷免された。
罷る,まかる,動詞 (自動詞),,离开（谦让语）,申し訳ありませんが、これで失礼罷ります。
相殺,そうさい,名詞/動詞 (他動詞),,相抵、抵消,プラスとマイナスが相殺されて、結果はゼロになった。
漸次,ぜんじ,副詞,,逐渐地,都市化に伴い、農地が漸次減少している。
捗る,はかどる,動詞 (自動詞),,进展顺利,集中して作業したおかげで、仕事が捗った。
捗々しい,はかばかしい,形容詞,,顺利、有进展（常用于否定）,彼の回復は、あまり捗々しくないようだ。
蔑ろ,ないがしろ,名詞/副詞,,轻视、蔑视,人の意見を蔑ろにしてはいけない。
捏造,ねつぞう,名詞/動詞 (他動詞),,捏造,その記事は、事実を捏造したものだ。
乖離,かいり,名詞/動詞 (自動詞),,乖离、背离,理想と現実の乖離に苦しむ人が多い。
携わる,たずさわる,動詞 (自動詞),,从事、参与,彼は長年、医療の分野に携わってきた。
頻繁,ひんぱん,形容動詞/副詞,,频繁,最近、地震が頻繁に発生している。
漠然,ばくぜん,形容動詞/副詞,,漠然、模糊,彼は将来について漠然とした不安を抱いている。
是正,ぜせい,名詞/動詞 (他動詞),,纠正、改正,その間違いを是正する必要がある。
醸し出す,かもしだす,動詞 (他動詞),,酿出、酝酿出,彼は独特の雰囲気を醸し出している。
拉致,らち,名詞/動詞 (他動詞),,绑架,その国の政府は、国民の拉致を非難された。
萎縮,いしゅく,名詞/動詞 (自動詞),萎縮させる（他動詞）,萎缩,プレッシャーで体が萎縮してしまった。
軋轢,あつれき,名詞,,摩擦、不和,チーム内で軋轢が生じ、プロジェクトが停滞した。
訃報,ふほう,名詞,,讣告,恩師の訃報に接し、深く悲しんだ。
喚起,かんき,名詞/動詞 (他動詞),,唤起,彼のスピーチは、人々の意識を喚起した。
督促,とくそく,名詞/動詞 (他動詞),,督促,支払い期日が過ぎたので、督促の連絡が来た。
忌まわしい,いまわしい,形容詞,,令人厌恶的、不吉利的,その戦争は、忌まわしい記憶として残っている。
憤る,いきどおる,動詞 (自動詞),,愤慨、愤怒,彼は社会の不公平に憤っている。
倦怠期,けんたいき,名詞,,倦怠期,夫婦関係にも倦怠期はあるものだ。
嗜好,しこう,名詞,,嗜好,人それぞれ嗜好が異なる。
罷り通る,まかりとおる,動詞 (自動詞),,盛行、大行其道,そんな理不尽なことが罷り通る世の中であってはいけない。
咄嗟,とっさ,名詞/副詞,,刹那、瞬间,咄嗟の判断で、事故を免れた。
躊躇,ちゅうちょ,名詞/動詞 (自動詞),,犹豫,彼は決断を躊躇していた。
嗜む,たしなむ,動詞 (他動詞),,爱好、修养,彼女は茶道を嗜んでいる。
誹謗,ひぼう,名詞/動詞 (他動詞),,诽谤,根拠のない誹謗中傷はやめるべきだ。
侮辱,ぶじょく,名詞/動詞 (他動詞),,侮辱,彼の言葉は、私にとって大きな侮辱だった。
揶揄,やゆ,名詞/動詞 (他動詞),,揶揄、嘲弄,彼はよく友人を揶揄して笑いをとる。
嘲笑,ちょうしょう,名詞/動詞 (他動詞),,嘲笑,失敗を嘲笑するような行為は許されない。
蔑視,べっし,名詞/動詞 (他動詞),,蔑视,差別や蔑視は許されない。
逸脱,いつだつ,名詞/動詞 (自動詞),,逸脱、偏离,彼は会社の規定から逸脱した行動をとった。
阻害,そがい,名詞/動詞 (他動詞),,阻碍、妨碍,彼の計画は、資金不足によって阻害された。
隠蔽,いんぺい,名詞/動詞 (他動詞),,隐藏、隐瞒,彼は事件の証拠を隠蔽しようとした。
恭しい,うやうやしい,形容詞,,恭敬的、谦恭的,彼は恭しい態度で挨拶をした。
煩わしい,わずらわしい,形容詞,,麻烦的、令人厌烦的,面倒で煩わしい手続きが多い。
潔い,いさぎよい,形容詞,,痛快的、干脆的,彼は自分の非を潔く認めた。
夥しい,おびただしい,形容詞,,很多的、大量的,会場には夥しい数の人々が集まっていた。
虚しい,むなしい,形容詞,,空虚的、徒劳的,努力が報われず、虚しい気持ちになった。
著しい,いちじるしい,形容詞,,显著的、明显的,この分野で著しい進歩が見られる。
相場,そうば,名詞,,行情、市价,現在の株の相場はどうなっていますか。
措置,そち,名詞,,措施、处理,政府は経済対策として新たな措置を講じた。
趣旨,しゅし,名詞,,宗旨、主旨,会議の趣旨を明確にする必要がある。
抵触,ていしょく,名詞/動詞 (自動詞),,抵触、冲突,その行為は法律に抵触する可能性がある。
軋む,きしむ,動詞 (自動詞),軋ませる（他動詞）,吱吱作响,古い木の床が軋んだ。
篩う,ふるう,動詞 (他動詞),篩われる（自動詞）,筛、筛选,応募書類を篩って、数名の候補者を選んだ。
施す,ほどこす,動詞 (他動詞),,施予、施行,貧しい人々に食料を施した。
悉く,ことごとく,副詞,,全部、所有,彼の計画は悉く失敗に終わった。
曾て,かつて,副詞,,曾经,彼は曾てその分野の第一人者だった。
孰れ,いずれ,名詞/副詞,,无论哪个、总有一天,孰れにしても、決断しなければならない。
況して,まして,副詞,,何况、况且,大人も解決できないのだから、況して子供には無理だろう。
宛ら,さながら,副詞,,宛如、简直像,その景色は、宛ら絵画のようだった。
努めて,つとめて,副詞,,尽量、勉力,彼は努めて冷静を保とうとした。
努々,ゆめゆめ,副詞,,务必不、绝不（常用于否定）,このことは努々他言してはならない。
軈て,やがて,副詞,,不久、过一会儿,雨は軈て止むだろう。
忽ち,たちまち,副詞,,立刻、马上,そのニュースは忽ち広まった。
専ら,もっぱら,副詞,,专门、主要,彼は最近、専ら研究に没頭している。
肖る,あやかる,動詞 (自動詞),,沾光、得到好处,成功者の運に肖りたい。
寿ぐ,ことほぐ,動詞 (他動詞),,祝贺、庆贺,新年を寿ぐ。
労る,いたわる,動詞 (他動詞),,体恤、慰劳,病人を労る気持ちが大切だ。
慮る,おもんぱかる,動詞 (他動詞),,考虑、顾虑,他人の気持ちを慮って行動すべきだ。
蔑む,さげすむ,動詞 (他動詞),,轻蔑、鄙视,人を蔑むような態度は許されない。
醸成,じょうせい,名詞/動詞 (他動詞),,酿成、形成,チームワークの醸成が課題だ。
揶揄う,からかう,動詞 (他動詞),,嘲弄、戏弄,彼はよく友人を揶揄っている。
唆す,そそのかす,動詞 (他動詞),,唆使、煽动,悪い仲間が彼を唆した。
賄賂,わいろ,名詞,,贿赂,彼は賄賂を受け取った罪で逮捕された。
煩瑣,はんさ,形容動詞,,繁琐,その手続きは煩瑣で時間がかかる。
懇ろ,ねんごろ,形容動詞,,亲切、热情,彼は客を懇ろにもてなした。
諫める,いさめる,動詞 (他動詞),,规劝、劝告,彼は間違いを犯した部下を諫めた。
煽てる,おだてる,動詞 (他動詞),,煽动、奉承,彼は褒められるとすぐに煽てに乗るタイプだ。
慄く,おののく,動詞 (自動詞),慄かせる（他動詞）,颤抖、发抖,恐怖で体が慄いた。
慄然,りつぜん,形容動詞,,栗然、毛骨悚然,その光景に慄然とした。
躊躇い,ためらい,名詞,,犹豫、迟疑,彼女には何の躊躇いもなかった。
剥奪,はくだつ,名詞/動詞 (他動詞),,剥夺,彼はその罪により、資格を剥奪された。
貶す,けなす,動詞 (他動詞),,贬低、诽谤,他人を貶すような言動は慎むべきだ。
貶める,おとしめる,動詞 (他動詞),,贬低、轻视,彼は常に自分を貶めて話す癖がある。
歪む,ゆがむ,動詞 (自動詞),歪める（他動詞）,歪曲、歪斜,事実が歪んで伝えられた。
歪める,ゆがめる,動詞 (他動詞),歪む（自動詞）,使歪曲、歪曲,彼は顔を歪めて苦痛に耐えた。
侮る,あなどる,動詞 (他動詞),,轻视、侮蔑,敵を侮ってはならない。
嘲る,あざける,動詞 (他動詞),,嘲笑、愚弄,彼は人から嘲られるのを嫌う。
嘲弄,ちょうろう,名詞/動詞 (他動詞),,嘲弄,彼の行動は嘲弄の的となった。
庇う,かばう,動詞 (他動詞),,庇护、袒护,彼は過ちを犯した仲間を庇った。
繕う,つくろう,動詞 (他動詞),,修理、修饰,古い服を繕って着る。
萎える,なえる,動詞 (自動詞),萎えさせる（他動詞）,萎靡、沮丧,彼の言葉に気力が萎えた。
侮蔑,ぶべつ,名詞/動詞 (他動詞),,侮蔑,人を侮蔑するような態度をとってはいけない。
嘲笑う,あざわらう,動詞 (他動詞),,嘲笑、讥笑,彼は私の失敗を嘲笑った。
毀損,きそん,名詞/動詞 (他動詞),,毁损、损害,彼の名誉が毀損された。
欺く,あざむく,動詞 (他動詞),,欺骗、蒙蔽,彼は巧妙な手口で人々を欺いた。
侮る,あなぐる,動詞 (他動詞),,（罕见读法）轻蔑、侮慢,（この読み方は非常に稀ですが、もし試験に出たら区別が必要です）
"趣旨",しゅし,"名詞","","主旨，宗旨","会議の趣旨を理解した上で発言してください。"
"本質",ほんしつ,"名詞","","本质",""
"要領",ようりょう,"名詞","","要领",""
"根拠",こんきょ,"名詞","","根据，依据","その主張には根拠がない。"
"見解",けんかい,"名詞","","见解",""
"意向",いこう,"名詞","","意向",""
"動向",どうこう,"名詞","","动向",""
"兆し",きざし,"名詞","","征兆，苗头","回復の兆しが見えてきた。"
"模索",もさく,"名詞","","摸索",""
"対処",たいしょ,"名詞・サ変動詞","","应对，处理",""
"配慮",はいりょ,"名詞・サ変動詞","","考虑，照顾","周囲への配慮を忘れないように。"
"納得",なっとく,"名詞・サ変動詞","","理解，接受","彼の説明に納得できなかった。"
"了承",りょうしょう,"名詞・サ変動詞","","理解并同意","内容をよく読んで了承してください。"
"把握",はあく,"名詞・サ変動詞","","掌握，了解","状況を正確に把握する。"
"踏まえる",ふまえる,"動詞 (他動詞)","","根据，立足于","事実を踏まえて判断する。"
"遂げる",とげる,"動詞 (他動詞)","","完成，实现","目標を遂げるために努力する。"
"施す",ほどこす,"動詞 (他動詞)","","施加，给予，添加","貧しい人々に援助を施す。"
"強いる",しいる,"動詞 (他動詞)","","强迫，强制","彼に無理を強いてはいけない。"
"免れる",まぬかれる,"動詞 (他動詞)","","避免，逃脱","責任を免れることはできない。"
"経る",へる,"動詞 (他動詞)","","经过，经历","多くの困難を経て成功に至った。"
"伴う",ともなう,"動詞 (他動詞)","","伴随，带有","変化にはリスクが伴う。"
"欠く",かく,"動詞 (他動詞)","欠ける - 欠く","缺乏，缺少","思いやりを欠く言動はよくない。"
"裁く",さばく,"動詞 (他動詞)","","审判，裁决","彼は法律に基づいて公正に裁かれた。"
"惜しむ",おしむ,"動詞 (他動詞)","","珍惜，舍不得","別れを惜しむ声が多かった。"
"促す",うながす,"動詞 (他動詞)","","催促，促使","成長を促す教育が必要だ。"
"費やす",ついやす,"動詞 (他動詞)","","耗费，花费","この研究に10年を費やした。"
"浸る",ひたる,"動詞 (自動詞)","","浸泡，沉浸","思い出に浸る時間が好きだ。"
"絶える",たえる,"動詞 (自動詞)","絶える - 絶やす","断绝，中断","連絡が突然絶えた。"
"漂う",ただよう,"動詞 (自動詞)","","漂浮，弥漫","部屋にコーヒーの香りが漂っている。"
"密かに",ひそかに,"副詞","","偷偷地，悄悄地","彼女に密かに想いを寄せている。"
"もろに",もろに,"副詞","","直接地，完全地","もろに顔にボールが当たった。"
"大袈裟に",おおげさに,"副詞","","夸张地，夸大其词","そんなにおおげさに言わなくてもいい。"
"粘り強く",ねばりづよく,"副詞","","有耐性地，坚持不懈地","粘り強く交渉を続けた。"
"微かに",かすかに,"副詞","","微弱地，隐约","遠くからかすかに音楽が聞こえる。"
"あやふやに",あやふやに,"副詞","","含糊不清地，模糊地","彼の説明はあやふやだった。"
"しなやかに",しなやかに,"副詞","","柔软地，灵活地","彼女はしなやかに舞った。"
"具に",つぶさに,"副詞","","详细地，一一","事件の経緯をつぶさに語った。"
"漠然と",ばくぜんと,"副詞","","模糊地，笼统地","将来に対する漠然とした不安がある。"
"一概に",いちがいに,"副詞","","一概地，笼统地","一概にそうだとは言えない。"
"仰ぐ",あおぐ,"動詞 (他動詞)","","① 仰望<br>② 尊敬，尊崇<br>③ 依赖，请求（指示、援助等）","① 夜空を仰ぐと、満天の星が輝いていた。<br>② 多くの人々が、彼の指導力を仰いでいる。<br>③ この件については、専門家のご意見を仰ぎたいと思います。"
"呆れる",あきれる,"動詞 (自動詞)","","（因意外或不像话而）吃惊，错愕，呆住，无语","彼の無責任な発言には呆れて言葉も出なかった。"
"悪循環",あくじゅんかん,"名詞 (サ変動詞)","","恶性循环","失敗を恐れて挑戦しないと、成長できず、さらに自信を失うという悪循環に陥る。"
"顎",あご,"名詞","","下巴，下颚","彼は考え事をするとき、よく顎に手をやる癖がある。"
"憧れる",あこがれる,"動詞 (自動詞)","","憧憬，向往，倾慕","幼い頃から、彼女は海外での生活に憧れていた。"
"麻",あさ,"名詞","","麻，大麻；麻布","夏には、麻のシャツが涼しくて快適だ。"
"欺く",あざむく,"動詞 (他動詞)","","欺骗，蒙蔽","甘い言葉で人を欺き、金品をだまし取る詐欺事件が多発している。"
"鮮やか",あざやか,"形容動詞","","① 鲜明，鲜艳<br>② 巧妙，出色","① 雨上がりの空に、鮮やかな虹がかかった。<br>② その手品師は鮮やかな手つきで観客を魅了した。"
"焦る",あせる,"動詞 (自動詞)","焦る - 焦らす","着急，焦躁，焦急","試験時間が残り少なくなってきて、だんだん焦ってきた。"
"値する",あたいする,"動詞 (サ変)","","值得，有…的价值","彼の勇気ある行動は、称賛に値する。<br>この作品は高い評価に値する。"
"圧迫",あっぱく,"名詞 (サ変動詞)","","压迫，压制","大国からの経済的な圧迫に苦しんでいる。<br>胸を圧迫するような息苦しさを感じる。"
"跡継ぎ",あとつぎ,"名詞","","继承人，接班人","彼は有名な歌舞伎役者の跡継ぎとして、幼い頃から厳しい稽古を積んでいる。"
"甘える",あまえる,"動詞 (自動詞)","","① 撒娇，恃宠<br>② 依赖 (别人的好意)","① 子供は母親に甘えて、お菓子をねだった。<br>② いつまでも親に甘えていてはいけない。"
"操る",あやつる,"動詞 (他動詞)","","① 操纵，操作<br>② 巧妙地运用，掌握<br>③ 摆布，控制 (人)","① 彼は見事なハンドルさばきで車を操った。<br>② 彼女は五か国語を自由に操ることができる。<br>③ 黒幕が陰で糸を引いて彼を操っている。"
"危ぶむ",あやぶむ,"動詞 (他動詞)","","担心，担忧，不放心；怀疑","計画の成功を危ぶむ声も上がっている。"
"過ち",あやまち,"名詞","","过错，错误，失误","若い頃の過ちを反省し、新たな人生を歩み始めた。"
"歩む",あゆむ,"動詞 (自動詞)","","① 行走，步行<br>② 前进，发展 (抽象意义)","① 険しい山道を一歩一歩慎重に歩んだ。<br>② 彼らは苦難の道を共に歩んできた。"
"荒らす",あらす,"動詞 (他動詞)","荒れる - 荒らす","① 使…荒芜，糟蹋<br>② 侵扰，骚扰","① イノシシが畑を荒らして農作物が大きな被害を受けた。<br>② 留守中に泥棒に入られ、部屋中を荒らされた。"
"改めて",あらためて,"副詞","","① 重新，再次<br>② 另外 (找时间)","① 資料を改めて確認したところ、いくつかの間違いが見つかった。<br>② 後日改めて、こちらからご連絡いたします。"
"あらゆる",あらゆる,"連体詞","","所有，一切","あらゆる可能性を考慮して、最善の策を練る必要がある。"
"有り触れる",ありふれる,"動詞 (自動詞)","","常有，不稀奇，平凡","それはどこにでも有り触れた話で、特に驚くにはあたらない。"
"案外",あんがい,"副詞 / 形容動詞","","意外地，出乎意料地 (副词)；意想不到 (形容动词)","難しそうだと思っていた試験が、案外易しかった。<br>彼が犯人だったとは、案外な結果だ。"
"暗算",あんざん,"名詞 (サ変動詞)","","心算，口算","彼は複雑な計算も暗算でこなしてしまう。"
"案の定",あんのじょう,"副詞","","果不其然，果然不出所料","空が暗くなってきたと思ったら、案の定雨が降り出した。"
"硫黄",いおう,"名詞","","硫，硫磺","この温泉は硫黄の匂いが強い。"
"憤り",いきどおり,"名詞","","愤慨，愤怒","理不尽な要求に対し、彼は強い憤りを覚えた。"
"経緯",いきさつ,"名詞","","(事情的) 经过，原委，详情","事件の経緯を詳しく説明してください。"
"経緯",けいい,"名詞","","经纬","地図の経緯度を確認する。"
"潔い",いさぎよい,"形容詞","","① 干脆，爽快<br>② (指放弃等时) 干脆利落，不恋栈","① 彼は自分の非を潔く認めた。<br>② 負けを潔く受け入れるその態度は立派だ。"
"碑",いしぶみ,"名詞","","碑，石碑","公園には、その町の歴史を記した古い碑が立っている。"
"依然として",いぜんとして,"副詞","","仍然，照旧，依然","台風は依然として強い勢力を保ったまま北上している。"
"偽る",いつわる,"動詞 (他動詞)","","欺骗，伪装，假冒","彼は年齢を偽って会社に就職した。"
"威張る",いばる,"動詞 (自動詞)","","摆架子，耀武扬威","少し地位が上がったからといって、部下に威張るのは良くない。"
"がたがた",がたがた,"副詞・サ変動詞","","摇晃，摇摇晃晃","地震で家ががたがた揺れた。"
"がらがら",がらがら,"副詞・形容動詞","","嘈杂，空荡荡；哗啦哗啦响","子供ががらがらと戸を開けた。"
"ごんごん",ごんごん,"副詞","","敲打声，头疼的沉重感","頭がごんごん痛む。"
"こんこん",こんこん,"副詞","","敲门声，干咳声，泉水涌出的声音","誰かがこんこんとドアを叩いた。"
"どんどん",どんどん,"副詞","","连续敲打声，事物进展迅速","仕事がどんどん進む。"
"かちかち",かちかち,"副詞・形容動詞","","坚硬，发出咔哒声","時計がかちかちと時を刻む。"
"かちゃかちゃ",かちゃかちゃ,"副詞","","相互碰撞的轻微声","鍵がかちゃかちゃ鳴る。"
"ぱちぱち",ぱちぱち,"副詞・サ変動詞","","拍手声，火花飞溅声","観客がぱちぱちと拍手した。"
"じゃぶじゃぶ",じゃぶじゃぶ,"副詞","","哗哗的水声","子供が水たまりでじゃぶじゃぶ遊んでいる。"
"ちゃぷちゃぷ",ちゃぷちゃぷ,"副詞","","水的轻拍声","お風呂で水がちゃぷちゃぷ跳ねる。"
"ざーざー",ざーざー,"副詞","","雨或水流倾泻的声音","雨がざーざー降っている。"
"しとしと",しとしと,"副詞","","小雨淅沥沥地下","雨がしとしと降る夜。"
"ごろごろ",ごろごろ,"副詞・サ変動詞","","雷声轰鸣，肚子咕咕叫","雷がごろごろ鳴っている。"
"がんがん",がんがん,"副詞・サ変動詞","","刺耳的噪音，头痛剧烈","工事の音ががんがん響く。"
"ぼーぼー",ぼーぼー,"副詞","","火焰熊熊燃烧的声音，汽笛声","火がぼーぼー燃えている。"
"ひゅうひゅう",ひゅうひゅう,"副詞","","风声呼啸","冷たい風がひゅうひゅうと吹く。"
"きゅーきゅー",きゅーきゅー,"副詞","","摩擦的吱呀声","新しい靴がきゅーきゅー鳴る。"
"ぎーぎー",ぎーぎー,"副詞","","刺耳的吱呀声","古いドアがぎーぎー音を立てる。"
"からから",からから,"副詞・形容動詞","","物体干燥发出的声音，喉咙干渴","喉がからからだ。"
"ぺらぺら",ぺらぺら,"副詞・形容動詞","","流利地说话，纸张轻薄翻动","彼は英語をぺらぺら話す。"
"がやがや",がやがや,"副詞・サ変動詞","","人群喧闹声","子供たちが廊下でがやがや騒いでいる。"
"ひそひそ",ひそひそ,"副詞","","小声私语","みんながひそひそ話している。"
"わいわい",わいわい,"副詞・サ変動詞","","欢乐喧闹声","パーティーでみんながわいわい盛り上がった。"
"ぐつぐつ",ぐつぐつ,"副詞","","炖煮食物的咕嘟声","鍋がぐつぐつ煮えている。"
"ぴちゃぴちゃ",ぴちゃぴちゃ,"副詞","","水花溅起声","足元で水がぴちゃぴちゃ跳ねる。"
"つるつる",つるつる,"副詞・形容動詞・サ変動詞","","光滑，滑溜","この肌はつるつるしている。"
"ざらざら",ざらざら,"副詞・形容動詞・サ変動詞","","粗糙，沙哑","この布は触るとざらざらしている。"
"べたべた",べたべた,"副詞・形容動詞・サ変動詞","","黏糊糊的","汗で服がべたべたする。"
"さらさら",さらさら,"副詞・形容動詞・サ変動詞","","沙沙作响，干爽，流畅","彼女の髪はさらさらだ。"
"ふわふわ",ふわふわ,"副詞・形容動詞・サ変動詞","","软绵绵，轻飘飘","ふわふわのパンケーキ。"
"もちもち",もちもち,"副詞・形容動詞・サ変動詞","","软糯Q弹","このお餅はもちもちしている。"
"ぐにゃぐにゃ",ぐにゃぐにゃ,"副詞・形容動詞","","软趴趴，弯曲变形","暑さでプラスチックがぐにゃぐにゃになった。"
"がちがち",がちがち,"副詞・形容動詞","","僵硬，顽固","寒さで体ががちがちだ。"
"きっちり",きっちり,"副詞","","严谨，精确，恰好","彼は時間をきっちり守る。"
"きらきら",きらきら,"副詞・サ変動詞","","闪闪发光","星が夜空にきらきら輝いている。"
"ぴかぴか",ぴかぴか,"副詞・形容動詞","","亮闪闪，崭新","新しい靴がぴかぴかだ。"
"ぼろぼろ",ぼろぼろ,"副詞・形容動詞","","破烂不堪，筋疲力尽","長年使った服はぼろぼろになった。"
"よれよれ",よれよれ,"副詞・形容動詞","","破旧，疲惫不堪","よれよれのシャツを着る。"
"しわしわ",しわしわ,"副詞・形容動詞","","皱巴巴的","アイロンをかけないとシャツがしわしわになる。"
"ずんずん",ずんずん,"副詞","","快速前进","彼は山道をずんずん登っていった。"
"めきめき",めきめき,"副詞","","显著进步，飞速成长","日本語がめきめき上達している。"
"すらすら",すらすら,"副詞","","流畅，毫不费力","難しい問題もすらすら解けた。"
"ぼろぼろ",ぼろぼろ,"副詞","","（说话）断断续续，（眼泪）簌簌落下","彼は泣きながらぼろぼろと話した。"
"うろうろ",うろうろ,"副詞・サ変動詞","","徘徊，晃来晃去","怪しい男が家の周りをうろうろしている。"
"ぶらぶら",ぶらぶら,"副詞・サ変動詞","","晃来晃去，闲逛","公園をぶらぶら散歩する。"
"とろとろ",とろとろ,"副詞・形容動詞","","慢吞吞，半睡半醒，食物煮得黏稠","スープがとろとろになるまで煮込む。"
"にこにこ",にこにこ,"副詞・サ変動詞","","微笑","彼はいつもにこにこしている。"
"げらげら",げらげら,"副詞","","哈哈大笑","みんながげらげら笑った。"
"くすくす",くすくす,"副詞","","窃笑","彼女はくすくすと笑いをこらえた。"
"しんしん",しんしん,"副詞","","静谧，雪花静静飘落","雪がしんしんと降る夜。"
"どきどき",どきどき,"副詞・サ変動詞","","心脏怦怦跳","試験の結果を聞くのがどきどきする。"
"わくわく",わくわく,"副詞・サ変動詞","","兴奋，期待","旅行に行くのがわくわくする。"
"ぞくぞく",ぞくぞく,"副詞・サ変動詞","","感到寒冷，兴奋发抖 (正反都有)","寒くて体がぞくぞくする。"
"いらいら",いらいら,"副詞・サ変動詞","","焦躁，不耐烦","待たされていらいらする。"
"もやもや",もやもや,"副詞・サ変動詞","","心情郁闷，模糊不清","心がもやもやする。"
"うつらうつら",うつらうつら,"副詞・サ変動詞","","似睡非睡，打盹","会議中にうつらうつらと居眠りをした。"
"うっとり",うっとり,"副詞・サ変動詞","","陶醉，入迷","美しい景色にうっとり見とれた。"
"うんざり",うんざり,"副詞・サ変動詞","","厌烦，厌倦","毎日同じ仕事でうんざりする。"
"へろへろ",へろへろ,"副詞・形容動詞","","精疲力尽","一日中歩いてへろへろになった。"
"くたくた",くたくた,"副詞・形容動詞","","筋疲力尽，破旧不堪","仕事でくたくたになった。"
"ぐずぐず",ぐずぐず,"副詞・サ変動詞","","磨蹭，拖延","いつまでもぐずぐずしないで早くしなさい。"
"もたもた",もたもた,"副詞・サ変動詞","","慢吞吞，手脚笨拙","彼は仕事がもたもたしている。"
"だらだら",だらだら,"副詞・サ変動詞","","懒散，汗水滴落，拖沓","夏の暑さで汗がだらだら流れる。"
"ごろごろ",ごろごろ,"副詞・サ変動詞","","懒散地躺着，大石头滚动","彼は週末は家でごろごろしている。"
"のろのろ",のろのろ,"副詞・サ変動詞","","慢吞吞地，缓慢地","渋滞で車がのろのろ進む。"
"てきぱき",てきぱき,"副詞・サ変動詞","","麻利地，利落地","彼女は仕事をてきぱきこなす。"
"きびきび",きびきび,"副詞・サ変動詞","","动作敏捷，干脆利落","彼はいつもきびきびと動く。"
"ふらふら",ふらふら,"副詞・サ変動詞","","摇摇晃晃，头晕","熱があって体がふらふらする。"
"よろよろ",よろよろ,"副詞・サ変動詞","","摇摇晃晃，蹒跚","お年寄りがよろよろと歩いている。"
"くるくる",くるくる,"副詞","","团团转，灵活转动","風で風車がくるくる回る。"
"てんてん",てんてん,"副詞・サ変動詞","","滚来滚去，四处转移","彼は職をてんてんとしている。"
"ぼちぼち",ぼちぼち,"副詞","","慢慢地，差不多该 (做某事了)","ぼちぼち帰りますか。"
"どかどか",どかどか,"副詞","","大声地，粗暴地","土足で部屋にどかどか入ってくるな。"
"ぞろぞろ",ぞろぞろ,"副詞","","成群结队地，拖拖拉拉地","観光客がぞろぞろと出てきた。"
"うとうと",うとうと,"副詞・サ変動詞","","打盹","ソファでうとうとと居眠りをする。"
"ぐっすり",ぐっすり,"副詞","","熟睡","赤ちゃんはぐっすり眠っている。"
"じっと",じっと,"副詞・サ変動詞","","一动不动地","彼はじっとこちらを見ている。"
"じろじろ",じろじろ,"副詞","","目不转睛地看，打量","人をじろじろ見るのは失礼だ。"
"ちらちら",ちらちら,"副詞・サ変動詞","","忽隐忽现，雪花/树叶飘落","雪がちらちら降り始めた。"
"ぱらぱら",ぱらぱら,"副詞","","零星下雨，书页翻动","雨がぱらぱら降ってきた。"
"ばらばら",ばらばら,"副詞・形容動詞","","散乱，分散","みんなの意見がばらばらだ。"
"ごちゃごちゃ",ごちゃごちゃ,"副詞・サ変動詞","","乱七八糟，混杂","机の上がごちゃごちゃしている。"
"ごしごし",ごしごし,"副詞","","用力擦洗","汚れをごしごしこすり落とす。"
"すたすた",すたすた,"副詞","","健步如飞","彼はすたすたと歩いて行った。"
"ずけずけ",ずけずけ,"副詞","","直言不讳，毫不客气","彼はずけずけと人のことを言う。"
"ぼつぼつ",ぼつぼつ,"副詞","","一点一点地，逐渐地","病気がぼつぼつ治ってきた。"
"こそこそ",こそこそ,"副詞・サ変動詞","","偷偷摸摸地","彼は何をこそこそ話しているのだろう。"
"ぶつぶつ",ぶつぶつ,"副詞","","抱怨，嘟囔，小疙瘩","彼は何かをぶつぶつ言っている。"
"ひらひら",ひらひら,"副詞・サ変動詞","","飘动，舞动","カーテンが風にひらひらと揺れている。"
"ぺこぺこ",ぺこぺこ,"副詞・形容動詞・サ変動詞","","肚子饿得咕咕叫，点头哈腰地","お腹がぺこぺこだ。"
"ふかふか",ふかふか,"副詞・形容動詞・サ変動詞","","柔软蓬松","ふかふかのソファに座る。"
"ちくちく",ちくちく,"副詞・サ変動詞","","刺痛，扎痛","毛布が肌にちくちくする。"
"ひりひり",ひりひり,"副詞・サ変動詞","","火辣辣的疼痛","傷口がひりひり痛む。"
"じんじん",じんじん,"副詞・サ変動詞","","麻木，刺痛","足がしびれてじんじんする。"
"ぱんぱん",ぱんぱん,"副詞・形容動詞","","饱满，鼓鼓的","お腹がぱんぱんだ。"
"がっしり",がっしり,"副詞・サ動詞","","结实，健壮","彼は体ががっしりしている。"
"どっしり",どっしり,"副詞・サ変動詞","","稳重，厚重","その建物はどっしりと建っている。"
"ひやひや",ひやひや,"副詞・サ変動詞","","捏一把汗，提心吊胆","事故が起きそうでひやひやした。"

"いらっしゃる",いらっしゃる,"尊敬語動詞","","(尊敬語) 来、去、在","先生はもういらっしゃいましたか。"
"おっしゃる",おっしゃる,"尊敬語動詞","","(尊敬語) 说","部長がおっしゃった通りに進めます。"
"召し上がる",めしあがる,"尊敬語動詞","","(尊敬語) 吃、喝","社長は何を召し上がりますか。"
"ご覧になる",ごらんになる,"尊敬語動詞","","(尊敬語) 看","資料はもうご覧になりましたか。"
"お休みになる",おやすみになる,"尊敬語動詞","","(尊敬語) 休息、睡觉","先生はしばらくお休みになります。"
"なさる",なさる,"尊敬語動詞","","(尊敬語) 做","明日は何をなさいますか。"
"お見えになる",おみえになる,"尊敬語動詞","","(尊敬語) 来、露面","お客様がまもなくお見えになります。"
"おいでになる",おいでになる,"尊敬語動詞","","(尊敬語) 来、去、在","課長はどちらにおいでですか。"
"ご存じだ",ごぞんじだ,"尊敬語動詞","","(尊敬語) 知道","この件についてはご存じですか。"
"拝読する",はいどくする,"謙譲語動詞","","(謙譲語) 拜读 (自己的行为)","先生の著書を拝読いたしました。"
"お聞きになる",おききになる,"尊敬語動詞","","(尊敬語) 听、问","お客様は、私の説明をお聞きになりました。"
"お召し物",おめしもの,"尊敬語名詞","","(尊敬語) 衣服","素敵なお召し物ですね。"
"ご高名",ごこうめい,"尊敬語名詞","","(尊敬語) 大名、盛名","先生のご高名はかねがね伺っております。"
"ご清栄",ごせいえい,"尊敬語名詞","","(尊敬語) 您的兴盛、繁荣","時下ますますご清栄のこととお慶び申し上げます。"
"ご賢察",ごけんさつ,"尊敬語名詞","","(尊敬語) 您的明察","何卒ご賢察の上、ご容赦ください。"
"ご高覧",ごこうらん,"尊敬語名詞","","(尊敬語) 您的阅览","添付資料をご高覧いただければ幸いです。"
"ご足労",ごそくろう,"尊敬語名詞","","(尊敬語) 您的光临（劳驾）","遠方よりご足労いただき、ありがとうございます。"
"お見舞い",おみまい,"尊敬語名詞","","(尊敬語) 探望","先生がご病気の方をお見舞いになりました。"
"ご清聴",ごせいちょう,"尊敬語名詞","","(尊敬語) 您的倾听","本日はご清聴いただき、誠にありがとうございます。"
"ご高配",ごこうはい,"尊敬語名詞","","(尊敬語) 您的关照、照顾","今後ともご高配を賜りますようお願い申し上げます。"
"ご厚意",ごこうい,"尊敬語名詞","","(尊敬語) 您的厚意、好意","皆様からのご厚意に心より感謝申し上げます。"
"ご臨席",ごりんせき,"尊敬語名詞","","(尊敬語) 您的出席","本日はご多忙の中、ご臨席賜り恐縮です。"
"ご査収",ごさしゅう,"尊敬語名詞","","(尊敬語) 您的查收","添付資料をご査収ください。"
"ご査証",ごさしょう,"尊敬語名詞","","(尊敬語) 您的查证、确认","内容をご査証の上、ご連絡ください。"
"お越しになる",おこしになる,"尊敬語動詞","","(尊敬語) 来","明日の会議にはお越しになりますか。"
"お使いになる",おつかいになる,"尊敬語動詞","","(尊敬語) 使用","このソフトはお使いになりますか。"
"お読みになる",およみになる,"尊敬語動詞","","(尊敬語) 阅读","その本はもうお読みになりましたか。"
"お泊まりになる",おとまりになる,"尊敬語動詞","","(尊敬語) 住宿","お客様はどちらにお泊まりになりますか。"
"お乗りになる",おのりになる,"尊敬語動詞","","(尊敬語) 乘坐","次の電車にお乗りになりますか。"
"お伝えになる",おつたえになる,"尊敬語動詞","","(尊敬語) 传达","部長にその件をお伝えになりますか。"
"お働きになる",おはたらきになる,"尊敬語動詞","","(尊敬語) 工作","先生は長年、教育の分野でお働きになりました。"
"お話しになる",おはなしになる,"尊敬語動詞","","(尊敬語) 说话","先生は学生に優しくお話しになりました。"
"お聞き入れになる",おききいれになる,"尊敬語動詞","","(尊敬語) 接受、听取","私の提案をお聞き入れになりました。"
"ご承知",ごしょうち,"尊敬語名詞","","(尊敬語) 您的知道、理解","その件はご承知のとおりです。"
"ご配慮",ごはいりょ,"尊敬語名詞","","(尊敬語) 您的关怀、照顾","いつもご配慮いただき、ありがとうございます。"
"ご尽力",ごじんりょく,"尊敬語名詞","","(尊敬語) 您的尽力、努力","皆様のご尽力により、プロジェクトが成功しました。"
"参る",まいる,"謙譲語動詞","","(謙譲語) 来、去","明日、オフィスに参ります。"
"申す",もうす,"謙譲語動詞","","(謙譲語) 说","山田と申します。"
"頂く",いただく,"謙譲語動詞","","(謙譲語) 得到、吃、喝","貴重なご意見を頂きました。"
"拝見する",はいけんする,"謙譲語動詞","","(謙譲語) 看","資料を拝見いたしました。"
"伺う",うかがう,"謙譲語動詞","","(謙譲語) 拜访、请教、听","後ほど、改めて伺います。"
"おる",おる,"謙譲語動詞","","(謙譲語) 在","私は現在、東京におります。"
"致す",いたす,"謙譲語動詞","","(謙譲語) 做","全力で致します。"
"存じ上げる",ぞんじあげる,"謙譲語動詞","","(謙譲語) 知道","その件については存じ上げております。"
"差し上げる",さしあげる,"謙譲語動詞","","(謙譲語) 给、送","お土産を差し上げます。"
"承る",うけたまわる,"謙譲語動詞","","(謙譲語) 领受、接受、听","ご注文を承りました。"
"申し上げる",もうしあげる,"謙譲語動詞","","(謙譲語) 说、讲","心より感謝の気持ちを申し上げます。"
"お目にかかる",おめにかかる,"謙譲語動詞","","(謙譲語) 会面、见到","近日中にお目にかかれるのを楽しみにしております。"
"お伺いする",おうかがいする,"謙譲語動詞","","(謙譲語) 拜访、请教、听","後日、ご意見をお伺いします。"
"お邪魔する",おじゃまする,"謙譲語動詞","","(謙譲語) 打扰","明日、少しお邪魔してもよろしいでしょうか。"
"お力添え",おちからぞえ,"謙譲語名詞","","(謙譲語) 帮忙、协助","皆様のお力添えに感謝いたします。"
"お詫び",おわび,"謙譲語名詞","","(謙譲語) 抱歉、道歉","遅れましたことを心よりお詫び申し上げます。"
"お見送り",おみおくり,"謙譲語名詞","","(謙譲語) 送别","駅までお見送りいたします。"
"お見舞い",おみまい,"謙譲語名詞","","(謙譲語) 探望","病気の方をお見舞いいたしました。"
"お見せする",おみせする,"謙譲語動詞","","(謙譲語) 给看","新しい商品をお見せします。"
"お読みする",およみする,"謙譲語動詞","","(謙譲語) 阅读","資料をお読みしました。"
"お貸しする",おかしする,"謙譲語動詞","","(謙譲語) 借给","この本をお貸ししましょうか。"
"お借りする",おかりする,"謙譲語動詞","","(謙譲語) 借","ペンをお借りしてもよろしいでしょうか。"
"お渡しする",おわたしする,"謙譲語動詞","","(謙譲語) 递交、交给","直接お渡しいたします。"
"お運びする",おはこびする,"謙譲語動詞","","(謙譲語) 送去、运送","お荷物をお運びします。"
"お話しする",おはなしする,"謙譲語動詞","","(謙譲語) 说话","詳細は後ほどお話しします。"
"お呼びする",およびする,"謙譲語動詞","","(謙譲語) 叫、召唤","部長をお呼びしましょうか。"
"お預かりする",おあずかりする,"謙譲語動詞","","(謙譲語) 代为保管","貴重品はフロントでお預かりします。"
"お頼みする",おたのみする,"謙譲語動詞","","(謙譲語) 拜托","この件、お頼みできますか。"
"お電話する",おでんわする,"謙譲語動詞","","(謙譲語) 打电话","後ほど、改めてお電話します。"
"ご案内する",ごあんないする,"謙譲語動詞","","(謙譲語) 引导、带领","会場までご案内します。"
"ご提供する",ごていきょうする,"謙譲語動詞","","(謙譲語) 提供","最新情報をご提供します。"
"ご報告する",ごほうこくする,"謙譲語動詞","","(謙譲語) 报告","状況をご報告します。"
"ご説明する",ごせつめいする,"謙譲語動詞","","(謙譲語) 说明","詳しくご説明します。"
"ご協力する",ごきょうりょくする,"謙譲語動詞","","(謙譲語) 协助","全力でご協力いたします。"
"ご迷惑をおかけする",ごめいわくをおかけする,"謙譲語句","","(謙譲語) 给您添麻烦","大変ご迷惑をおかけして申し訳ありません。"
"愚妻",ぐさい,"謙譲語名詞","","(謙譲語) 拙荆、贱内","愚妻がいつもお世話になっております。"
"愚息",ぐそく,"謙譲語名詞","","(謙譲語) 犬子、小儿","愚息が大学に進学いたしました。"
"小生",しょうせい,"謙譲語名詞","","(謙譲語) 鄙人、在下","小生は山田と申します。"
"弊店",へいてん,"謙譲語名詞","","(謙譲語) 小店","弊店は年中無休で営業しております。"
"弊社",へいしゃ,"謙譲語名詞","","(謙譲語) 敝公司","弊社は来月、新製品を発表いたします。"
"拝借する",はいしゃくする,"謙譲語動詞","","(謙譲語) 借用","お名前を拝借してもよろしいでしょうか。"
"拝呈する",はいていする,"謙譲語動詞","","(謙譲語) 呈上、敬呈","謹んでご挨拶を拝呈いたします。"
"拝啓",はいけい,"謙譲語 (書信)","","(謙譲語) 敬启","拝啓 時下ますますご清栄のこととお慶び申し上げます。"
"進呈する",しんていする,"謙譲語動詞","","(謙譲語) 呈上、赠送","ささやかですが、記念品を進呈いたします。"
"奉る",たてまつる,"謙譲語動詞","","(謙譲語) 献上、呈上","神に供え物を奉る。"
"賜る",たまわる,"尊敬語動詞","","(尊敬語) 得到、蒙赐","この度はお言葉を賜り、誠にありがとうございます。"
"恐縮",きょうしゅく,"名詞・形容動詞・サ変動詞","","(謙譲語) 不胜惶恐、不好意思","ご迷惑をおかけして恐縮です。"
"不束者",ふつつかもの,"謙譲語名詞","","(謙譲語) 不中用的人、不成熟的人","不束者ですが、どうぞよろしくお願いいたします。"
"厚かましい",あつかましい,"形容詞","","(用于自谦) 厚颜无耻的","厚かましいお願いで恐縮ですが、ご検討いただけますでしょうか。"
"無礼",ぶれい,"名詞・形容動詞","","(用于自谦) 无礼、失礼","先日は大変無礼なことをしてしまい、申し訳ありません。"
"過分",かぶん,"形容動詞","","(用于自谦) 过分的、不当的","過分なお褒めの言葉をいただき、恐縮です。"
"粗末",そまつ,"名詞・形容動詞","","(用于自谦) 粗糙、简陋","粗末なものですが、どうぞお納めください。"
"ご笑納",ごしょうのう,"謙譲語名詞","","(謙譲語) 请笑纳","ささやかですが、ご笑納いただければ幸いです。"
"愚見",ぐけん,"謙譲語名詞","","(謙譲語) 愚见","愚見ではございますが、ご参考にしていただければ幸いです。"
"粗品",そしな,"謙譲語名詞","","(謙譲語) 粗陋的物品","粗品ですが、どうぞ。"
"心ばかり",こころばかり,"謙譲語名詞","","(謙譲語) 心意","心ばかりの品ですが、お受け取りください。"
"御無沙汰",ごぶさた,"名詞・サ変動詞","","(謙譲語) 久疏问候","大変ご無沙汰しております。"
"御馳走",ごちそう,"名詞・サ変動詞","","(用于被款待) 款待、盛宴","本日は御馳走様でした。"
"お世話様",おせわさま,"挨拶","","(謙譲語) 承蒙关照","いつもお世話様です。"


"欺く",あざむく,"五段活用动词 (他动词)","","① 欺骗，欺瞒，蒙骗。<br>② (文学性表达) 使人误以为...，不亚于，胜过。","① 彼は言葉巧みに人々を欺いた。<br>② 花を欺くほどの美しさ。"
"顧みる",かえりみる,"一段活用动词 (他动词)","","① 回头看，回首。<br>② 回顾，反省。<br>③ 关心，顾虑（多用于否定形式）。","① 過去を顧みると、多くの過ちがあったことに気づく。<br>② 彼は家庭を顧みず、仕事に没頭した。"
"掻い摘む",かいつまむ,"五段活用动词 (他动词)","","摘取要点，概括，扼要说明。","時間がないので、掻い摘んでご報告します。"
"掻き立てる",かきたてる,"一段活用动词 (他動詞)","","激起，煽动，挑起（某种感情、情绪或欲望）。","そのミステリー小説は、読者の好奇心を掻き立てる。"
"課す",かす,"五段活用动词 (他动词)","","课以，强加，使承担（任务、义务、惩罚、税金等）。","先生は生徒に毎日たくさんの宿題を課した。<br>政府は新たな税金を国民に課した。"
"叶える",かなえる,"一段活用动词 (他动词)","","实现，使...成为现实（多指愿望、梦想等）。","ついに長年の夢を叶えることができた。"
"辛うじて",かろうじて,"副詞","","好不容易才，勉强，总算。","辛うじて最終電車に間に合った。<br>彼は辛うじて試験に合格した。"
"窮屈",きゅうくつ,"形容動詞 (ナ形容詞)","","拘谨，不自在；狭窄，拥挤","新しい靴が少し窮屈だ。<br>彼はその場の雰囲気を窮屈に感じた。"
"暫時",ざんじ,"名詞・副詞","","暂时，片刻","暫時休憩を取ろう。"
"看過",かんか,"名詞・サ変動詞","","看漏，忽略","彼のミスを看過することはできない。"
"懸隔",けんかく,"名詞","","悬殊，巨大的差距","両者の意見には懸隔がある。"
"齟齬",そご,"名詞・サ変動詞","","龃龉，不和；不一致","意見に齟齬が生じた。"
"出鱈目",でたらめ,"形容動詞 (ナ形容詞)・名詞","","胡说八道，胡乱；一塌糊涂","出鱈目なことを言うな。"
"独壇場",どくだんじょう,"名詞","","独占舞台，拿手好戏","彼のスピーチはまさに独壇場だった。"
"剥がす",はがす,"動詞 (他動詞)","剥がれる - 剥がす","剥下，撕下","壁のポスターを剥がした。"
"穿鑿",せんさく,"名詞・サ変動詞","","追根究底，盘根问底","事件の背景を穿鑿する。"
"畢竟",ひっきょう,"副詞・名詞","","毕竟，终究","畢竟、彼の努力は報われなかった。"
"微塵",みじん,"名詞","","微尘，细微；一点儿（常用于否定）","彼は恐怖を微塵も見せなかった。"
"目紛しい",めまぐるしい,"形容詞 (イ形容詞)","","瞬息万变，眼花缭乱","現代社会は目紛しく変化している。"
"野放し",のばなし,"名詞","","放任自流，放养","子供を野放しにしてはいけない。"
"見計らう",みはからう,"動詞 (他動詞)","","斟酌，酌情；看准时机","頃合いを見計らって出発する。"
"紛れる",まぎれる,"動詞 (自動詞)","紛れる - 紛らす/紛らわす","混淆，混入；（精神）恍惚，分心","人混みに紛れて見失った。"
"見咎める",みとがめる,"動詞 (他動詞)","","察觉到不对劲并指出，发现过失","彼の嘘を見咎めた。"
"翻弄",ほんろう,"名詞・サ変動詞","","玩弄，捉弄","彼は感情に翻弄された。"
"没収",ぼっしゅう,"名詞・サ変動詞","","没收","違法な品物は没収される。"
"催す",もよおす,"動詞 (他動詞)","","举办，举行；感到，萌生","パーティーを催す。<br>彼は眠気を催した。"
"揉める",もめる,"動詞 (自動詞)","","争执，纠纷","意見の相違で彼と揉めた。"
"躍起",やっき,"形容動詞 (ナ形容詞)","","拼命，急切","彼は躍起になって反論した。"
"病む",やむ,"動詞 (自動詞)","","患病；烦恼，忧虑","彼は心を病んでいる。"
"歪み",ひずみ,"名詞","","歪曲，扭曲；（物理上的）变形","社会の歪みが問題となっている。"
"委ねる",ゆだねる,"動詞 (他動詞)","","委托，托付","全てを彼に委ねた。"
"揺らぐ",ゆらぐ,"動詞 (自動詞)","揺らぐ - 揺るがす","摇晃，动摇","彼の決意は揺らがなかった。"
"余地",よち,"名詞","","余地，空间","改善の余地がある。"
"屡々",しばしば,"副詞","","屡次，常常","彼は屡々海外出張に行く。"
"罹災",りさい,"名詞・サ変動詞","","遭灾","その地域は地震で罹災した。"
"論じる",ろんじる,"動詞 (他動詞)","","论述，讨论","環境問題について論じる。"
"露呈",ろてい,"名詞・サ変動詞","","暴露，显露","事件の真相が露呈した。"
"和やか",なごやか,"形容動詞 (ナ形容詞)","","和睦，和蔼","彼は和やかな雰囲気を持っている。"
"歪める",ゆがめる,"動詞 (他動詞)","歪む - 歪める","使歪曲，歪曲","彼は顔を歪めて苦痛に耐えた。"
"傲る",おごる,"動詞 (自動詞)","","傲慢，骄傲；摆阔","彼は成功して傲っている。"
"庇護",ひご,"名詞・サ変動詞","","庇护","彼は貧しい人々を庇護した。"
"欺瞞",ぎまん,"名詞","","欺骗，欺诈","その会社の報告には欺瞞が含まれていた。"
"窘める",たしなめる,"動詞 (他動詞)","","训斥，斥责","彼は部下のミスを窘めた。"
"懐柔",かいじゅう,"名詞・サ変動詞","","怀柔，笼络","政府は反体制派を懐柔しようとした。"
"喝采",かっさい,"名詞","","喝彩，欢呼","彼のパフォーマンスに観客は喝采を送った。"
"呵責",かしゃく,"名詞","","呵责，谴责（多指良心上的）","良心の呵責に苦しむ。"
"閑散",かんさん,"名詞・形容動詞","","萧条，冷清","観光地が閑散としている。"
"飢饉",ききん,"名詞","","饥荒","その国は飢饉に苦しんでいる。"
"戯れる",たわむれる,"動詞 (自動詞)","","玩耍，嬉戏","子供たちが公園で戯れている。"

