"～あげくに",,"Indicates a result, generally with a negative connotation. ""In the end... / Finally... / Ultimately..."". Often used with words like ～思う (think), ～悩む (worry), ～迷う (hesitate).","V-ta / Noun＋の + あげくに","かれは さんざん まよった あげく、けっきょく どちらも えらばなかった。","彼はさんざん迷ったあげく、結局どちらも選ばなかった。","He hesitated for a long time, and in the end, didn't choose either.","ながい ぎろんの あげく、かいぎは けつろんが でないまま おわった。","長い議論のあげく、会議は結論が出ないまま終わった。","After a long discussion, the meeting ended without reaching a conclusion."
"～あまりに",,"Indicates a high degree, often used with words expressing emotions. ""Due to excessive... / So much so that..."".","V-ru / Adjective (na) / Noun + の + あまりに","うれしさの あまり、かのじょは なきだした。","嬉しさのあまり、彼女は泣き出した。","She cried out of excessive joy.","しんぱいのあまり、きのうのよるは ぜんぜん ねむれなかった。","心配のあまり、昨日の夜は全然眠れなかった。","Because of too much worry, I couldn't sleep at all last night."
"～以上は",,"The preceding clause is a confirmed fact, and the following clause often expresses determination, obligation, suggestion, or inference. ""Since... then..."".","Plain form + 以上は (Adjective (na) / Noun + である)","やくそくした いじょうは、まもらなければならない。","約束した以上は、守らなければならない。","Since we've made a promise, we must keep it.","しけんに もうしこんだ いじょうは、ぜんりょくを つくすつもりだ。","試験に申し込んだ以上は、全力を尽くすつもりだ。","Since I've applied for the exam, I intend to put in my best effort."
"～一方／一方で(は)","Conversely / On the other hand","Expresses two aspects of something. ""On one hand... on the other hand..."".","Plain form modifying noun + 一方／一方で(は) (Adjective (na) / Noun + である)","かれは ゆうしゅうな けんきゅうしゃである いっぽうで、すばらしい ちちおやでも ある。","彼は優秀な研究者である一方で、素晴らしい父親でもある。","He is an excellent researcher, and on the other hand, also a wonderful father.","この まちは にぎやかな いっぽうで、こうつうじゅうたいが もんだいに なっている。","この町は賑やかな一方で、交通渋滞が問題になっている。","This city is bustling, but on the other hand, traffic congestion has become a problem."
"～一方だ",,"Indicates that a certain tendency or state is continuously developing in one direction (often used for changes). ""Continuously... / More and more..."".","V-ru + 一方だ","さいきん、ぶっかは あがる いっぽうだ。","最近、物価は上がる一方だ。","Recently, prices have been continuously rising.","かれの にほんごの のうりょくは のびる いっぽうだ。","彼の日本語の能力は伸びる一方だ。","His Japanese language ability is continuously improving."
"～上で",,"Pattern 1 (V-ru / Noun + の + 上で): In terms of... / On the subject of...\<br\>Pattern 2 (V-ta / Noun + の + 上で): After... / Following...","","けんこうかんりの うえで、てきどな うんどうは かかせません。","健康管理の上で、適度な運動は欠かせません。","In terms of health management, moderate exercise is indispensable.","かぞくと そうだんした うえで、へんじをします。","家族と相談した上で、返事をします。","After consulting with my family, I will give you an answer."
"～うちに",,"Pattern 1 (V-ru・nai / Adjective / Noun + の + うちに): During... / While... / Taking advantage of...\<br\>Pattern 2 (V-te iru / nai + うちに): While... / Unconsciously...","","わかいうちに、いろいろな ことを けいけんした ほうがいい。","若いうちに、色々なことを経験した方がいい。","It's best to experience various things while you're young.","ほんを よんでいるうちに、ねてしまった。","本を読んでいるうちに、寝てしまった。","While reading the book, I unconsciously fell asleep."
"～(よ)うではないか",,"Expresses a suggestion or invitation, including a strong appeal or call to action. ""Let's (do something)..."".","V-volitional form + (よ)うではないか","せかいへいわの ために、みんなで きょうりょくしようではないか。","世界平和のために、みんなで協力しようではないか。","For world peace, let us all cooperate\!","こんかいの しっぱいを のりこえ、あらたな スタートを きろうじゃないか。","今回の失敗を乗り越え、新たなスタートを切ろうじゃないか。","Let's overcome this failure and make a new start\!"
"～得る","ざるを得ない／かねない","Indicates possibility. ""Can... / May..."". The negative is 「得ない」. \<br\>Note: Only expresses possibility, not ability.","V-masu stem + 得る","それは じゅうぶんに ありうることだ。","それは十分にあり得ることだ。","That is entirely possible.","かがくの しんぽは、これまで ふかのうと かんがえられてきた ことを かのうにしうる。","科学の進歩は、これまで不可能と考えられてきたことを可能にし得る。","Scientific progress can make what was previously considered impossible, possible."
"～おかげで",,"Indicates a reason, meaning a good result occurred thanks to the preceding reason. ""Thanks to... / Due to..."".","Plain form modifying noun + おかげで","みなさまの おかげで、プロジェクトは ぶじに かんせいしました。","皆様のおかげで、プロジェクトは無事に完成しました。","Thanks to everyone, the project was completed successfully.","くすりを のんだおかげで、ねつが さがりました。","薬を飲んだおかげで、熱が下がりました。","Thanks to taking the medicine, my fever went down."
"～恐れがある","おそれがある","Indicates the possibility of something bad happening. ""There is a fear of... / There is a risk of..."".","V-ru / Noun + の + 恐れがある","この たいふうは、じょうりくする おそれがあります。","この台風は、上陸する恐れがあります。","This typhoon has a risk of making landfall.","このままでは、こじんじょうほうが るいしゅつする おそれがある。","このままでは、個人情報が流出する恐れがある。","If things continue like this, there's a risk of personal information leaking."
"～限り",かぎり,"Indicates condition, scope, or limit.","①V-ru/Noun + の + 限り (to the maximum extent)\<br\>②Plain form + 限りは (as long as...)\<br\>③V-ta/te iru + 限りでは (as far as one knows)\<br\>④V-nai + 限り (unless...)","ちからの かぎり、がんばります。","力の限り、頑張ります。","I'll do my best with all my might.","わたしが しらべた かぎりでは、その データは みつからなかった。","私が調べた限りでは、そのデータは見つからなかった。","As far as I investigated, that data wasn't found."
"～に限って",にかぎって,"Indicates a limit or special circumstance. ""Only on... / Specifically on..."".","Noun + に限って","きょうにかぎって、いつもは すいている でんしゃが こんでいた。","今日に限って、いつもは空いている電車が混んでいた。","Only today, the usually empty train was crowded.","この レストランは、すいようびに かぎって、すべての ドリンクが はんがくに なる。","このレストランは、水曜日に限り、全てのドリンクが半額になる。","This restaurant offers half-price on all drinks only on Wednesdays."
"～に限らず",にかぎらず,"Indicates that the scope is not limited to what precedes it. ""Not only... but also..."".","Noun + に限らず","この アニメは こどもに かぎらず、おとなにも にんきが ある。","このアニメは子供に限らず、大人にも人気がある。","This anime is popular not only among children but also among adults.","へいじつに かぎらず、しゅうまつも えいぎょうしております。","平日に限らず、週末も営業しております。","We are open not only on weekdays but also on weekends."
"～がたい",,"Indicates that something is psychologically ""difficult to do,"" or hard to achieve.","V-masu stem + がたい","かれがしたことは、ゆるしがたい こういだ。","彼がしたことは、許しがたい行為だ。","What he did is an unforgivable act.","この けしきは、ことばでは ひょうげんしがたい ほど うつくしい。","この景色は、言葉では表現しがたいほど美しい。","This scenery is beautiful beyond words."
"～がちだ",,"Indicates a tendency (objective), often referring to negative things that tend to happen. ""Tends to... / Is prone to..."".\<br\>Fixed expressions: 疲れ気味 (feeling tired), 風邪気味 (feeling like catching a cold), 太り気味 (gaining weight).","V-masu stem / Noun + がちだ","わたしは こどもの ころ、びょうきがちだった。","私は子供の頃、病気がちだった。","When I was a child, I was prone to getting sick.","さいきん、くもりがちの てんきが つづいている。","最近、曇りがちの天気が続いている。","Recently, it's been mostly cloudy weather."
"～(か)と思うと",かとおもうと,"Indicates that one action happens almost simultaneously with another, often an unexpected one. ""No sooner had... than..."".","V-ta + (か)と思うと","そらが きゅうに くらくなったかと おもうと、おおつぶの あめが ふってきた。","空が急に暗くなったかと思うと、大粒の雨が降ってきた。","No sooner had the sky suddenly darkened than large drops of rain started falling.","あのこは さっきまで ないていたかと おもったら、もう わらっている。","あの子はさっきまで泣いていたかと思ったら、もう笑っている。","That child was crying just a moment ago, and then immediately started laughing."
"～かねない",,"Indicates the possibility of a negative or undesirable result. ""Could possibly... / Might... (and it would be bad)"".","V-masu stem + かねない","あんなに スピードを だしたら、じこを おこしかねない。","あんなにスピードを出したら、事故を起こしかねない。","If you drive at that speed, you could cause an accident.","かれは うそを つきかねない じんぶつだ。","彼は嘘をつきかねない人物だ。","He's the kind of person who might tell a lie."
"～かねる",,"Used in written language to politely and indirectly refuse. ""Difficult to... / Cannot..."".","V-masu stem + かねる","たいへん もうしわけありませんが、その ごようぼうには おこたえしかねます。","大変申し訳ありませんが、そのご要望にはお応えしかねます。","I'm terribly sorry, but we are unable to meet that request.","しょうさいに つきましては、ここでは はんだんしかねます。","詳細につきましては、ここでは判断しかねます。","Regarding the details, I cannot make a judgment here."
"～からして",,"Indicates a basis for judgment, often by giving an extreme example. ""Judging from... / Even from..."".","Noun + からして","かれは ふくそうからして、ふつうの ひとでは ないことがわかる。","彼は服装からして、普通の人ではないことがわかる。","Just from his clothing, you can tell he's not an ordinary person.","さすが いちりゅうホテルだけあって、ドアマンの たいどからして ちがう。","さすが一流ホテルだけあって、ドアマンの態度からして違う。","As expected of a first-class hotel, even the doorman's attitude is different."
"～からすると",,"Indicates a basis for judgment. ""From the perspective of... / Judging from..."".","Noun + からすると / からすれば","あの そらの もようからすると、ごごは あめが ふるだろう。","あの空の模様からすると、午後は雨が降るだろう。","Judging from the look of that sky, it will probably rain in the afternoon.","かのじょの ようすからすれば、しけんは うまくいったようだ。","彼女の様子からすれば、試験はうまくいったようだ。","Judging from her appearance, the exam seems to have gone well."
"～からといって",,"Indicates a concession or a reason for a limited conclusion. ""Just because... doesn't mean..."" or ""Even though...""","Plain form + からといって","にほんじんだからといって、だれもが けいごを じょうずに つかえるわけではない。","日本人だからといって、誰もが敬語を上手に使えるわけではない。","Just because someone is Japanese doesn't mean everyone can use polite language skillfully.","すきだからといって、おなじ ものばかり たべるのは よくない。","好きだからといって、同じものばかり食べるのはよくない。","Even if you like it, it's not good to eat only the same thing."
"～べきだ",,"Indicates that the speaker believes there is an obligation to do something based on social morals or common sense. ""Should (not)..."".","V-ru + べきだ (する→すべきだ)","がくせいは もっと ほんを よむべきだ。","学生はもっと本を読むべきだ。","Students should read more books.","やくそくは まもるべきだ。","約束は守るべきだ。","You should keep your promises."
"～ほかはない",,"Indicates that there is no other choice but to do something. ""Have no choice but to... / Must..."".","V-ru + ほかはない / よりほかはない","だれも たすけてくれないなら、じぶんで やるほかはない。","誰も助けてくれないなら、自分でやるほかはない。","If no one helps me, I have no choice but to do it myself.","バスが いってしまったので、えきまで あるくよりほかなかった。","バスが行ってしまったので、駅まで歩くよりほかなかった。","Since the bus left, I had no choice but to walk to the station."
"～からには",,"""Since... then..."". Often used with 「いったん」 (once).","Plain form + からには (Adjective (na) / Noun + である)","いったん やると いったからには、さいごまで せきにんを もつべきだ。","いったんやると言ったからには、最後まで責任を持つべきだ。","Once you've said you'll do it, you should take responsibility until the end.","にほんへ きたからには、ぜひ ふじさんに のぼってみたい。","日本へ来たからには、ぜひ富士山に登ってみたい。","Since I've come to Japan, I definitely want to climb Mt. Fuji."
"～代わりに",かわりに,"① Indicates substitution or exchange; ② Indicates two opposing aspects of something. ""Instead of... / In exchange for..."" or ""While...""","Plain form modifying noun + 代わりに","わたしが かいぎに でる かわりに、きみが この しごとを やってくれないか。","私が会議に出る代わりに、君がこの仕事をやってくれないか。","Could you do this job in my place, while I attend the meeting?","このへやは えきから ちかい かわりに、やちんが すこし たかい。","この部屋は駅から近い代わりに、家賃が少し高い。","This room is close to the station, but on the other hand, the rent is a bit high."
"～気味",ぎみ,"Indicates a tendency or degree, often for negative or subjective feelings. ""Somewhat... / A little... / Tending to be..."".\<br\>Fixed expressions: 疲れ気味 (tired-ish), 風邪気味 (a bit under the weather), 太り気味 (a bit on the heavy side).","V-masu stem / Noun + 気味","さいきん、すこし つかれぎみなので、はやく ねるようにしている。","最近、少し疲れ気味なので、早く寝るようにしている。","I've been feeling a bit tired recently, so I'm trying to go to bed early.","しんじんしゃいんは すこし きんちょうぎみの おももちだった。","新入社員は少し緊張気味の面持ちだった。","The new employee had a slightly nervous expression."
"～きり",,"Connection 1 (V-ru/ta + きり): Indicates limitation, ""only..."".\<br\>Connection 2 (V-ta + きり): Indicates that after the first action, the second action never happened again. ""After... never again..."".","","ふたりきりで はなしを したいです。","二人きりで話をしたいです。","I want to talk just the two of us.","かれは いえを でたきり、いちども かえってこない。","彼は家を出たきり、一度も帰ってこない。","He left home and has never returned since."
"～きる",,"① Indicates completing an action (or inability to complete); ② Indicates a deep degree, ""completely..."".","V-masu stem + きる / きれる / きれない","こんなに たくさんの ごはん、ひとりでは たべきれない。","こんなにたくさんのご飯、一人では食べきれない。","I can't eat this much rice alone.","かれは つかれきった かおを していた。","彼は疲れきった顔をしていた。","He had a completely exhausted look on his face."
"～くせに",,"Indicates a contrast with a tone of blame or dissatisfaction, more colloquial than 「のに」. ""...even though... / ...despite the fact that..."".","Plain form modifying noun + くせに","かれは なにも しらないくせに、しっている ふりを している。","彼は何も知らないくせに、知っているふりをしている。","He acts as if he knows everything, even though he knows nothing.","こどもなくせに、おとなみたいな ことを いう。","子供のくせに、大人みたいなことを言う。","Even though he's a child, he says things like an adult."
"～ことか",,"Expresses very strong emotion. ""How... \! / How very... \!"". Often used with 「どれほど」 (how much) or 「どんなに」 (how).","Plain form modifying noun + ことか","このひを どれほど まちのぞんだことか。","この日をどれほど待ち望んだことか。","How much I've longed for this day\!","にほんごの べんきょうは、どんなに たいへんだったことか。","日本語の勉強は、どんなに大変だったことか。","How difficult studying Japanese was\!"
"～ことから",,"Indicates a cause or basis. ""Because of... / From the fact that..."".","Plain form modifying noun + ことから (Adjective (na) / である, Noun である)","ふじさんが みえることから、このまちは ふじみちょうと なづけられた。","富士山が見えることから、この町は富士見町と名付けられた。","This town was named Fujimicho (meaning ""Fuji-viewing town"") because Mt. Fuji can be seen from here.","ほんの ささいなことから、ふたりは けんかになった。","ほんの些細なことから、二人は喧嘩になった。","They started fighting over a trivial matter."
"～ことだ",,"Expresses advice or a recommendation (subjective). ""Should... / Must not..."".","V-ru / V-nai + ことだ","ごうかくしたければ、もっと いっしょうけんめい べんきょうすることだ。","合格したければ、もっと一生懸命勉強することだ。","If you want to pass, you should study harder.","ひとの わるぐちは いわないことだ。","人の悪口は言わないことだ。","You shouldn't speak ill of others."
"～ものだ",,"① Common sense: ""It is natural to...""; ② Recalling the past; ③ Strong emotion; ④ Strong desire: ""I really want to...""","Plain form + ものだ (①, ③) / V-ta + ものだ (②) / V-tai + ものだ (④)","としを とれば、たいりょくが おとろえるものだ。","年を取れば、体力が衰えるものだ。","It's natural for one's physical strength to decline with age. (Common sense)","こどもの ころ、よく この かわで あそんだものだ。","子供の頃、よくこの川で遊んだものだ。","When I was a child, I used to play in this river a lot. (Recalling the past)"
"～ほど",,"① Indicates degree: ""so... that...""; ② Indicates proportion: ""the more... the more...""","①Plain form modifying noun + ほど\<br\>②V-ba + V-ru ほど / Adjective-ba + Adjective ほど","こんやは ねむれないほど しんぱいだ。","今夜は眠れないほど心配だ。","I'm so worried tonight that I can't sleep.","にほんごは べんきょうすればするほど、おもしろくなる。","日本語は勉強すればするほど、面白くなる。","The more you study Japanese, the more interesting it becomes."
"～ものなら",,"① Impossible hypothesis: ""If (one) could...""; ② Hypothesis with a negative outcome: ""If (one) were to...""","①V-potential form + ものなら\<br\>②V-volitional form + ものなら","やれるものなら、やってみろ。","やれるものなら、やってみろ。","If you can do it, try it\!","そんなことを しようものなら、たいへんな ことになるぞ。","そんなことをしようものなら、大変なことになるぞ。","If you dare to do such a thing, it'll be a big problem."
"～ことだから",,"Indicates a basis for judgment, based on someone's usual character. ""Because it's (person's typical character)..."".","Noun + の + ことだから","まじめな たなかさんの ことだから、きっと じかんどおりに きますよ。","真面目な田中さんのことだから、きっと時間通りに来ますよ。","Since it's the diligent Mr. Tanaka, I'm sure he'll come on time.","やさしい かのじょの ことだから、こまっているひとを みたら たすけるに ちがいない。","優しい彼女のことだから、困っている人を見たら助けるに違いない。","Since she's a kind person, she's sure to help anyone in need."
"～ことなく",,"Indicates negation. ""Without..."". Formal written language.","V-ru + ことなく","かれは さいごまで あきらめることなく、たたかい つづけた。","彼は最後まで諦めることなく、戦い続けた。","He fought on without giving up until the very end.","かのじょは いちども ふりかえることなく、さっていった。","彼女は一度も振り返ることなく、去っていった。","She left without looking back even once."
"～際に",さいに,"Indicates ""at the time of... / on the occasion of..."", more formal than 「とき」.","V-ru・ta / Noun + の + 際に","かいがいへ ごしゅっちょうの さいには、こちらの しょるいが ひつように なります。","海外へご出張の際には、こちらの書類が必要になります。","When you go on a business trip overseas, these documents will be necessary.","おこまりの さいは、いつでも ごれんらくください。","お困りの際は、いつでもご連絡ください。","If you are in trouble, please contact us anytime."
"～最中に",さいちゅうに,"Indicates that something is in the middle of an action, and a sudden event often follows. ""In the middle of... / While... (something happened)"".","V-te iru / Noun + の + 最中に","シャワーを あびている さいちゅうに、でんわが なった。","シャワーを浴びている最中に、電話が鳴った。","While I was taking a shower, the phone rang.","かいぎの さいちゅうに、とつぜん ていでんした。","会議の最中に、突然停電した。","In the middle of the meeting, there was a sudden power outage."
"～ざるを得ない",ざるをえない,"Indicates ""have no choice but to... / must..."". Formal written language.","V-nai (nai→zaru) + を得ない (する→せざる)","たいふうの ため、りょこうは ちゅうしせざるを えなかった。","台風のため、旅行は中止せざるを得なかった。","Due to the typhoon, we had no choice but to cancel the trip.","いやだったが、じょうしの めいれいなので、したがわざるを えない。","嫌だったが、上司の命令なので、従わざるを得ない。","Although I didn't like it, it was my boss's order, so I had no choice but to obey."
"～次第",しだい,"① Indicates ""as soon as... (will)...""; ② Indicates ""depends on... / it's up to..."".","①V-masu stem + 次第\<br\>②Noun + 次第だ/では","しょうさいが きまりしだい、ごれんらくいたします。","詳細が決まり次第、ご連絡いたします。","As soon as the details are decided, we will contact you.","しけんに ごうかくするかどうかは、あなたの どりょくしだいです。","試験に合格するかどうかは、あなたの努力次第です。","Whether you pass the exam or not depends on your efforts."
"～上",じょう,"Indicates ""from the perspective of... / in terms of..."".","Noun + 上","このビルは あんぜんじょうの もんだいで、たちいりきんしに なっている。","このビルは安全上の問題で、立ち入り禁止になっている。","This building is prohibited from entry due to safety concerns.","けいやくしょの ないようを ごかくにんのうえ、しょめいをおねがいします。","契約書の内容を御確認の上、署名をお願いします。","Please sign after confirming the contents of the contract."
"～ずにはいられない",,"Expresses an urgent feeling. ""Can't help but... / Cannot but..."".","V-nai (nai→zu) + にはいられない (する→せず)","かれの かなしい ものがたりを きいて、なみだを ながさずにはいられなかった。","彼の悲しい物語を聞いて、涙を流さずにはいられなかった。","After hearing his sad story, I couldn't help but shed tears.","まちがいを みつけたら、ちゅういせずにはいられない。","間違いを見つけたら、注意せずにはいられない。","If I find a mistake, I can't help but point it out."
"～せいで",,"Indicates a cause, often leading to a negative result. ""Because of..."". 「せいか」 indicates uncertainty.","Plain form modifying noun + せいで / せいか / せいだ","ねぶそくのせいで、あたまが いたい。","寝不足のせいで、頭が痛い。","My head hurts because of lack of sleep.","としのせいか、さいきん わすれっぽくなった。","年のせいか、最近忘れっぽくなった。","Perhaps because of my age, I've become forgetful recently."
"～だけあって",,"① Indicates that something is worthy of its status or experience. ""As expected of... / It's only natural that..."".\<br\>② Indicates ""precisely because... even more so..."".","①Noun + だけあって\<br\>②Plain form modifying noun + だけに","さすが いちりゅうホテルだけあって、サービスが すばらしい。","さすが一流ホテルだけあって、サービスが素晴らしい。","As expected of a first-class hotel, the service is excellent.","いっしょうけんめい れんしゅうしただけに、まけたときは くやしかった。","一生懸命練習しただけに、負けたときは悔しかった。","Precisely because I practiced so hard, I was even more frustrated when I lost."
"たとえ～ても",,"Indicates concession. ""Even if... / Even though..."".","たとえ + V-te / Adjective-kute + も / Adjective (na)・Noun + で + も","たとえ あめが ふっても、サッカーの しあいは おこなわれます。","たとえ雨が降っても、サッカーの試合は行われます。","Even if it rains, the soccer match will still be held.","たとえ はんたいされても、わたしは じぶんの ゆめを あきらめない。","たとえ反対されても、私は自分の夢を諦めない。","Even if I'm opposed, I won't give up on my dream."
"～たところ",,"Indicates that after performing the preceding action, the following result occurred or was discovered.","V-ta + ところ","えきに でんわしたところ、わすれものは とどいていないとのことだった。","駅に電話したところ、忘れ物は届いていないとのことだった。","I called the station, and it turned out that the lost item hadn't been found.","せんせいに そうだんしたところ、いい アドバイスを もらえた。","先生に相談したところ、いいアドバイスをもらえた。","After consulting with the teacher, I received good advice."
"～たとたん(に)",,"Indicates that the preceding action just happened, and then the following (often unexpected) action immediately occurred. ""As soon as... / The moment...""","V-ta + とたん(に)","まどを あけたとたん、つよい かぜが はいってきた。","窓を開けたとたん、強い風がはいってきた。","The moment I opened the window, a strong wind blew in.","たちあがったとたんに、めまいがした。","立ち上がったとたんに、めまいがした。","The moment I stood up, I felt dizzy."
"～たびに",,"Indicates ""every time... / whenever..."", meaning the preceding action always leads to the following action.","V-ru / Noun + の + たびに","このきょくを きくたびに、こどものころを おもいだす。","この曲を聞くたびに、子供の頃を思い出す。","Every time I hear this song, I remember my childhood.","かのじょは りょこうのたびに、たくさん おみやげを かってくる。","彼女は旅行のたびに、たくさんお土産を買ってくる。","Every time she travels, she buys a lot of souvenirs."
"～だらけ",,"Indicates ""full of... / covered in..."". The preceding noun usually has a negative connotation.","Noun + だらけ","どろぼうに はいられ、へやじゅう あしあとだらけだった。","泥棒に入られ、部屋中足跡だらけだった。","After a burglar broke in, the entire room was full of footprints.","この レポートは まちがいだらけだ。","このレポートは間違いだらけだ。","This report is full of mistakes."
"～ついでに",,"Indicates ""while doing something else, also do this... / incidentally..."".","V-ru・ta / Noun + の + ついでに","ぎんこうへ いったついでに、てがみを だしてきた。","銀行へ行ったついでに、手紙を出してきた。","While I was at the bank, I also mailed the letter.","さんぽのついでに、コンビニで パンを かってきた。","散歩のついでに、コンビニでパンを買ってきた。","While out for a walk, I also bought some bread at the convenience store."
"～っこない",,"Indicates strong negation. ""No way... / Impossible..."". 「もんか」 is its colloquial form.","V-masu stem + っこない","こんなに おおい しごと、いちにちで おわりっこない。","こんなに多い仕事、一日で終わりっこない。","There's no way I can finish this much work in one day.","かれが しけんに ごうかくするっこないよ。ぜんぜん べんきょうしていないから。","彼が試験に合格するっこないよ。全然勉強していないから。","He's not going to pass the exam. He hasn't studied at all."
"～つつ／つつも",,"① Indicates simultaneous actions: ""while...ing..."".\<br\>② Indicates a concession: ""although... but..."".","V-masu stem + つつ / つつも","かれは なにかを かんがえつつ、そとを ながめていた。","彼は何かを考えつつ、外を眺めていた。","He was gazing outside while thinking about something.","わるいと しりつつも、うそを ついてしまった。","悪いと知りつつも、嘘をついてしまった。","Although I knew it was wrong, I told a lie."
"～つつある",,"Indicates that a certain state is continuously developing (often used in written language). ""Is in the process of... / Is gradually...""","V-masu stem + つつある","にほんの けいきは、かいふくしつつある。","日本の景気は、回復しつつある。","The Japanese economy is gradually recovering.","ぜつめつしつつある どうぶつを まもるために、かつどうが おこなわれている。","絶滅しつつある動物を守るために、活動が行われている。","Activities are being carried out to protect endangered animals."
"～っぽい",,"Indicates a certain feeling or tendency. ""Looks like... / Feels like... / Tends to be..."".","V-masu stem / Adjective (i-form, remove い) / Noun + っぽい","あのひとは わすれっぽいから、たいせつな ことは メモしたほうがいい。","あの人は忘れっぽいから、大切なことはメモした方がいい。","That person is forgetful, so it's better to jot down important things.","この コートは デザインは いいけど、きじが やすっぽいね。","このコートはデザインはいいけど、生地が安っぽいね。","This coat's design is good, but the fabric looks cheap."
"～て以来",いらい,"Indicates that a certain state has continued since a particular action occurred. ""Since... (then)..."".","V-te form + 以来","かれが たいしょくして いらい、いちども あっていない。","彼が退職して以来、一度も会っていない。","I haven't seen him once since he retired.","にほんへ きていらい、ずっと このまちに すんでいます。","日本へ来て以来、ずっとこの町に住んでいます。","I've lived in this town ever since I came to Japan."
"～てからでないと",,"Indicates a condition; if the preceding action is not done first, the following action cannot be done. ""Unless... first, then (cannot)..."".","V-te form + からでないと / からでなければ","じゅうぶんに ちょうさしてからでないと、けつろんは だせない。","十分に調査してからでないと、結論は出せない。","Unless you investigate thoroughly first, you can't draw a conclusion.","おかあさんの きょかを もらってからでなければ、りょこうには いけません。","お母さんの許可をもらってからでなければ、旅行には行けません。","Unless you get your mother's permission first, you can't go on the trip."
"～てたまらない",,"Indicates an extremely high degree. ""Extremely... / Unbearably..."". Often connects to words describing states or feelings.","V-te form / Adjective (i-form, remove い) / Adjective (na-form, remove な) + で + たまらない","あしたからの りょこうが たのしみでたまらない。","明日からの旅行が楽しみでたまらない。","I'm unbelievably excited about tomorrow's trip.","むすこの ことが しんぱいでたまらない。","息子のことが心配でたまらない。","I'm extremely worried about my son."
"～てならない",,"Indicates a strong, natural feeling. ""Extremely... / Cannot help but feel..."". Often connects to words describing emotions.","V-te form / Adjective (i-form, remove い) / Adjective (na-form, remove な) + で + ならない","しけんに ごうかくできて、うれしくてならない。","試験に合格できて、嬉しくてならない。","I can't help but be happy that I passed the exam.","さいきん ふるさとの りょうしんの ことが おもいだされてならない。","最近、故郷の両親のことが思い出されてならない。","Recently, I can't help but think of my parents back home."
"～ということだ",,"① Indicates a conclusion: ""It means that...""; ② Indicates hearsay: ""I hear that..."".","Plain form + ということだ","てんきよほうに よると、あしたは あめが ふるということだ。","天気予報によると、明日は雨が降るということです。","According to the weather forecast, I hear it will rain tomorrow.","ごいけんが ないということは、さんせいしてくださるということですね。","ご意見がないということは、賛成してくださるということですね。","No opinion means you agree, right?"
"～というより",,"Indicates ""rather than... it's more like..."".","Plain form + というより (Adjective (na) / Noun without だ)","かれは がくしゃというより、むしろ せいじかだ。","彼は学者というより、むしろ政治家だ。","He's more of a politician than a scholar.","きょうは すずしいというより、さむいくらいだ。","今日は涼しいというより、寒いぐらいだ。","Today, rather than cool, it's almost cold."
"～とおりに",,"Indicates ""according to... / just as..."".","V-ru・ta / Noun + の + とおりに\<br\>Noun + どおりに","せんせいが おしえたとおりに やったら、うまくいきました。","先生が教えたとおりにやったら、うまくいきました。","When I did it just as the teacher taught, it went well.","よていどおりに、かいぎは ３じに おわった。","予定通りに、会議は３時に終わった。","The meeting ended at 3 o'clock, as scheduled."
"～とか",,"① Uncertain information: ""They say that...""; ② Uncertain rumor: ""I heard that...""; ③ Reason heard: ""They say it's because..."".","①Plain form / Noun + とか\<br\>②Plain form + とかいうことだ\<br\>③Plain form + とかで","たなかさん、らいげつ けっこんするとか。ほんとうかな。","田中さん、来月結婚するとか。本当かな。","I heard Tanaka-san is getting married next month. Is it true?","きのうの よる、このへんで かじが あったとかいうはなしだよ。","昨日の夜、このへんで火事があったとかいう話だよ。","I heard there was a fire around here last night.","かれは かぜを ひいたとかで、がっこうを やすんだ。","彼は風を引いたとかで、学校を休んだ。","He missed school because he apparently caught a cold."
"～どころか",,"Indicates ""far from... / not to mention..."", denying the preceding clause and stating that the following content is the opposite of the previous statement.","Plain form modifying noun + どころか","べんきょうするどころか、まいにち ゲームばかりしている。","勉強するどころか、毎日ゲームばかりしている。","Far from studying, he just plays games every day.","のどが いたいので、ごはんを たべるどころか、みずも のめない。","喉が痛いので、ご飯を食べるどころか、水も飲めない。","My throat hurts so much that I can't even drink water, let alone eat."
"～まい",,"① Indicates negative will: ""won't / don't intend to""; ② Indicates negative conjecture: ""probably won't..."".","V-ru + まい (V-ichidan / Kahen / Sahen can also use V-nai form)","もう にどと かのじょには あうまいと こころに ちかった。","もう二度と彼女には会うまいと心に誓った。","I swore to myself I would never see her again.","かれが わたしの ひみつを ひとに はなすことは あるまい。","彼が私の秘密を人に話すことはあるまい。","He probably wouldn't tell anyone my secret."
"～どころではない",,"Indicates that it's not the right occasion for something, emphasizing a lack of time, money, or energy for it. ""It's not the time for... / How could I possibly...""","V-ru・te iru / Noun + どころではない","しごとが いそがしすぎて、りょこうどころではない。","仕事が忙しすぎて、旅行どころではない。","I'm too busy with work; it's no time for a trip.","ねつが たかくて、ごはんを たべるどころではなかった。","熱が高くて、ご飯を食べるどころではなかった。","My fever was so high that I couldn't even think about eating."
"～ところに",,"Indicates that something (often unexpected) occurred while an action was in progress. ""Just when... / At the moment when..."".","V-ru・ta・te iru + ところに / ところへ","でかけようとしたところに、きゃくが きた。","出かけようとしたところに、客が来た。","Just as I was about to leave, a guest arrived.","ちょうど よかった。いまから おちゃを いれるところへ、あなたが きた。","ちょうどよかった。今からお茶を入れるところへ、あなたが来た。","Perfect timing\! You came just as I was about to make tea."
"～ところを",,"Indicates that one was discovered or interrupted while doing something. ""Just when... / At the moment when...""","V-ru・ta・te iru + ところを","ねているところを、でんわで おこされた。","寝ているところを、電話で起こされた。","I was woken up by a phone call while I was sleeping.","お いそがしいところを、たいへん もうしわけありません。","お忙しいところを、大変申し訳ありません。","I'm very sorry to bother you when you're so busy."
"～としたら",,"Indicates a hypothesis. ""If... / Assuming that..."".","Plain form + としたら / とすると / とすれば","もし、ひゃくまんえん あったとしたら、なにを したいですか。","もし、百万円あったとしたら、何をしたいですか。","If you had one million yen, what would you want to do?","その はなしが ほんとうだとすれば、おおきな もんだいだ。","その話が本当だとすれば、大きな問題だ。","If that story is true, it's a big problem."
"～ないことには",,"Indicates a condition. ""Unless... (then cannot)..."".","V-nai / Adjective (i-form, remove い) / Adjective (na-form, remove な)・Noun + でない + ことには","じっさいに あってみないことには、どんな ひとか わからない。","実際に会ってみないことには、どんな人か分からない。","Unless I actually meet him, I won't know what kind of person he is.","おかねが ないことには、この けいかくは すすめられない。","お金がないことには、この計画は進められない。","Unless there's money, this plan cannot proceed."
"～ないことはない",,"Indicates a possibility. ""It's not impossible to... / It's possible to..."".","V-nai / Adjective (i-form, remove い) + ことはない / こともない","どりょくすれば、とうきょうだいがくに ごうかくできないこともない。","努力すれば、東京大学に合格できないこともない。","If you try hard, it's not impossible to pass the entrance exam for Tokyo University.","この カレーは からくないことはないが、とても おいしい。","このカレーは辛くないことはないが、とても美味しい。","This curry isn't not spicy, but it's very delicious."
"～ながらも",,"Indicates a concession. ""Although... but..."".","V-masu stem / Adjective / Noun + ながらも","せまいながらも、わがやが いちばん おちつく。","狭いながらも、我が家が一番落ち着く。","Although it's small, my home is the most relaxing place.","ざんねんながら、こんかいは ふごうかくでした。","残念ながら、今回は不合格でした。","Unfortunately, I failed this time."
"～にあたって",,"Indicates a significant occasion. ""At the time of... / On the occasion of..."". Formal and written.","V-ru / Noun + にあたって / にあたり","かいかいにあたり、ひとこと ごあいさつ もうしあげます。","開会にあたり、一言ご挨拶申し上げます。","On the occasion of the opening, I would like to say a few words.","しんねんを むかえるにあたって、ことしの もくひょうを たてた。","新年を迎えるにあたって、今年の目標を立てた。","As I welcomed the New Year, I set this year's goals."
"～において",,"Indicates time, place, or situation. ""In... / At... / With regard to..."".","Noun + において / における","かいぎは だいいちかいぎしつにおいて おこなわれます。","会議は第一会議室において行われます。","The meeting will be held in Conference Room 1.","かれは すうがくの ぶんやにおいて、すぐれた ぎょうせきを のこした。","彼は数学の分野において、優れた業績を残した。","He left outstanding achievements in the field of mathematics."
"～にかかわらず",,"Indicates ""regardless of... / irrespective of..."".","Noun / V-ru・nai / Adjective dictionary form or its negative form + にかかわらず","けいけんの うむに かかわらず、だれでも おうぼできます。","経験の有無にかかわらず、誰でも応募できます。","Anyone can apply, regardless of experience.","てんこうに かかわりなく、あしたの イベントは じっしします。","天候にかかわりなく、明日のイベントは実施します。","Regardless of the weather, tomorrow's event will be held."
"～を問わず",を問わず,"Indicates ""regardless of... / without regard to..."".","Noun + を問わず","この スポーツクラブは、ねんれいを とわず、だれでも りようできます。","このスポーツクラブは、年齢を問わず、誰でも利用できます。","This sports club can be used by anyone, regardless of age.","こくせきを とわず、ゆうしゅうな じんざいを あつめたい。","国籍を問わず、優秀な人材を集めたい。","We want to gather excellent talent regardless of nationality."
"～にかけては",,"Expresses the speaker's positive evaluation of a person or thing. ""When it comes to... (is the best)"".","Noun + にかけては","あしの はやさに かけては、かれに かなうものは いない。","足の速さにかけては、彼に敵う者はいない。","When it comes to speed, no one can match him.","りょうりの うでまえに かけては、かのじょは プロなみだ。","料理の腕前にかけては、彼女はプロ並みだ。","When it comes to cooking skills, she's professional level."
"～に決まっている",,"Indicates a highly certain inference. ""Must be... / Definitely..."".","Plain form + に決まっている (Adjective (na) / Noun without だ)","あんなに どりょくしたんだから、しけんに ごうかくするに きまっている。","あんなに努力したんだから、試験に合格するに決まっている。","Since he worked so hard, he's definitely going to pass the exam.","うそばかり つく かれの いうことなんか、うそに きまっている。","嘘ばかりつく彼の言うことなんか、嘘に決まっている。","Anything he says, being a liar, must be a lie."
"～に加えて",にくわえて,"Indicates addition. ""In addition to... / Plus..."".","Noun + に加えて","こんかいの しけんでは、どっかいに くわえて、ちょうかいも むずかしかった。","今回の試験では、読解に加えて、聴解も難しかった。","In this exam, in addition to reading comprehension, listening comprehension was also difficult.","かのじょは ピアノに くわえ、バイオリンも ひける。","彼女はピアノに加え、バイオリンも弾ける。","In addition to piano, she can also play the violin."
"～に際して",にさいして,"Indicates ""at the time of... / on the occasion of..."".","V-ru / Noun + に際して","おもうしこみに さいして、いくつか ちゅういじこうが ございます。","お申し込みに際して、いくつか注意事項がございます。","When applying, there are a few important points to note.","りゅうがくに さいし、おおくの ひとに おせわに なりました。","留学に際し、多くの人にお世話になりました。","On the occasion of studying abroad, I received help from many people."
"～にしたら",,"Indicates a perspective. ""From the standpoint of... / For..."".","Noun + にしたら / にすれば / にしても","おやにしたら、こどもの しょうらいが しんぱいなのだろう。","親にしたら、子供の将来が心配なのだろう。","From a parent's perspective, they probably worry about their child's future.","わたしにすれば、そんなことは どうでもいい。","私にすれば、そんなことはどうでもいい。","As far as I'm concerned, such a thing doesn't matter."
"～にしては",,"Indicates a standard for evaluation. ""For (something)..."". The result is often contrary to expectations.","Plain form + にしては (Adjective (na) / Noun without だ)","はじめてにしては、なかなか じょうずですね。","初めてにしては、なかなか上手ですね。","For a first-timer, you're quite good.","かれは がいこくじんのわりには にほんごが ぺらぺらだ。","彼は外国人にしては日本語がぺらぺらだ。","For a foreigner, he speaks Japanese fluently."
"～にしても",,"① Indicates concession: ""Even if... / No matter how...""; ② Indicates enumeration: ""Whether... or...""","①Plain form + にしても (Adjective (na) / Noun (である))\<br\>②Noun + にしても + Noun + にしても","いくら いそがしいにしても、しょくじを とる じかんくらいは あるだろう。","いくら忙しいにしても、食事をとる時間くらいはあるだろう。","No matter how busy one is, there should be time to eat.","いくにしても いかないにしても、はやく きめてください。","行くにしても行かないにしても、早く決めてください。","Whether you go or not, please decide quickly."
"～に過ぎない",にすぎない,"Indicates ""nothing more than... / merely..."".","Plain form + に過ぎない (Adjective (na) / Noun である)","それは あくまで かていの はなしに すぎない。","それはあくまで仮定の話に過ぎない。","That is nothing more than a hypothetical story.","わたしは いちしゃいんに すぎないので、そのような ことは けっていできません。","私は一社員に過ぎないので、そのようなことは決定できません。","I am merely an employee, so I cannot make decisions like that."
"～に相違ない",にそういない,"Indicates a definite conclusion. ""Must be... / Undoubtedly..."". Equivalent to 「必ず」 (certainly) or 「きっと」 (surely).","Plain form + に相違ない (Adjective (na) / Noun without だ/である)","この しょるいは、かれが かいたものに そういない。","この書類は、彼が書いたものに相違ない。","This document must have been written by him.","げんばの じょうきょうからみて、はんにんは べつの にんげんに そういない。","現場の状況から見て、犯人は別の人間だに相違ない。","From the situation at the scene, the culprit must be another person."
"～ようがない",,"Indicates ""there is no way to... / it's impossible to..."".","V-masu stem + ようがない / ようもない","こんなに こわれてしまったら、なおしようがない。","こんなに壊れてしまったら、直しよがない。","If it's broken this badly, there's no way to fix it.","てがみが ないので、へんじの かきようがなかった。","手紙がないので、返事の書きようがなかった。","Since there was no letter, there was no way to write a reply."
"～わけがない",,"Expresses the speaker's judgment: ""It's impossible that... / There's no way that..."".","Plain form modifying noun + わけがない","こんなに やすいんだから、ほんものの ブランド品である わけがない。","こんなに安いんだから、本物のブランド品であるわけがない。","Since it's so cheap, there's no way it's a real brand-name product.","まじめな かれが、むだんで やすむわけがない。","真面目な彼が、無断で休むわけがない。","There's no way that diligent person would take leave without permission."
"～わけだ",,"① Indicates explanation: ""That means... / No wonder...""; ② Indicates reason: ""Because..."".","Plain form modifying noun + わけだ","ねつが ３８ども あるんです。あたまが いたいわけです。","熱が３８度もあるんです。頭が痛いわけです。","I have a 38-degree fever. No wonder my head hurts.","くらくなりましたね。ひが しずんだわけだ。","暗くなりましたね。日が沈んだわけだ。","It got dark. That's because the sun set."
"～わけではない",,"Indicates negation. ""It doesn't mean that... / It's not that..."".","Plain form modifying noun + わけではない","きらいなわけではないが、あまり たべたいとは おもわない。","嫌いなわけではないが、あまり食べたいとは思わない。","It's not that I dislike it, but I don't really want to eat it.","すべての にほんじんが なっとうが すきなわけではない。","全ての日本人が納豆が好きなわけではない。","It's not that all Japanese people like natto."
"～に違いない",にちがいない,"Expresses the speaker's very confident judgment based on facts. ""Must be... / Certainly..."".","Plain form + に違いない (Adjective (na) / Noun without だ)","へやのでんきが ついている。かれは まだ いえに いるにちがいない。","部屋の電気がついている。彼はまだ家にいるに違いない。","The room light is on. He must still be at home.","あの ふたりの ようすからして、つきあっているに ちがいない。","あの二人の様子からして、付き合っているに違いない。","Judging from those two's demeanor, they must be dating."
"～につき",,"① Indicates ""per...""; ② Indicates cause: ""due to... / because of..."".","Noun + につき","こちらの ちゅうしゃじょうは、いちじかんに つき、５００えんです。","こちらの駐車場は、一時間につき、５００円です。","This parking lot costs 500 yen per hour.","ほんじつは しゅくじつに つき、きゅうぎょういたします。","本日は祝日につき、休業いたします。","Today is a national holiday, so we are closed."
"～につけ",,"① Indicates ""every time... (then)...""; ② Indicates enumeration: ""whether... or... (always)...""","①V-ru + につけ\<br\>②Noun / Adjective + につけ + Noun / Adjective + につけ","なにかにつけて、かのじょは むかしの はなしを する。","何かにつけて、彼女は昔の話をする。","She always brings up old stories about one thing or another.","よきにつけ あしきにつけ、こどもは おやの まねを するものだ。","良きにつけ悪しきにつけ、子供は親の真似をするものだ。","For better or worse, children imitate their parents."
"～に反して",にはんして,"Indicates ""contrary to..."".","Noun + に反して","よそうに はんして、しけんは とても やさしかった。","予想に反して、試験はとてもやさしかった。","Contrary to expectations, the exam was very easy.","おやの きたいに はんし、かれは だいがくに いかず、ミュージシャンに なった。","親の期待に反し、彼は大学に行かず、ミュージシャンになった。","Contrary to his parents' expectations, he didn't go to university and became a musician."
"～にほかならない",,"① Indicates definite affirmation and emphasis: ""is nothing other than... / is precisely...""; ② Emphasizes the cause: ""is precisely because of..."".","①Noun + にほかならない\<br\>②～からにほかならない","この しょうりは、チームぜんいんの どりょくの けっかに ほかならない。","この勝利は、チーム全員の努力の結果にほかならない。","This victory is nothing other than the result of the entire team's efforts.","かれが せいこうしたのは、たゆまぬ どりょくを したからにほかならない。","彼が成功したのは、たゆまぬ努力をしたからにほかならない。","His success is precisely because he made tireless efforts."
"～に基づいて",にもとづいて,"Indicates ""based on... / according to..."". Similar to 「に基づいて」.","Noun + に基づいて","この しょうせつは、じじつに もとづいて かかれた。","この小説は、事実に基づいて書かれた。","This novel was written based on facts.","ほうりつに もとづき、てきせつに しょりします。","法律に基づき、適切に処理します。","We will handle it appropriately based on the law."
"～にわたって",,"Indicates a broad range of time or space. ""Across... / Throughout... / Over a period of..."".","Noun + にわたって / にわたり","れんきゅうは ごかかんに わたり、おおくの かんこうきゃくが おとずれた。","連休は五日間にわたり、多くの観光客が訪れた。","Throughout the five-day holiday, many tourists visited.","ぎろんは よじかんに わたった。","議論は四時間にわたった。","The discussion lasted for four hours."
"～を抜きにしては",をぬきにしては,"Indicates ""without... / if not for... (then cannot)..."".","Noun + を抜きにしては","みなさんの きょうりょくを ぬきにしては、この プロジェクトの せいこうは なかったでしょう。","皆さんの協力を抜きにしては、このプロジェクトの成功はなかったでしょう。","Without everyone's cooperation, this project would not have succeeded.","じょうだんは ぬきにして、まじめな はなしを しましょう。","冗談は抜きにして、真面目な話をしましょう。","Let's put jokes aside and talk seriously."
"～抜く",ぬく,"Indicates completing an action thoroughly. ""To the end / Through and through / To complete..."".","V-masu stem + 抜く","いったん きめたことは、さいごまで やりぬきなさい。","いったん決めたことは、最後までやり抜きなさい。","Once you've decided on something, see it through to the end.","かれは くるしい リハビリを たえぬいた。","彼は苦しいリハビリを耐え抜いた。","He endured the difficult rehabilitation all the way through."
"～をめぐって",,"Indicates ""concerning... / around... / over..."".","Noun + をめぐって / をめぐり","いさんを めぐって、きょうだいが あらそっている。","遺産をめぐって、兄弟が争っている。","The siblings are arguing over the inheritance.","その ほうあんを めぐる ぎろんが つづいている。","その法案をめぐる議論が続いている。","The debate surrounding that bill is continuing."
"～をはじめ",,"Indicates ""starting with... / including... / led by..."".","Noun + をはじめ / をはじめとして","きょうとには きんかくじを はじめ、おおくの ふるい おてらが ある。","京都には金閣寺をはじめ、多くの古いお寺がある。","Kyoto has many old temples, including Kinkaku-ji.","こうちょうせんせいを はじめとする せんせいがた、ほんじつは ありがとうございます。","校長先生をはじめとする先生方、本日はありがとうございます。","To the principal and all the teachers, thank you very much today."
"～のみならず",,"Indicates ""not only... (but also)..."", more formal than 「だけでなく」.","Plain form + のみならず (Adjective (na) / Noun である)","かれは えいごのみならず、フランスごも はなせる。","彼は英語のみならず、フランス語も話せる。","He can speak not only English but also French.","この えいがは にほん国内のみならず、かいがいでも たかく ひょうかされている。","この映画は日本国内のみならず、海外でも高く評価されている。","This movie is highly acclaimed not only in Japan but also overseas."
"～のもとで",,"Indicates scope or condition. ""Under... / Under the circumstances of..."". 「の名のもとに」 means ""in the name of..."".","Noun + のもとで / のもとに","きびしい くんれんの もとで、かれらは つよくなった。","厳しい訓練のもとで、彼らは強くなった。","Under strict training, they became strong.","せんせいの しどうの もと、ろんぶんを かんせいさせた。","先生の指導のもと、論文を完成させた。","I completed my thesis under the guidance of my teacher."
"～をもとに(して)",,"Indicates ""based on... / on the foundation of..."". Similar to 「に基づいて」.","Noun + をもとに(して)","じぶんの けいけんを もとに、しょうせつを かいた。","自分の経験を基に、小説を書いた。","I wrote a novel based on my own experiences.","この えいがは、ゆうめいな れきしじじつを もとにして つくられた。","この映画は、有名な歴史事実を基にして作られた。","This movie was made based on famous historical facts."
"～はおろか",,"Indicates ""let alone... / not to mention..."" (implying even less important things are not possible).","Noun + はおろか","かれは ひらがなは おろか、カタカナも よめない。","彼はひらがなはおろか、カタカナも読めない。","He can't even read katakana, let alone hiragana.","りょひは おろか、しょくひさえ のこっていない。","旅費はおろか、食費さえ残っていない。","Forget the travel expenses, I don't even have money left for food."
"～ばかりか",,"Indicates progression. ""Not only... but also..."", with the latter being a higher degree.","Plain form modifying noun + ばかりか","かのじょは ピアノが ひけるばかりか、うたも じょうずだ。","彼女はピアノが弾けるばかりか、歌も上手だ。","Not only can she play the piano, but she's also good at singing.","この レストランは りょうりが おいしいばかりか、てんいんの たいども よい。","このレストランは料理が美味しいばかりか、店員の態度も良い。","This restaurant not only has delicious food, but the staff's attitude is also good."
"～ばかりに",,"Indicates an undesirable reason. ""Simply because... / Just because..."".","Plain form modifying noun + ばかりに","すこし おくれたばかりに、でんしゃに のりおくれた。","少し遅れたばかりに、電車に乗り遅れた。","Simply because I was a little late, I missed the train.","うそを ついたばかりに、かれは しんようを うしなった。","嘘をついたばかりに、彼は信用を失った。","Just because he lied, he lost trust."
"～はともかく(として)",,"Indicates ""leaving aside... / putting aside... for now"".","Noun + はともかく(として)","あじは ともかく、とにかく はやく たべましょう。","味はともかく、とにかく早く食べましょう。","Taste aside, let's just eat quickly for now.","みためは ともかくとして、かれは とても やさしいひとだ。","見た目はともかくとして、彼はとても優しい人だ。","Putting his appearance aside, he is a very kind person."
"～も～ば～も",,"Indicates enumeration/parallelism. ""Both... and... / Not only... but also..."".","Noun + も + V-ba / Adjective (i-form, -kereba) + Noun + も\<br\>Noun + も + Adjective (na) / Noun + なら + Noun + も","かれは べんきょうも できれば、スポーツも できる。","彼は勉強もできれば、スポーツもできる。","He can both study and play sports.","このへやは ひろさも よければ、ひあたりも よい。","この部屋は広さもよければ、日当たりもよい。","This room is both spacious and gets good sunlight."
"～はもちろん",,"Indicates ""needless to say... / of course..."".","Noun + はもちろん / はもとより","かれは えいごは もちろん、フランスごも はなせる。","彼は英語はもちろん、フランスごもはなせる。","Needless to say, he speaks English, and also French.","この レストランは サービスは もとより、あじも さいこうだ。","このレストランはサービスはもとより、味も最高だ。","This restaurant's service goes without saying, and the taste is also superb."
"～反面",はんめん,"Indicates two aspects of something. ""On the other hand... / Conversely..."".","Plain form modifying noun + 反面 (Adjective (na) / Noun な/である)","ひとりぐらしは じゆうな はんめん、さびしい ときも ある。","一人暮らしは自由な反面、寂しい時もある。","Living alone is free, but on the other hand, there are also times when I feel lonely.","この くすりは よく きく はんめん、ふくさようも つよい。","この薬はよく効く反面、副作用も強い。","This medicine is effective, but on the other hand, its side effects are strong."
"～ものか",,"Indicates strong negation. ""No way... / How could I possibly...\!"". 「もんか」 is its colloquial form.","Plain form modifying noun + ものか / もんか","あんな みせ、にどと いくものか。","あんな店、二度と行くものか。","There's no way I'd ever go to that kind of store again\!","かれの いうことが しんじられるもんか。","彼の言うことが信じられるもんか。","There's no way his words can be believed\!"
"～ものの",,"Indicates a concession. ""Although... but..."".","Plain form modifying noun + ものの (Noun である)","くるまの めんきょは もっているものの、ほとんど うんてんしたことがない。","車の免許は持っているものの、ほとんど運転したことがない。","Although I have a driver's license, I've hardly ever driven.","あたまの なかでは りかいしているものの、うまく せつめいできない。","頭の中では理解しているものの、うまく説明できない。","Although I understand it in my head, I can't explain it well."