"上げる","あげる","表示动作的彻底完成，强调最终成果的产出。","動詞のマス形＋上げる","やっとレポートをかきあげた。","やっとレポートを書き上げた。","终于写完了报告。","ひとばんでセーターをあみあげた。","一晩でセーターを編み上げた。","用一个晚上织好了毛衣。"
"あまり","あまり","表示程度过甚，但其后多接否定性的内容。","副詞として動詞や形容詞を修飾","あまりむりをしないでください。","あまり無理をしないでください。","请不要太勉强自己。","きのうはあまりねていないので、ねむいです。","昨日はあまり寝ていないので、眠いです。","昨天没怎么睡，所以很困。"
"あまりにも","あまりにも","是「あまり」的强调形式，强烈地表现出说话者“非同寻常”的惊讶或感性。","副詞として文全体や用言を修飾","あまりにもうつくしいけしきにことばをうしなった。","あまりにも美しい景色に言葉を失った。","因景色过于美丽而失语。","かれのじこちゅうしんてきなたいどにはあまりにもおどろかされた。","彼の自己中心的な態度にはあまりにも驚かされた。","他那自我中心主义的态度实在令人震惊。"
"合う","あう","表示“互相做某事”，指多个主体相互进行同一动作。","動詞のマス形＋合う","かれらはたすけあって、こんなんをのりこえた。","彼らは助け合って、困難を乗り越えた。","他们互相帮助，克服了困难。","ながくはなしあったけっか、いけんがまとまった。","長く話し合った結果、意見がまとまった。","经过长时间的相互商谈，最终统一了意见。"
"ばいい","ばいい","用于提出建议或劝告，向对方轻微地提议“这样做比较好”，没有很强的强制力。","動詞・い形容詞の仮定形（ば形）＋いい","どうすればいいか分からなければ、せんせいにきけばいい。","どうすればいいか分からなければ、先生に聞けばいい。","如果不知道该怎么办，问老师就好了。","もっとやさいをたべればいいのに。","もっと野菜を食べればいいのに。","多吃点蔬菜就好了啊。"
"ばよかった","ばよかった","表示后悔的心情，意为“如果当时做了某事，结果就会很好（但实际上没做）”。","動詞・い形容詞の仮定形（ば形）＋よかった","もっとはやくいえばよかった。","もっと早く言えばよかった。","要是能早点说就好了。","しけんのまえにもっとべんきょうすればよかった。","試験の前にもっと勉強すればよかった。","考试前要是多学习一会儿就好了。"
"ば～ほど","ば～ほど","表示一方的程度越高，另一方的程度也与之成比例地增高。","動詞・い形容詞の仮定形＋同じ動詞・形容詞の辞書形＋ほど","このほんはよめばよむほどおもしろくなる。","この本は読めば読むほど面白くなる。","这本书越读越有趣。","やまはたかければたかいほど、くうきがうすくなる。","山は高ければ高いほど、空気が薄くなる。","山越高空气越稀薄。"
"ば～のに","ば～のに","假设与事实不符的情况，来表达遗憾或不满的心情。","動詞・い形容詞の仮定形（ば形）＋のに","もっとお金があれば、このカバンがかえるのに。","もっとお金があれば、このカバンが買えるのに。","要是有更多钱的话，就能买这个包了啊。","もっとはやくおきれば、でんしゃにまにあったのに。","もっと早く起きれば、電車に間に合ったのに。","要是起得再早点，就能赶上电车了啊。"
"ばかりで","ばかりで","意为“光是做某事”，多用于表达对其他事都不做、只持续某一行为或状态的不满或批评。","動詞のて形＋ばかりで / 名詞＋ばかりで","あそんでばかりで、ぜんぜんしゅくだいをしない。","遊んでばかりで、全然宿題をしない。","光玩，完全不做作业。","かれはぐちばかりで、なにもしない。","彼は口先ばかりで、何もしない。","他光说不做。"
"ばかりでなく","ばかりでなく","比「だけでなく」更书面化，意为“不仅A，而且B也”，表示范围更广。","名詞・動詞/い形容詞/な形容詞の普通形＋ばかりでなく","かのじょはえいごばかりでなく、フランスごもはなせる。","彼女は英語ばかりでなく、フランス語も話せる。","她不仅会说英语，还会说法语。","このレストランはあじがよいばかりでなく、ふんいきもすばらしい。","このレストランは味が良いばかりでなく、雰囲気も素晴らしい。","这家餐厅不仅味道好，氛围也很棒。"
"べきだ","べきだ","表示说话者“这样做是理所当然的，是道德或社会上正确的”强烈主张或义务感。","動詞の辞書形＋べきだ （「する」は「すべきだ」も可）","やくそくはまもるべきだ。","約束は守るべきだ。","应该遵守约定。","がくせいはもっとほんをよむべきだ。","学生はもっと本を読むべきだ。","学生应该多读书。"
"べきではない","べきではない","是「べきだ」的否定形式，表示“不那样做是理所当然的”，用于禁止或强烈的忠告。","動詞の辞書形＋べきではない","ひとのわるぐちをいうべきではない。","人の悪口を言うべきではない。","不应该说别人坏话。","そんなむちゃなけいかくは、じっこうすべきではない。","そんな無茶な計画は、実行すべきではない。","那样乱来的计划不应该执行。"
"別に～ない","べつに～ない","委婉地否定社会上的普遍看法或对方的想法，意为“并非特别...”。","別に＋動詞・い形容詞・な形容詞・名詞の否定形","べつにあなたをせめているわけではありません。","別にあなたを責めているわけではありません。","我并不是在责备你。","「なにかしんぱいなことでもあるの？」「いえ、べつになにもありません。」","「何か心配なことでもあるの？」「いえ、別に何もありません。」","“你有什么担心的事吗？”“没有，什么事也没有。”"
"ぶりに","ぶりに","表示“经过一段时间后，再次做同样的事情”，含有那段期间很长的感觉。","時間の長さを表す言葉＋ぶりに","ごねんぶりにこきょうへかえった。","5年ぶりに故郷へ帰った。","时隔5年回到了故乡。","きのう、じゅうねんぶりにしょうがっこうのせんせいにあった。","昨日、10年ぶりに小学校の先生に会った。","昨天，见到了时隔10年的小学老师。"
"中","ちゅう","意为“在...期间”，指某个动作或状态正在持续的期间。","動作性の名詞＋中","かいぎちゅうは、おしずかにおねがいします。","会議中は、お静かにお願いします。","会议期间请保持安静。","せんせいはただいまでんわちゅうです。","先生はただ今電話中です。","老师现在正在打电话。"
"だけ","だけ","限定范围，强调“除此之外别无其他”。","名詞・動詞/い形容詞/な形容詞の普通形＋だけ","わたしだけがそのじじつをしっている。","私だけがその事実を知っている。","只有我知道那个事实。","できるだけのことはしました。","できるだけのことはしました。","能做的都做了。"
"だけでなく","だけでなく","比「ばかりでなく」更口语化，用于添加事物，意为“不仅A，而且B也”。","名詞・動詞/い形容詞/な形容詞の普通形＋だけでなく","かれはにほんごだけでなく、えいごもはなせる。","彼は日本語だけでなく、英語も話せる。","他不仅会说日语，还会说英语。","このりょうりは、あじがおいしいだけでなく、みためもきれいだ。","この料理は、味がおいしいだけでなく、見た目もきれいだ。","这道菜不仅味道好，外观也很漂亮。"
"だけど","だけど","是表示转折的连接词，与「しかし」「でも」意思几乎相同，但更口语化，常用于亲近的关系中。","文と文の間に置く","このカメラはたかい。だけど、せいのうはとてもいい。","このカメラは高い。だけど、性能はとても良い。","这个相机很贵，但是性能非常好。","あめがふっている。だけど、でかけなければならない。","雨が降っている。だけど、出かけなければならない。","正在下雨，但是必须出门。"
"だらけ","だらけ","意为“沾满了...、充满了...”，主要用于描述布满不好的东西的状态。","名詞＋だらけ","あそびからかえってきたこどものふくはどろだらけだった。","遊びから帰ってきた子供の服は泥だらけだった。","从外面玩回来的孩子的衣服上满是泥。","このへやはほこりだらけだ。","この部屋はほこりだらけだ。","这个房间里全是灰尘。"
"どんなに～ても","どんなに～ても","假设极端条件，意为“即使非常...”，并表示结果不会因此改变。","どんなに＋動詞のて形/い形容詞の「くて」形/な形容詞の「で」形＋も","どんなにこんなんでも、あきらめない。","どんなに困難でも、諦めない。","无论多么困难，我也不放弃。","どんなにいそがしくても、しょくじはちゃんととります。","どんなに忙しくても、食事はちゃんと取ります。","无论多忙，我都会好好吃饭。"
"どうしても","どうしても","表示“无论如何、想尽办法也想...”的强烈意愿或愿望。在否定句中则表示“怎么也（做不到）”。","副詞として文中で使う","どうしてもそのコンサートにいきたい。","どうしてもそのコンサートに行きたい。","我无论如何都想去那个演唱会。","どうしてもパスワードがおもいだせない。","どうしてもパスワードが思い出せない。","怎么也想不起密码。"
"ふりをする","ふりをする","意为“明明不是那样，却表现出那样的外表或态度”。","名詞修飾形（普通形）＋ふりをする","かれはしっているのに、しらないふりをしている。","彼は知っているのに、知らないふりをしている。","他明明知道，却在装作不知道。","かのじょはねたふりをした。","彼女は寝たふりをした。","她假装睡着了。"
"ふと","ふと","表示没有预料到，突然地想到某个念头或做出某个举动。","副詞として文中で使う","ふと、こどものころをおもいだした。","ふと、子供の頃を思い出した。","猛然间想起了小时候的事情。","みちをあるいていると、ふとあしがとまった。","道を歩いていると、ふと足が止まった。","走在路上，突然停下了脚步。"
"がち","がち","表示“有某种倾向”，多用于不好的倾向。","動詞のマス形/名詞＋がち","かれはさいきんびょうきがちだ。","彼は最近病気がちだ。","他最近动不动就生病。","わたしはふゆになるとかぜをひきがちです。","私は冬になると風邪をひきがちです。","我一到冬天就容易感冒。"
"がたい","がたい","表示“心理上感到抗拒，很难做某事”。与表示物理上困难的「にくい」不同，「がたい」侧重于心理上的困难。","動詞のマス形＋がたい","かれがしたことは、しんじがたいことだ。","彼がしたことは、信じがたいことだ。","他做的事令人难以置信。","それはすてがたいみりょくがある。","それは捨てがたい魅力がある。","那个东西有令人难以割舍的魅力。"
"気味","ぎみ","表示“稍微感觉到...、有点...的倾向”，主要用于描述不太好的暂时性状态。","動詞のマス形/名詞＋気味","さいきん、ちょっとつかれぎみだ。","最近、ちょっと疲れ気味だ。","最近感觉有点累。","しんじんしゃいんはすこしきんちょうぎみのかおをしていた。","新入社員は少し緊張気味の顔をしていた。","新员工的脸上带着些许紧张的神色。"
"ごとに","ごとに","表示“每逢...、每一次”，指以一定的间隔或单位重复同样的事情。","名詞/動詞の辞書形＋ごとに","このバスはじゅっぷんごとにきます。","このバスは10分ごとに来ます。","这趟公交车每10分钟来一班。","オリンピックはよねんごとにかいさいされる。","オリンピックは4年ごとに開催される。","奥运会每四年举办一次。"
"ほど","ほど","用于表示程度，与「くらい」相似，但常用于强调程度之深。","名詞/動詞の辞書形＋ほど","しぬほどつかれた。","死ぬほど疲れた。","累得要死。","かれほどしんせつなひとはいない。","彼ほど親切な人はいない。","没有像他那么亲切的人了。"
"ほど～ない","ほど～ない","以“AはBほど～ない”的形式，通过设定比较基准B来否定A的程度，意为“A未达到B的水平”。","名詞＋ほど＋動詞・形容詞の否定形","ことしのなつはきょねんほどあつくない。","今年の夏は去年ほど暑くない。","今年的夏天不像去年那么热。","わたしはあなたほどじょうずにうたえません。","私はあなたほど上手に歌えません。","我没法唱得像你那么好。"
"一度に","いちどに","意为“同时、一次性地”。","副詞として文中で使う","いちどにおおくのことをおぼえるのはむずかしい。","一度に多くのことを覚えるのは難しい。","一次性记住很多东西是很难的。","かれはいちどにラーメンをさんばいたべた。","彼は一度にラーメンを三杯食べた。","他一下子吃了三碗拉面。"
"いくら～ても","いくら～ても","假设程度之高，意为“即使无论怎么...”，并表示结果不会因此改变。与「どんなに～ても」几乎相同。","いくら＋動詞のて形/い形容詞の「くて」形/な形容詞の「で」形＋も","いくらよんでも、へんじがない。","いくら呼んでも、返事がない。","无论怎么喊，都没有回应。","いくらべんきょうしても、せいせきがあがらない。","いくら勉強しても、成績が上がらない。","无论怎么学习，成绩都提不高。"
"一方だ","いっぽうだ","表示某种变化朝一个方向持续不断地发展，多用于不好的变化。","動詞の辞書形＋一方だ","さいきん、そふのからだはよわるいっぽうだ。","最近、祖父の体は弱る一方だ。","最近，祖父的身体越来越差。","このくにのじんこうはへるいっぽうだ。","この国の人口は減る一方だ。","这个国家的人口在不断减少。"
"一体","いったい","与疑问词（何、誰、どこ等）连用，表达强烈的疑问，有时也带有责难的语气，意为“到底、究竟”。","一体＋疑問詞","いったいなにがあったのですか。","一体何があったのですか。","到底发生什么事了？","かのじょはいったいどこへいってしまったんだろう。","彼女は一体どこへ行ってしまったんだろう。","她到底去哪儿了呢？"
"じゃない","じゃない","是「～ではないか」的口语形式，用于向对方寻求同意，或表达意外、发现时的心情。","普通形＋じゃない","これ、すごくおいしいじゃない。","これ、すごく美味しいじゃない。","这个，不是很好吃嘛！","かれ、くるっていってたじゃない。なんでこないの。","彼、来るって言ってたじゃない。なんで来ないの。","他不是说了要来吗？怎么还没来？"
"か何か","かなにか","避免断定，通过举出一个例子来模糊地表达“...之类的东西”。","名詞＋か何か","おちゃかなにかのみませんか。","お茶か何か飲みませんか。","要不要喝点茶或者别的什么？","かれはかぜかなにかで、がっこうをやすんだらしい。","彼は風邪か何かで、学校を休んだらしい。","他好像因为感冒什么的请假了。"
"かける","かける","表示“开始做某事但中途停止”或“还没做完”，指动作进行到一半。","動詞のマス形＋かける","よみかけのほんがたくさんある。","読みかけの本がたくさんある。","有很多读了一半的书。","かのじょはなにかいいかけて、やめた。","彼女は何か言いかけて、やめた。","她话说到一半又不说了。"
"から〜にかけて","から〜にかけて","与「～から～まで」相似，但表示起点和终点不明确的大致范围。","名詞（時間・場所）＋から＋名詞＋にかけて","さくやからけさにかけて、おおあめがふった。","昨夜から今朝にかけて、大雨が降った。","从昨晚到今天早上，下了大雨。","かんとうからとうほくにかけて、つよいじしんがあった。","関東から東北にかけて、強い地震があった。","从关东到东北地区，发生了强烈地震。"
"代わりに","かわりに","表示“代替A做B”的代理关系，或“不做A而做B”的补偿、交换关系。","名詞＋の＋代わりに / 動詞の辞書形＋代わりに","わたしがかいものにいくかわりに、へやのそうじをして。","私が買い物に行く代わりに、部屋の掃除をして。","我替你去买东西，你来打扫房间吧。","ちちのかわりに、わたしがかいぎにしゅっせきします。","父の代わりに、私が出席します。","我代替父亲出席会议。"
"結果","けっか","明确地表示因果关系，意为“由于做了某事，得出了这样的结论”。","動詞のタ形/名詞＋の＋結果","どりょくしたけっか、しけんにごうかくした。","努力した結果、試験に合格した。","努力的结果是，通过了考试。","ちょうさのけっか、もんだいはないことがわかった。","調査の結果、問題はないことがわかった。","调查的结果是，明白了没有问题。"
"結局","けっきょく","叙述最终的结论，意为“虽然过程曲折，但最终变成了这样”。","副詞として文頭や文中で使う","いろいろなやんだが、けっきょく、りゅうがくをあきらめた。","いろいろ悩んだが、結局、留学を諦めた。","烦恼了很久，但最终还是放弃了留学。","かれらはけんかしたが、けっきょくなかなおりした。","彼らは喧嘩したが、結局仲直りした。","他们虽然吵了架，但最后还是和好了。"
"決して～ない","けっして～ない","是书面化的表达，表示“绝对不...”的强烈否定意志或判断。","決して＋動詞・い形容詞・な形容詞・名詞の否定形","わたしはけっしてあなたをうらぎらない。","私は決してあなたを裏切らない。","我决不会背叛你。","このひみつはけっしてひとにいってはいけない。","この秘密は決して人に言ってはいけない。","这个秘密决不能告诉别人。"
"切れない","きれない","意为“因为太多，无法全部做完”，是「～切る（全部做完）」的否定或可能形式。","動詞のマス形＋切れない","ごはんがおおすぎて、たべきれない。","ご飯が多すぎて、食べきれない。","饭太多了，吃不完。","かれのかんしゃのきもちは、ことばではあらわしきれない。","彼の感謝の気持ちは、言葉では表しきれない。","他的感谢之情，无法用言语表达完。"
"きり","きり","表示强烈的限定，意为“只有...”，比「だけ」的限定语气更强。","名詞/動詞のタ形＋きり","ふたりきりではなしたいことがあります。","二人きりで話したいことがあります。","有些话想只和你两个人谈。","かれはさんねんまえにいえをでたきり、いちどもかえってこない。","彼は三年前の家に家を出たきり、一度も帰ってこない。","他自从三年前离家后，就再也没回来过。"
"切る","きる","表示“完全做完、彻底做完”，指将动作进行到底，或完全变成某种状态。","動詞のマス形＋切る","マラソンをさいごまではしりきった。","マラソンを最後まで走り切った。","坚持跑完了马拉ソン全程。","かれはつかれたようなかおをしていた。","彼は疲れ切ったような顔をしていた。","他一脸筋疲力尽的样子。"
"っけ","っけ","是口语化的表达，用于向他人确认自己忘记或不确定的事情，也用于自言自语。","普通形（タ形が多い）＋っけ","きょうのかいぎ、なんじからだっけ？","今日の会議、何時からだっけ？","今天的会是几点来着？","あれ、きのうかぎ、どこにおいたっけ？","あれ、昨日鍵、どこに置いたっけ？","咦，昨天我把钥匙放哪儿了来着？"
"込む","こむ","原意是“进入”，引申为深入地、仔细地进行某个动作。","動詞のマス形＋込む","かれはふかくかんがえこんでいる。","彼は深く考え込んでいる。","他陷入了沉思。","しずかなカフェでほんをよみこんだ。","静かなカフェで本を読み込んだ。","在安静的咖啡馆里深入地阅读了书籍。"
"こそ","こそ","用于强烈地强调特定的事物，意为“正是、才是”。","名詞/動詞のて形＋こそ","こんどこそ、ぜったいにごうかくするぞ。","今度こそ、絶対に合格するぞ。","这次我一定要考合格。","どりょくしてこそ、せいうがえられる。","努力してこそ、成果が得られる。","正因为努力，才能获得成果。"
"こと","こと","用于句末，是表示规则、指示、命令等的书面化表达，比「～なさい」更正式、客观。","動詞の辞書形/ない形＋こと","ろうかでははしらないこと。","廊下では走らないこと。","走廊里不准跑步。","なんてすばらしいけしきなことか。","なんて素晴らしい景色なことか。","多么美丽的景色啊！"
"ことから","ことから","用于说明名称的由来或判断的根据、契机，意为“从...这件事来看”。","名詞修飾形（普通形）＋ことから","ふじさんがみえることから、このまちはふじみちょうとつけられた。","富士山が見えることから、この町は富士見町と名付けられた。","因为能看到富士山，这个镇被命名为富士见町。","かれがいつもほんをよんでいることから、みんなはかれをはかせとよぶ。","彼がいつも本を読んでいることから、みんなは彼を博士と呼ぶ。","因为他总是在读书，所以大家都叫他博士。"
"ことになっている","ことになっている","表示规定、法律、社会习惯或预定就是如此，与说话人的意志无关。","動詞の辞書形/ない形＋ことになっている","このがっこうでは、せいふくをきることになっている。","この学校では、制服を着ることになっている。","这所学校规定要穿校服。","らいげつ、おおさかへしゅっちょうすることになっている。","来月、大阪へ出張することになっている。","下个月已经定好要去大阪出差。"
"ことはない","ことはない","意为“没必要...、不...也没关系”，常用于安慰或让对方安心时。","動詞の辞書形＋ことはない","しっぱいしても、そんなにおちこむことはないよ。","失敗しても、そんなに落ち込むことはないよ。","即使失败了，也没必要那么失落。","じかんはまだあるから、いそぐことはない。","時間はまだあるから、急ぐことはない。","时间还有，没必要着急。"
"ことは～が","ことは～が","用于先承认前项事实，然后引出与之相反或存在问题点的后项，意为“虽然...但是...”。","動詞の普通形＋ことは＋同じ動詞の活用形＋が","このくすりはきくことはきくが、ふくさようがつよい。","この薬は効くことは効くが、副作用が強い。","这个药有效是有效，但是副作用很强。","いくことはいったが、かれにはあえなかった。","行くことは行ったが、彼には会えなかった。","去是去了，但是没能见到他。"
"ぐらい","くらい","与「ほど」相似，用于表示程度或数量，但更口语化，意为“大约...”，表示大致的基准。","名詞/動詞の辞書形＋ぐらい","まいあさ、30ぷんぐらいジョギングをします。","毎朝、30分ぐらいジョギングをします。","每天早上慢跑30分钟左右。","しぬぐらいつかれた。","死ぬぐらい疲れた。","累得要死。"
"くせに","くせに","与「～のに」相似，但带有说话者强烈的责难或轻蔑的语气，意为“明明有...的立场/能力，却做出不相称的事”。","名詞修飾形（普通形）＋くせに","しっているくせに、おしえてくれない。","知っているくせに、教えてくれない。","明明知道却不告诉我。","こどものくせになまいきなことをいうな。","子供のくせに生意気なことを言うな。","明明是个孩子，别说这么狂妄的话。"
"まるで","まるで","用于打比方，意为“简直就像...”，常与「～のようだ」「～みたいだ」连用。","まるで＋名詞＋のようだ / まるで＋動詞の普通形＋かのようだ","そらはまるでみずであらったようにあおい。","空はまるで水で洗ったように青い。","天空蓝得仿佛被水洗过一样。","かれはまるでなんでもしっているかのようにふるまう。","彼はまるで何でも知っているかのように振る舞う。","他表现得好像什么都知道似的。"
"まさか","まさか","表示“不可能...”的难以置信的心情或强烈的否定性推测，后面常跟「～とは思わなかった」等否定性推测。","副詞として文頭で使う","まさかかれがはんにんだとはおもわなかった。","まさか彼が犯人だとは思わなかった。","真没想到他会是犯人。","まさか、このしけんにふごうかくになるなんて。","まさか、この試験に不合格になるなんて。","怎么会，这次考试竟然不及格。"
"めったに～ない","めったに～ない","表示频率极低，意为“几乎不...、很少...”。","めったに＋動詞の否定形","わたしはめったにおさけをのまない。","私はめったにお酒を飲まない。","我很少喝酒。","こんなチャンスはめったにないよ。","こんなチャンスはめったにないよ。","这样的机会可是千载难逢啊。"
"も～ば～も","も～ば～も","用于并列叙述多个事物，意为“既...又...”，比「～も～し、～も～し」更书面化。","名詞＋も＋動詞の仮定形＋ば＋名詞＋も＋動詞の辞書形","かれはピアノもひければ、うたもうたえる。","彼はピアノも弾ければ、歌も歌える。","他既会弹钢琴，又会唱歌。","このへやはひあたりもよければ、ながめもいい。","この部屋は日当たりもよければ、眺めもいい。","这个房间既采光好，风景也好。"
"もしかしたら","もしかしたら","表示可能性低的推测，意为“也许、说不定”，常与「～かもしれない」连用。","副詞として文頭で使う","もしかしたら、あしたはあめがふるかもしれない。","もしかしたら、明日は雨が降るかもしれない。","说不定明天会下雨。","もしかしたら、かれはもうかえったのかもしれない。","もしかしたら、彼はもう帰ったのかもしれない。","或许他已经回去了。"
"もしも〜たら","もしも〜たら","是「もし～たら」的强调形式，用于表达实现可能性低的假定或带有强烈愿望的假定。","もしも＋動詞・い形容詞・な形容詞・名詞のタラ形","もしもいちおくえんあたったら、いえをかう。","もしも一億円当たったら、家を買う。","如果中了一亿日元，我就买房子。","もしもとりになれたら、そらをとびたい。","もしも鳥になれたら、空を飛びたい。","如果能变成鸟，我想在天空飞翔。"
"向け","むけ","表示“以...为对象而特别制作的”，指存在明确的目标群体。","名詞＋向け","これはこどもむけにかかれたほんだ。","これは子供向けに書かれた本だ。","这是面向儿童写的书。","がいこくじんむけのガイドブックです。","外国人向けのガイドブックです。","这是面向外国人的指南。"
"向き","むき","表示“适合...的性质或喜好”。「向け」表示制作者的意图，而「向き」则客观地描述对象的性质是否合适。","名詞＋向き","このデザインはじょせいむきだ。","このデザインは女性向きだ。","这个设计适合女性。","かるいスポーツはこうれいしゃむきです。","軽いスポーツは高齢者向きです。","轻量运动适合高龄人士。"
"むしろ","むしろ","用于比较两者，表示“与A相比，B更好或更合适”。","接続詞として使う","わたしはさむいより、むしろあついほうがすきだ。","私は寒いより、むしろ暑いほうが好きだ。","比起冷，我反倒更喜欢热。","かれにあやまるくらいなら、むしろしんだほうがましだ。","彼に謝るくらいなら、むしろ死んだほうがましだ。","与其向他道歉，我宁可死掉算了。"
"ながらも","ながらも","与「～のに」同为逆接，但更书面化，意为“尽管处于...的状态”。","動詞のマス形/名詞/な形容詞＋ながらも","せまいながらも、わがやがいちばんおちつく。","狭いながらも、我が家が一番落ち着く。","虽然很窄，但自己家还是最让人安心。","ざんねんながらも、けっかについてはみとめなければならない。","残念ながらも、結果については認めなければならない。","虽然很遗憾，但也不得不承认这个结果。"
"ないことはない","ないことはない","是双重否定，表示弱肯定，意为“并非不...、也不是不...”。","動詞・い形容詞・な形容詞のナイ形＋ことはない","なっとうはたべないことはないですが、あまりすきではありません。","納豆は食べないことはないですが、あまり好きではありません。","纳豆不是不吃，但不太喜欢。","このもんだいはむずかしいが、できないことはない。","この問題は難しいが、できないことはない。","这个问题虽然难，但也不是做不出来。"
"ないと","ないと","是「～なければならない」的口语形式，表示义务或必要性。","動詞のナイ形＋と","そろそろかえらないと。","そろそろ帰らないと。","差不多该回去了。","あしたははやくおきないと。","明日は早く起きないと。","明天必须早起。"
"なかなか","なかなか","在肯定句中表示程度高，“相当、很”；在否定句中表示事情难以实现，“怎么也（不）...”。","副詞として文中で使う","このもんだいはなかなかむずかしい。","この問題はなかなか難しい。","这个问题相当难。","バスがなかなかこない。","バスがなかなか来ない。","公交车怎么也等不来。"
"直す","なおす","表示“重新、再次正确地做某事”，含有因原状态不佳而重新做的意思。","動詞のマス形＋直す","このさくぶんは、もういちどかきなおしてください。","この作文は、もう一度書き直してください。","这篇作文请重写一遍。","まちがえたところをみなおす。","間違えたところを見直す。","重新看一下做错了的地方。"
"なるべく","なるべく","与「できるだけ」意思相同，但带有更强的努力目标的语气，意为“在可能的范围内最大限度地”。","副詞として文中で使う","なるべくはやくきてください。","なるべく早く来てください。","请尽量早点来。","なるべくやすさいをたべるようにしている。","なるべく野菜を食べるようにしている。","我努力做到尽量多吃蔬菜。"
"なぜなら","なぜなら","是陈述理由时的书面化表达，常与「～からだ」一同结束句子。","接続詞として文頭で使う","らいしゅうはかいぎをけっせきします。なぜなら、しゅっちょうするからです。","来週は会議を欠席します。なぜなら、出張するからです。","下周的会议我缺席。要说为什么，因为我要出差。","かれはしんようできる。なぜなら、うそをついたことがないからだ。","彼は信用できる。なぜなら、嘘をついたことがないからだ。","他值得信赖。因为他从未说过谎。"
"んだって","んだって","是「～のだそうだ」的口语化表达，表示传闻（听来的消息）。","普通形＋んだって","やまださん、らいげつけっこんするんだって。","山田さん、来月結婚するんだって。","听说山田下个月要结婚了。","きのうのしあい、Aチームがかったんだって。","昨日の試合、Aチームが勝ったんだって。","听说昨天的比赛，A队赢了。"
"に違いない","にちがいない","表示说话者根据状况判断，对此有强烈的确信，意为“肯定是...、一定是...”。","名詞・動詞/い形容詞/な形容詞の普通形＋に違いない","あのあかりはたなかさんのへやにちがいない。","あの明かりは田中さんの部屋に違いない。","那个灯光一定是田中先生的房间。","あれだけどりょくしたのだから、かれはごうかくするにちがいない。","あれだけ努力したのだから、彼は合格するに違いない。","他那么努力了，肯定能考上。"
"に反して","にはんして","意为“与...相反、与...的期待或预想不同”。","名詞＋に反して","よそうにはんして、しけんはとてもかんたんだった。","予想に反して、試験はとても簡単だった。","和预想的相反，考试非常简单。","おやのきたいにはんして、かれはだいがくへいかなかった。","親の期待に反して、彼は大学へ行かなかった。","与父母的期待相反，他没有去上大学。"
"にかけて","にかけて","用于强调在特定领域的卓越能力，意为“在...方面（是第一）”。","名詞＋にかけては","かれはスポーツにかけては、だれにもまけない。","彼はスポーツにかけては、誰にも負けない。","他在运动方面，不输给任何人。","あしのはやさにかけては、かれがクラスでいちばんだ。","足の速さにかけては、彼がクラスで一番だ。","论跑步速度，他在班里第一。"
"に比べて","にくらべて","用于比较两事物间的差异，与「～より」相似，但多用于更客观或基于数据的比较。","名詞＋に比べて","とうきょうはおおさかにくらべて、ぶっかがたかい。","東京は大阪に比べて、物価が高い。","东京和大阪相比，物价更高。","ことしはきょねんにくらべて、あめがおおい。","今年は去年に比べて、雨が多い。","今年和去年相比，雨水多。"
"に慣れる","になれる","表示起初不适应或困难的事情，通过反复经历后变得习以为常。","名詞/動詞の辞書形＋の＋に慣れる","にほんのせいかつにもうなれましたか。","日本の生活にもう慣れましたか。","已经习惯日本的生活了吗？","さいしょはたいへんだったが、このしごとにもなれてきた。","最初は大変だったが、この仕事にも慣れてきた。","虽然一开始很辛苦，但也逐渐习惯这份工作了。"
"にしたがって","にしたがって","表示A变化的同时，B也随之成比例地变化，多用于因果关系较明确的场合。","名詞/動詞の辞書形＋にしたがって","しけんがちかづくにしたがって、きんちょうしてきた。","試験が近づくにしたがって、緊張してきた。","随着考试临近，我开始紧张起来。","きたへいくにしたがって、きおんがさがっていく。","北へ行くにしたがって、気温が下がっていく。","越往北走，气温就越低。"
"にしても","にしても","表示即使假设或承认某事，仍然要陈述自己的观点，意为“就算是...、即使...”。","名詞・動詞/い形容詞/な形容詞の普通形＋にしても","いくにしても、もうすこしあとでいこう。","行くにしても、もう少し後で行こう。","就算是去，也再晚点去吧。","どんなりゆうがあるにしても、ひとをきずつけるのはよくない。","どんな理由があるにしても、人を傷つけるのはよくない。","无论有什么理由，伤害别人都是不对的。"
"にしては","にしては","表示从某个基准来看，结果出乎意料，即基准与实际结果有差距。","名詞/動詞の普通形＋にしては","はじめてにしては、じょうずにできましたね。","初めてにしては、上手にできましたね。","作为第一次而言，做得算很好了。","こどもにしては、むずかしいほんをよんでいる。","子供にしては、難しい本を読んでいる。","作为一个孩子来说，他读的书算是很难的了。"
"に対して","にたいして","用于指示对象，意为“向着...、以...为对手”。也用于明确对比。","名詞＋に対して","おきゃくさまにたいして、しつれいなたいどをとってはいけない。","お客様に対して、失礼な態度をとってはいけない。","对客人不可以采取失礼的态度。","おとうとはかつっぱつなのにたいして、あにはおとなしい。","弟は活発なのに対して、兄は大人しい。","弟弟很活泼，与此相对，哥哥很文静。"
"にとって","にとって","用于表明评价或判断的主体，意为“从...的立场来看”。","名詞＋にとって","このけいけんは、わたしにとってひじょうにじゅうようだ。","この経験は、私にとって非常に重要だ。","这个经验对我来说非常重要。","あなたにとって、いちばんたいせつなものはなんですか。","あなたにとって、一番大切なものは何ですか。","对你来说，最重要的东西是什么？"
"について","について","用于指示谈话、思考等内容的具体对象，意为“关于...”。","名詞＋について","にほんのぶんかについてけんきゅうしている。","日本の文化について研究している。","我正在研究关于日本文化的事情。","このけいかくについて、いくつか質問があります。","この計画について、いくつか質問があります。","关于这个计划，我有几个问题。"
"につれて","につれて","与「～にしたがって」几乎相同，表示A变化的同时，B也单方向地随之变化，多用于自然或缓慢的变化。","名詞/動詞の辞書形＋につれて","としをとるにつれて、たいりょくがなくなってきた。","年をとるにつれて、体力がなくなってきた。","随着年龄增长，体力也跟不上了。","まちがはってんするにつれて、しぜんがすくなくなってきた。","町が発展するにつれて、自然が少なくなってきた。","随着城镇的发展，自然环境变少了。"
"には","には","用于陈述为达成某一目的所需要的手段或条件，意为“为了...”。","動詞の辞書形＋には","このドアをあけるには、とくべつなかぎがひつようだ。","このドアを開けるには、特別な鍵が必要だ。","为了打开这扇门，需要特殊的钥匙。","かんじをおぼえるには、まいにちかくのがいちばんだ。","漢字を覚えるには、毎日書くのが一番だ。","要记汉字，每天写是最好的方法。"
"のでしょうか","のでしょうか","是「～のですか」的更礼貌、委婉的提问方式。","普通形＋のでしょうか","このもんだいはどうすればかいけつできるのでしょうか。","この問題はどうすれば解決できるのでしょうか。","这个问题要怎么才能解决呢？","やまださんは、もうおいでになるのでしょうか。","山田さんは、もうおいでになるのでしょうか。","山田先生差不多该到了吧？"
"を中心に","をちゅうしんに","表示“以...为最重要的人/事/物”或“以...为活动的中心”。","名詞＋を中心に","えきをちゅうしんにまちがはってんしている。","駅を中心に町が発展している。","城镇以车站为中心发展起来。","このかいは、わかいひとをちゅうしんにかつどうしている。","この会は、若い人を中心に活動している。","这个会以年轻人为中心进行活动。"
"をはじめ","をはじめて","用于从众多例子中举出最典型的一个，意为“以...为首，以及其他”。","名詞＋をはじめ（として）","こうちょうせんせいをはじめ、おおくのせんせいがたがしゅっせきされた。","校長先生をはじめ、多くの先生方が出席された。","以校长为首的很多老师都出席了。","きょうとには、きんかくじをはじめ、ゆうめいなおてらがたくさんある。","京都には、金閣寺をはじめ、有名なお寺がたくさんある。","京都有以金阁寺为首的很多著名寺庙。"
"を込めて","をこめて","表示将爱情、感谢、祈祷等感情深深地包含在某个物品或行为中。","名詞＋を込めて","かんしゃのきもちをこめて、プレゼントをおくります。","感謝の気持ちを込めて、プレゼントを贈ります。","满怀感谢之情送上礼物。","こころをこめててがみをかいた。","心を込めて手紙を書いた。","用心写了信。"
"おかげで","おかげで","用于表达对带来好结果的原因的感谢之情，意为“多亏了...”。有时也用于反语。","名詞＋の/動詞のタ形＋おかげで","せんせいのおかげでごうかくできました。","先生のおかげで合格できました。","多亏了老师，我才合格了。","あなたがてつだってくれたおかげで、はやくおわりました。","あなたが手伝ってくれたおかげで、早く終わりました。","多亏了你的帮忙，事情很快就结束了。"
"っぱなし","っぱなし","表示“做了某事后就一直放着不管”，多含有对该行为的责备或困扰的语气。","動詞のマス形＋っぱなし","まどをあけっぱなしでねてしまった。","窓を開けっ放しで寝てしまった。","开着窗户就睡着了。","かれはいつもみずをだしっぱなしにする。","彼はいつも水を出しっぱなしにする。","他总是水龙头开着不关。"
"っぽい","っぽい","表示“看起来像...、有...的感觉”，指能强烈地感受到某种性质，常用于负面评价。","名詞/動詞のマス形/い形容詞の語幹＋っぽい","あのくろっぽいふくをきているひとがたなかさんです。","あの黒っぽい服を着ている人が田中さんです。","那个穿着偏黑衣服的人是田中。","かれはわすれっぽいので、よくものをなくす。","彼は忘れっぽいので、よく物をなくす。","他很健忘，所以经常丢东西。"
"さえ","さえ","通过列举一个极端的例子来类推其他，意为“连...都...”。","名詞（助詞）＋さえ","こどもでさえしっていることだ。","子供でさえ知っていることだ。","这是连小孩子都知道的事情。","ひらがなさえかけない。","ひらがなさえ書けない。","连平假名都不会写。"
"さえ～ば","さえ～ば","用于指出必要且充分的唯一条件，意为“只要...就行”。","名詞（助詞）＋さえ＋動詞の仮定形 / 動詞のマス形＋さえすれば","あなたさえいれば、なにもいらない。","あなたさえいれば、何もいらない。","只要有你，我什么都不要。","このくすりをのみさえすれば、すぐにげんきになりますよ。","この薬を飲みさえすれば、すぐに元気になりますよ。","只要喝了这个药，马上就会好起来的。"
"際に","さいに","是「～の時」的书面化表达，常用于正式场合或文章中。","名詞＋の/動詞の辞書形・タ形＋際に","おもうしこみのさいに、じゅうしょをごきにゅうください。","お申し込みの際に、ご記入ください。","申请时，请填写地址。","せんじつおじゃましたさいは、ありがとうございました。","先日はお邪魔した際は、ありがとうございました。","前几天打扰您的时候，真是非常感谢。"
"最中に","さいちゅうに","表示“正在...的关键时刻”，指在某个动作进行到高潮时，发生了意料之外的事。","名詞＋の/動詞のている形＋最中に","しょくじのさいちゅうに、でんわがなった。","食事の最中に、電話が鳴った。","正在吃饭的时候，电话响了。","シャワーをあびているさいちゅうに、じしんがあった。","シャワーを浴びている最中に、地震があった。","正在洗澡的时候，地震了。"
"さらに","さらに","表示程度的加深或事物的追加，意为“而且、更加”。","接続詞として文頭で使う、または副詞として使う","かれはえいごがはなせる。さらに、ちゅうごくごもできる。","彼は英語が話せる。さらに、中国語もできる。","他会说英语。而且，中文也会。","ふゆになると、さらにさむくなるだろう。","冬になると、さらに寒くなるだろう。","到了冬天，会变得更冷吧。"
"さて","さて","用于结束前一个话题，引出新的话题，意为“那么...”。","接続詞として文頭で使う","いじょうでせつめいは終わりです。さて、しつぎおうとうにはいります。","以上で説明は終わりです。さて、質疑応答に入ります。","说明到此结束。那么，接下来进入问答环节。","さて、こんやのばんごはんはなににしようかな。","さて、今夜の晩ご飯は何にしようかな。","那么，今晚的晚饭吃什么好呢？"
"せいで","せいで","表示因某个原因导致了不好的结果，并带有些许责备的语气，意为“都怪...”。","名詞＋の/動詞の普通形＋せいで","あなたのせいで、バスにのりおくれた。","あなたのせいで、バスに乗り遅れた。","都怪你，我没赶上公交车。","ねぼうしたせいで、しけんにちこくした。","寝坊したせいで、試験に遅刻した。","都怪我睡过头了，考试迟到了。"
"せいぜい","せいぜい","用于低估最大限度，意为“顶多、充其量”。","副詞として文中で使う","ここからえきまでせいぜいじゅっぷんでしょう。","ここから駅までせいぜい10分でしょう。","从这里到车站最多10分钟吧。","かれがかせぐのは、つきにせいぜい20まんえんぐらいだ。","彼が稼ぐのは、月にせいぜい20万円ぐらいだ。","他一个月充其量也就赚20万日元左右。"
"しばらく","しばらく","意为“短暂的时间”，但具体时长根据文脉可长可短。","副詞として文中で使う","しばらくおまちください。","しばらくお待ちください。","请稍等片刻。","かれとはしばらくあっていない。","彼とはしばらく会っていない。","我和他有一阵子没见了。"
"しかない","しかない","表示除此以外别无他法，是唯一的选择。","名詞/動詞の辞書形＋しかない","ここまで来たら、もうやるしかない。","ここまで来たら、もうやるしかない。","事到如今，只能放手一搏了。","バスがないから、あるいてかえるしかない。","バスがないから、歩いて帰るしかない。","因为没有公交车了，只能走着回去。"
"そのために","そのために","用于引出为达成前述目的而采取的手段。","接続詞として文頭で使う","りゅうがくしたい。そのために、まいにちべんきょうしている。","留学したい。そのために、毎日勉強している。","我想去留学。为此，我每天都在学习。","やせたい。そのために、食事をへらしている。","痩せたい。そのために、食事を減らしている。","我想减肥。为此，我在节食。"
"それとも","それとも","用于提出两个以上的选项，并询问对方从中选择。","接続詞として文と文の間に置く","コーヒーにしますか。それとも、こうちゃにしますか。","コーヒーにしますか。それとも、紅茶にしますか。","您要咖啡？还是红茶？","バスでいきますか。それとも、でんしゃでいきますか。","バスで行きますか。それとも、電車で行きますか。","是坐公交去？还是坐电车去？"
"すでに","すでに","表示在某个时间点动作已经完成，意为“已经...”。","副詞として文中で使う","わたしがついたとき、かいぎはすでにはじまっていた。","私が着いた時、会議はすでに始まっていた。","我到的时候，会议已经开始了。","そのけんについては、すでにごほうこくいたしました。","その件については、すでにご報告いたしました。","关于那件事，已经报告过了。"
"すなわち","すなわち","与「つまり」几乎相同，是更书面化的表达，用于将前述内容换一种方式更易懂地说明，意为“也就是、即”。","接続詞として使う","にほんのしゅと、すなわちとうきょうは、アジアのだいとしです。","日本の首都、すなわち東京は、アジアの大都市です。","日本的首都，也就是东京，是亚洲的大城市。","そふのあに、すなわちわたしのおおおじは、いしゃをしている。","祖父の兄、すなわち私の大叔父は、医者をしている。","我祖父的哥哥，也就是我的大伯公，是一名医生。"
"は）","","作为语法点不完整，需要上下文。","不明确的条目","","","","","",""
"たものだ","たものだ","用于怀念地回忆过去的习惯，“过去常常...”；也用于表示常识或感叹，“本就该...”或“真是...啊”。","動詞のタ形＋ものだ","こどものころ、よくこのかわでおよいだものだ。","子供の頃、よくこの川で泳いだものだ。","小时候，我常在这条河里游泳。","としをとれば、わすれっぽくなるものだ。","年を取れば、忘れっぽくなるものだ。","人上了年纪，本来就容易健忘嘛。"
"たとたん","たとたん","表示A发生后，紧接着发生了意料之外的B，意为“刚一...就...”。","動詞のタ形＋とたん（に）","まどをあけたとたん、つよいかぜがはいってきた。","窓を開けたとたん、強い風が入ってきた。","刚一开窗，就刮进了强风。","でんわをきったとたんに、またなりだした。","電話を切ったとたんに、また鳴り出した。","刚一挂断电话，马上又响了起来。"
"たびに","たびに","表示某事发生时，必然会伴随另一件事发生，意为“每当...就...”。","名詞＋の/動詞の辞書形＋たびに","このうたをきくたびに、こきょうをおもいだす。","この歌を聞くたびに、故郷を思い出す。","每当听到这首歌，我就会想起故乡。","りょこうのたびに、おみやげをかってきてくれる。","旅行のたびに、お土産を買ってきてくれる。","每次旅行都会给我买土特产回来。"
"ために","ために","有两个意思：“目的”和“原因”。表“目的”时，后接意志性动词；表“原因”时，多导致不好的结果。","名詞＋の/動詞の辞書形＋ために（目的）；普通形＋ために（原因）","けんこうのために、まいにちうんどうしている。","健康のために、毎日運動している。","为了健康，每天都在运动。","おおあめのために、でんしゃがおくれた。","大雨のために、電車が遅れた。","因为大雨，电车晚点了。"
"確かに","たしかに","用于肯定地承认某个信息或观点是事实，意为“确实...”。也常用于先承认一部分再提出反论的场合。","副詞として文頭や文中で使う","たしかに、あなたのいうとおりです。","確かに、あなたの言うとおりです。","确实如你所说。","かれはたしかにゆうしゅうだが、すこしきょうちょうせいにかける。","彼は確かに優秀だが、少し協調性に欠ける。","他确实很优秀，但稍微有点缺乏协调性。"
"たて","たて","表示动作刚刚结束，还很新鲜的状态，意为“刚...的”。","動詞のマス形＋たて","やきたてのパンはおいしい。","焼きたてのパンは美味しい。","刚出炉的面包很好吃。","あのペンキぬりたてだから、さわらないで。","あのペンキ塗りたてだから、触らないで。","那个油漆是刚刷的，不要碰。"
"たとえ～ても","たとえ～ても","用于假设一个极端或不易发生的情况，并强调即使如此结果也不会改变。","たとえ＋動詞のて形/い形容詞の「くて」形/な形容詞の「で」形＋も","たとえあめがふっても、しあいはつづけられる。","たとえ雨が降っても、試合は続けられる。","即使下雨，比赛也会继续。","たとえだれにはんたいされても、わたしはけっしんをかえない。","たとえ誰に反対されても、私は決心を変えない。","就算遭到所有人的反对，我也不会改变决心。"
"例えば","たとえば","用于引出具体的例子。","副詞として文頭で使う","にほんりょうりにはいろいろあります。たとえば、すし、てんぷらなどです。","日本料理には色々あります。例えば、寿司、天ぷらなどです。","日本料理有很多种。例如，寿司、天妇罗等等。","このどうぶつえんでは、たとえばパンダやコアラなどがみられます。","この動物園では、例えばパンダやコアラなどが見られます。","在这个动物园里，可以看到例如熊猫、考拉等动物。"
"たって","たって","是「～ても」的口语化表达，表示假定或逆接。","動詞のタ形/い形容詞の「くた」形/な形容詞・名詞の「だっ」形＋て","いまからいそいだってた、まにあわないよ。","今から急いだって、間に合わないよ。","就算现在赶过去，也来不及了哦。","どんなにいやだったって、じぶんのしごとはやらなきゃ。","どんなに嫌だったって、自分の仕事はやらなきゃ。","就算再怎么讨厌，自己的工作也必须做。"
"てばかりいる","てばかりいる","是「～ばかりでいる」的口语形式，表示对某行为频繁发生的责备或无奈，意为“光是...、净是...”。","動詞のて形＋ばかりいる","こどもがテレビをみてばかりいる。","子供がテレビを見てばかりいる。","孩子净是看电视。","なつやすみは、あそんでばかりいた。","夏休みは、遊んでばかりいた。","暑假里光玩了。"
"てごらん","てごらん","是「～てみなさい」的柔和版，由长辈对晚辈使用，温柔地催促对方尝试某事。","動詞のて形＋ごらん","わからないなら、せんせいにきいてごらん。","分からないなら、先生に聞いてごらん。","如果不明白，去问问老师看。","ほら、あそこにきれいなとりがいるよ。みてごらん。","ほら、あそこに綺麗な鳥がいるよ。見てごらん。","快看，那里有只好漂亮的鸟。你看看。"
"てはじめて","てはじめて","表示在经历了A之后，才初次领悟到之前不明白的B，指新认识的获得。","動詞のて形＋はじめて","にほんにきてはじめて、ぶんかのちがいをじっかんした。","日本に来てはじめて、文化の違いを実感した。","来了日本之后，才初次实际感受到了文化的差异。","びょうきになってはじめて、けんこうのありがたみがわかった。","病気になってはじめて、健康のありがたみが分かった。","生病之后，才初次体会到健康的可贵。"
"てからでないと","てからでないと","表示A是B的前提条件，意为“如果不先做A，就不能做B”，后面常接否定句。","動詞のて形＋からでないと/からでなければ","しゅくだいをしてからでないと、あそびにいけません。","宿題をしてからでないと、遊びに行けません。","不先做完作业，就不能出去玩。","おかあさんにそうだんしてからでないと、ひとりで決められない。","お母さんに相談してからでないと、一人で決められない。","不先和妈妈商量，我一个人决定不了。"
"て済む","てすむ","表示“只...就解决了”，指事情不会发展得更麻烦。其否定形式也很常用。","動詞のて形/名詞＋で＋済む","軽いけがだったので、ちゅうしゃをうってすんだ。","軽い怪我だったので、注射を打って済んだ。","因为只是轻伤，打一针就解决了。","あやまことですむなら、けいさつはいらない。","謝ることで済むなら、警察はいらない。","如果道个歉就能了事，那就不需要警察了。"
"てはいけないから","","作为固定语法点不常用。","","","","","","",""
"ている場合じゃない","ているばあいじゃない","表示“没有...的状况或余地”，用于否定悠闲的行为，并指出有更紧急的事要做。","動詞のている形＋場合じゃない/ではない","のんびりテレビをみているばあいじゃない。はやくしゅくだいをしなさい。","のんびりテレビを見ている場合じゃない。早く宿題をしなさい。","现在不是悠闲看电视的时候。快去做作业。","じょうだんをいっているばあいじゃないよ。しんけんにかんがえて。","冗談を言っている場合じゃないよ。真剣に考えて。","现在不是开玩笑的时候，请认真考虑。"
"的","てき","接在名词后，构成ナ形容词，表示“...那样的性质”或“关于...的”。","名詞＋的","かれはひじょうにろんりてきなひとだ。","彼は非常に論理的な人だ。","他是个非常有逻辑的人。","こくさいてきなもんだいについて話し合った。","国際的な問題について話し合った。","就国际性问题进行了商谈。"
"ても構わない","てもかまわない","与「～てもいいです」意思几乎相同，但更侧重于主动给予许可，带有“我不介意，请便”的感觉。","動詞のて形/い形容詞の「くて」形/な形容詞の「で」形＋も構わない","ここにすわってもかまいませんか。","ここに座っても構いませんか。","我坐这里也没关系吗？","あなたがよければ、わたしはいつでもかまいません。","あなたよければ、私はいつでも構いません。","如果你方便的话，我随时都可以。"
"と言えば","といえば","接住对方谈话中出现的词语，由此联想到相关话题并提出。","名詞/普通形＋と言えば","「きのう、やまださんにあいましたよ。」「やまださんといえば、こんどけっこんするそうですね。」","「昨日、山田さんに会いましたよ。」「山田さんと言えば、今度結婚するそうですね。」","“昨天我见到山田了。”“说起山田，听说他下个月要结婚了呢。”","にほんりょうりといえば、やはりすしですね。","日本料理と言えば、やはり寿司ですね。","说起日本料理，那还得是寿司啊。"
"たらいい","たらいい","与「～ばいい」几乎相同，是向对方提建议时的柔和表达。","動詞のタラ形＋いい","つかれたら、すこしやすんだらいいですよ。","疲れたら、少し休んだらいいですよ。","如果累了，休息一下比较好哦。","どうしたらいいかわからない。","どうしたらいいか分からない。","我不知道该怎么办才好。"
"といっても","といっても","用于陈述一个与前言给人的普遍印象不符的事实，意为“虽说...但实际上...”。","名詞/普通形＋といっても","りょうりができるといっても、かんたんなものだけです。","料理ができるといっても、簡単なものだけです。","虽说会做饭，但也只会做些简单的。","なつだといっても、ここはすずしいですね。","夏だといっても、ここは涼しいですね。","虽说是夏天，但这里还挺凉快的。"
"ということだ","ということだ","表示传闻，比「～そうだ」更书面化；也用于总结或得出结论，意为“也就是说...”。","普通形＋ということだ","てんきよほうによると、あしたはあめだということです。","天気予報によると、明日は雨だということです。","据天气预报说，明天有雨。","ごうかくおめでとう。つまり、らいねんからとうきょうでくらすということですね。","合格おめでとう。つまり、来年から東京で暮らすということですね。","恭喜你考上了。也就是说，明年开始就要在东京生活了对吧。"
"というのは","というのは","用于解释词语的定义或意思，以“AというのはBだ”的形式表示“A就是B的意思”。","名詞＋というのは","「クールビズ」というのは、なつにすずしいふくそうでではたらくことです。","「クールビズ」というのは、夏に涼しい服装で働くことです。","所谓的“Cool Biz”是指夏天穿着凉爽的服装工作。","かれがこないというのは、どういうことですか。","彼が来ないというのは、どういうことですか。","他说不来，这是什么意思？"
"というと","というと","与「と言えば」相似，但更侧重于由对方的话联想出最具代表性的事物；也用于确认对方话语的意思。","名詞/普通形＋というと","なつスポーツというと、なにをおもいうかべますか。","夏のスポーツと言うと、何を思い浮かべますか。","一说到夏天的运动，你会想起什么？","「せんせいがよんでますよ。」「せんせいというと、たなか先生のことですか。」","「先生が呼んでますよ。」「先生と言うと、田中先生のことですか。」","“老师在叫你哦。”“你说的老师，是指田中老师吗？”"

"というより","というより","用于订正，表示“与其说是A，不如说是B更恰当”。","名詞/普通形＋というより","かのじょはかわいいというより、きれいなタイプだ。","彼女はかわいいというより、きれいなタイプだ。","与其说她可爱，不如说是漂亮那种类型。","このへやはあついというより、むしあつい。","この部屋は暑いというより、蒸し暑い。","这个房间与其说是热，不如说是闷热。"
"と共に","とともに","意为“和...一起”；也是书面化表达，表示A变化的同时B也随之变化。","名詞/動詞の辞書形＋と共に","かぞくとともにりょこうしたい。","家族と共に旅行したい。","想和家人一起去旅行。","けいざいのはってんとともに、かんきょうもんだいがしんこくになった。","経済の発展と共に、環境問題が深刻になった。","伴随着经济的发展，环境问题也变得严峻。"
"途中に","とちゅうに","表示在从一个地方移动到另一个地方的中间点。","名詞＋の/動詞の辞書形＋途中に","がっこうへくるとちゅうで、じこをみました。","学校へ来る途中で、事故を見ました。","在来学校的路上看到了事故。","かいぎのとちゅうで、たいせきしてしまった。","会議の途中で、退席してしまった。","在会议中途退席了。"
"ところで","ところで","用于转换话题，引出全新的内容。","接続詞として文頭で使う","きょうはいいおてんきですね。ところで、やまださんはどうしていますか。","今日はいいお天気ですね。ところで、山田さんはどうしていますか。","今天天气真好啊。话说，山田他怎么样了？","いじょうでほうこくはおわります。ところで、ひとつおしらせがあります。","以上で報告は終わります。ところで、一つお知らせがあります。","报告到此结束。话说，我有一个通知。"
"ところが","ところが","与「しかし」相似，但用于引出与预想或期待完全相反的意外事实或结果。","接続詞として文頭で使う","かれはすぐくるはずだった。ところが、まだこない。","彼はすぐ来るはずだった。ところが、まだ来ない。","他本该马上就来的。然而，现在还没来。","しけんはかんたんだとおもっていた。ところが、とてもむずかしかった。","試験は簡単だと思っていた。ところが、とても難しかった。","我本以为考试很简单。然而，却非常难。"
"とおりに","とおりに","表示完全按照基准行动，意为“和...一样”。","名詞＋の/動詞の辞書形・タ形＋とおりに","せんせいがいったとおりに、べんきょうしました。","先生が言ったとおりに、勉強しました。","我按照老师说的去学习了。","せつめいしょのとおりに、くみたててください。","説明書のとおりに、組み立ててください。","请按照说明书进行组装。"
"通す","とおす","表示带着意志持续到底，意为“坚持做完...”，含有不畏困难的语气。","動詞のマス形＋通す","いちどきめたことは、さいごまでやりとおすべきだ。","一度決めたことは、最後までやり通すべきだ。","一旦决定的事情，就应该坚持做到最后。","かれはどんなこんなんがあっても、じぶんのいけんをつらぬきとおした。","彼はどんな困難があっても、自分の意見を貫き通した。","无论有什么困难，他都将自己的意见贯彻到底。"
"として","として","表示资格、立场或角色，意为“作为...”。","名詞＋として","わたしはりゅうがくせいとしてにほんにきました。","私は留学生として日本に来ました。","我是作为留学生来到日本的。","かれはせんせいとして、とてもそんけいされている。","彼は先生として、とても尊敬されている。","作为一名老师，他非常受人尊敬。"
"とても～ない","とても～ない","用于强烈地表示从能力或状况来看不可能做到，意为“怎么也（不）...”。","とても＋動詞の可能形の否定","こんなにたくさんのりょうりは、とてもたべきれません。","こんなにたくさんの料理は、とても食べきれません。","这么多的菜，我怎么也吃不完。","いちにちでこのほんをよみおわるなんて、とてもむりだ。","一日でこの本を読み終わるなんて、とても無理だ。","一天之内读完这本书，无论如何也是不可能的。"
"とは限らない","とはかぎらない","用于指出普遍看法中的例外，意为“未必...、不一定...”。","普通形＋とは限らない","おかねもちがかならずしもこうふくだとはかぎらない。","お金持ちが必ずしも幸福だとは限らない。","有钱人未必就幸福。","にほんじんだからといって、だれもがすしがすきだとはかぎらない。","日本人だからといって、誰もが寿司が好きだとは限らない。","不能因为是日本人，就断定所有人都喜欢寿司。"
"つい","つい","表示无意识地、并非本意地做了某事，意为“忍不住就...”。","副詞として文中で使う","ダイエットちゅうなのに、ついケーキをたべてしまった。","ダイエット中なのに、ついケーキを食べてしまった。","明明在减肥，却忍不住吃了蛋糕。","かれのじょうだんがおかしくて、ついふきだしてしまった。","彼の冗談が可笑しくて、つい噴き出してしまった。","他的玩笑太好笑了，我忍不住笑了出来。"
"ついに","ついに","与「やっと」「とうとう」相似，表示经过长时间或努力后最终实现了某个结果，带有感慨或达成感。","副詞として文中で使う","ながねんのどりょくがみのり、ついにゆめがかなった。","長年の努力が実り、ついに夢が叶った。","长年的努力有了结果，梦想终于实现了。","なんどもこしょうしたパソコンが、ついにつかわれなくなった。","何度も故障したパソコンが、ついに使われなくなった。","故障了好几次的电脑，终于不能用了。"
"ついでに","ついでに","表示利用做A的机会，顺便也做了B。","名詞＋の/動詞の辞書形・タ形＋ついでに","ぎんこうへいくついでに、このてがみをだしてくれませんか。","銀行へ行くついでに、この手紙を出してくれませんか。","你去银行的时候，能顺便帮我把这封信寄了吗？","さんぽのついでに、こんびにでパンをかった。","散歩のついでに、コンビニでパンを買った。","散步的时候，顺便在便利店买了面包。"
"つまり","つまり","与「すなわち」几乎相同，用于总结或换一种方式解释前文内容，意为“总之、也就是”。","接続詞として文頭で使う","ちちのあに、つまりわたしのおじはいしゃです。","父の兄、つまり私の伯父は医者です。","我父亲的哥哥，也就是我的伯父是医生。","かれはいかないといった。つまり、ことわったのだ。","彼は行かないと言った。つまり、断ったのだ。","他说了不去。也就是说，他拒绝了。"
"つもりだった","つもりだった","表示过去的意图或计划未能实现，意为“本打算...”。","動詞の辞書形/ない形＋つもりだった","きのうはえいがにいくつもりだったが、いそがしくていけなかった。","昨日は映画に行くつもりだったが、忙しくて行けなかった。","本来昨天打算去看电影的，但是太忙了没能去成。","かれにはひみつにするつもりだったのに、うっかりはなしてしまった。","彼には秘密にするつもりだったのに、うっかり話してしまった。","本来打算对他保密的，却不小心说出去了。"
"つもりで","つもりで","表示虽然事实并非如此，但抱着“就当作是...”的心情去做某事。","動詞の辞書形/タ形＋つもりで","しんだつもりでがんばります。","死んだつもりで頑張ります。","我会抱着必死的决心去努力的。","だまされたつもりで、もういちどかれをしんじてみよう。","騙されたつもりで、もう一度彼を信じてみよう。","就当是被骗了，我再相信他一次看看。"
"うちに","うちに","用法1:表示在某种状态改变前积极地做某事（趁着...）；用法2:表示在某种状态持续期间，无意中发生了某种变化。","名詞＋の/動詞の辞書形・ている形・ない形/い形容詞/な形容詞＋うちに","あかるいうちにかえりましょう。","明るいうちに帰りましょう。","趁着天亮回家吧。（用法１）","おんがくをきいているうちに、ねてしまった。","音楽を聴いているうちに、寝てしまった。","听着音乐，不知不觉就睡着了。（用法２）"
"上で","うえで","表示先做A，然后在A的基础上再做B，A是B的准备阶段。","名詞＋の/動詞のタ形＋上で","かぞくとそうだんしたうえで、おへんじします。","家族と相談した上で、お返事します。","和家人商量之后，再给您答复。","くわしいことをしらべたうえで、ほうこくします。","詳しいことを調べた上で、報告します。","在调查清楚详情之后进行报告。"
"上に","うえに","用于在A的基础上，再叠加一个同倾向的（好或坏的）B，意为“而且、再加上”。","名詞修飾形（普通形）＋上に","このりょうりはおいしいうえに、ねだんもやすい。","この料理は美味しい上に、値段も安い。","这道菜不仅好吃，而且价格也便宜。","きのうはあたまがいたいいうえに、ねつもでた。","昨日は頭が痛い上に、熱も出た。","昨天不仅头疼，还发烧了。"
"は別として","はべつとして","用于将某个事项作为例外排除在讨论之外，意为“...暂且不论”。","名詞＋は別として","じょうだんはべつとして、まじめにはなしましょう。","冗談は別として、真面目に話しましょう。","玩笑暂且不谈，我们认真谈谈吧。","デザインはべつとして、きのうせいはこちらのほうがいい。","デザインは別として、機能性はこちらのほうがいい。","设计暂且不论，功能性方面这个更好。"
"はもちろん","はもちろん","以“AはもちろんBも”的形式，表示A是理所当然的，甚至B也是如此，意为“...自不待言”。","名詞＋はもちろん","かれはえいごはもちろん、フランスごもはなせる。","彼は英語はもちろん、フランス語も話せる。","他英语就不用说了，法语也会讲。","このレストランは、あじはもちろん、サービスもまんてんだ。","このレストランは、味はもちろん、サービスも満点だ。","这家餐厅味道自不必说，服务也是满分。"
"は～で有名","は～でゆうめい","用于说明某事物广为人知的原因，意为“以...而闻名”。","名詞＋は＋名詞＋で有名","きょうとはふるいおてらでゆうめいです。","京都は古いお寺で有名です。","京都以古老的寺庙而闻名。","このみせは、おいしいラーメンでゆうめいだ。","この店は、美味しいラーメンで有名だ。","这家店以美味的拉面而闻名。"
"わけだ","わけだ","表示因某个理由而理所当然地得出某个结论，带有恍然大悟的语气，意为“怪不得...、难怪...”。","普通形＋わけだ","あついわけだ。きおんが35どもある。","暑いわけだ。気温が35度もある。","怪不得这么热，气温有35度呢。","5ひきのかしを3にんでわけると、2ほんあまるわけだ。","5本の菓子を3人で分けると、2本余るわけだ。","5根点心分给3个人，当然会剩下2根。"
"わけではない","わけではない","表示强烈的局部否定，意为“并非...、不是说...”，用于否定普遍看法，指出有例外。","普通形＋わけではない","にほんじんがみんななっとうがすきなわけではない。","日本人が皆、納豆が好きなわけではない。","并非所有日本人都喜欢纳豆。","いつでもでんわにでられるわけではありません。","いつでも電話に出られるわけではありません。","我并非随时都能接电话。"
"わけがない","わけがない","表示从常识上判断绝不可能发生，是强烈的否定，意为“不可能...”。比「はずがない」更情绪化。","普通形＋わけがない","あんなにれんしゅうしたんだから、まけるわけがない。","あんなに練習したんだから、負けるわけがない。","练习了那么多，不可能输的。","こどもにそんなむずかしいもんだいがわかるわけがない。","子供にそんな難しい問題が分かるわけがない。","小孩子怎么可能懂那么难的问题。"
"わけにはいかない","わけにはいかない","表示因社会常理、心理或客观状况而“不能做（想做的事）”或“必须做（不想做的事）”。","動詞の辞書形＋わけにはいかない / 動詞のナイ形＋わけにはいかない","あしたしけんがあるので、きょうはあそんでいるわけにはいかない。","明日試験があるので、今日は遊んでいるわけにはいかない。","因为明天有考试，所以今天不能玩。","ともだちになきながらたのまれたら、ことわるわけにはいかない。","友達に泣きながら頼まれたら、断るわけにはいかない。","被朋友哭着请求，实在没法拒绝。"
"割に","わりに","表示从某个基准来看，结果超出预想，即基准与结果存在差距，意为“比起...算是...”。","名詞＋の/普通形＋割に","このおかしはねだんのわりに、おいしい。","このお菓子は値段の割に、美味しい。","这个点心和价格比起来算是很好吃了。","かれはとしのわりにはわかくみえる。","彼は年の割には若く見える。","和他年龄比起来，他显得很年轻。"
"わざと","わざと","表示某个行为是“有意识地、故意地”做出的，而非偶然。","副詞として文中で使う","かれはわざとまけたにちがいない。","彼はわざと負けたに違いない。","他肯定是故意输的。","かのじょはわたしをこまらせるために、わざとへんなしつもんをした。","彼女は私を困らせるために、わざと変な質問をした。","她为了让我为难，故意问了奇怪的问题。"
"わざわざ","わざわざ","表示“特意地、特地”为某事花费时间和精力，常伴有感谢或过意不去的感情。","副詞として文中で使う","わざわざきてくれて、ありがとう。","わざわざ来てくれて、ありがとう。","谢谢你特地过来。","わざわざおみやげをかわなくてもよかったのに。","わざわざお土産を買わなくてもよかったのに。","其实不必特意买土特产的。"
"よりも","よりも","是最基本的比较表达，用于比较两个事物，并指出一方的程度更高。","名詞＋よりも","じっせんは理論よりもじゅうようだ。","実践は理論よりも重要だ。","实践比理论更重要。","ことばでせつめいするよりも、えをかいたほうがわかりやすい。","言葉で説明するよりも、絵を描いたほうが分かりやすい。","比起用语言说明，画图更容易理解。"
"ようがない","ようがない","表示即使想做，但因为完全没有方法或手段而无法实现。","動詞のマス形＋ようがない","てがみのじゅうしょがまちがっていて、へんじをだしようがない。","手紙の住所が間違っていて、返事を出しようがない。","信上的地址是错的，没法回信。","ここまでこわれると、なおしようがない。","ここまで壊れると、直しよがない。","坏到这个地步，没法修了。"
"ように","ように","有多种意思：1.表目的（为了...）；2.表比喻（像...一样）；3.表例举（如...之类的）。","動詞の辞書形/ない形＋ように（目的）；名詞＋の/動詞の普通形＋ように（比喻・例示）","にほんごがじょうずになるように、まいにちべんきょうしています。","日本語が上手になるように、毎日勉強しています。","为了能让日语变好，我每天都在学习。","ゆきのようにしろいはだ。","雪のように白い肌。","像雪一样白的肌肤。"
"ように見える","ようにみえる","表示基于视觉信息的主观推测，意为“看起来像是...”。","普通形＋ように見える","かのじょはとてもつかれているようにみえる。","彼女はとても疲れているように見える。","她看起来很累的样子。","そとはあめがふっているようにみえる。","外は雨が降っているように見える。","外面看起来像是在下雨。"
"ようとしない","ようとしない","用于带有责备语气地表示“完全没有...的意愿”，多用于第三人称。","動詞の意志形＋としない","かれはじぶんのまちがいをみとめようとしない。","彼は自分の間違いを認めようとしない。","他不想承认自己的错误。","いくらちゅういしても、かれははなしをきこうとしない。","いくら注意しても、彼は話を聞こうとしない。","无论怎么提醒，他都听不进话。"
"ようとする","ようとする","表示动作开始前的瞬间，意为“正要做...”；也表示“尝试去做...”。","動詞の意志形＋とする","でんしゃにのろうとしたとき、ドアがしまった。","電車に乗ろうとした時、ドアが閉まった。","正要上电车的时候，门关上了。","こどもが、どうしてもやさいをたべようとしない。","子供が、どうしても野菜を食べようとしない。","孩子怎么也不肯吃蔬菜。"
"ずに","ずに","是「～ないで」的书面化表达，表示“不...就...”。","動詞のナイ形（「ない」を取る）＋ずに　（「する」は「せずに」）","かさをもたずにでかけて、あめにふられた。","傘を持たずに出かけて、雨に降られた。","没带伞就出门了，结果被雨淋了。","きのうはねずに、しごとをした。","昨日は寝ずに、仕事をした。","昨天没睡觉，一直在工作。"
"ずにはいられない","ずにはいられない","表示感情上无法抑制，无论如何都会做出某事，意为“情不自禁地...”。","動詞のナイ形（「ない」を取る）＋ずにはいられない　（「する」は「せずにはいられない」）","かれのかわいそうなはなしをきいて、なかずにはいられなかった。","彼の可哀そうな話を聞いて、泣かずにはいられなかった。","听了他的可怜故事，我情不自禁地哭了。","あのきょくをきくと、からだがうごかずにはいられない。","あの曲を聴くと、体が動かずにはいられない。","一听到那首曲子，身体就情不自禁地动起来。"
"ずつ","ずつ","表示将相同的量分配给每一份，意为“各...、每...”。","数詞/数量を表す名詞＋ずつ","ひとりさんにまいずつくばってください。","一人に3枚ずつ配ってください。","请分给每人各3张。","このかんじを、まいにちいつつずつおぼえましょう。","この漢字を、毎日五つずつ覚えましょう。","这些汉字，每天记五个吧。"