1,提示主语,"雨が降っています。
（あめが ふっています。）
正在下雨。","猫が走っている。
（ねこが はしっている。）
貓正在跑。","風が強いですね。
（かぜが つよいですね。）
風好大啊。"
2,第一次提到的信息,"昔々、ある所に猫が一匹いました。
（むかしむかし、あるところに ねこが いっぴき いました。）
很久很久以前，在某個地方有一隻貓。","（ドアをノックする音）誰かが来たようです。
（（どあをのっくするおと）だれかが きたようです。）
（敲門聲）好像有人來了。","駅前に新しいレストランができました。
（えきまえに あたらしい れすとらんが できました。）
車站前開了一家新餐廳。"
3,疑问词前,"誰がこのケーキを作りましたか。
（だれが このけーきを つくりましたか。）
是誰做了這個蛋糕？","何が一番好きですか。
（なにが いちばん すきですか。）
你最喜歡什麼？","どのクラスが一番静かですか。
（どのくらすが いちばん しずかですか。）
哪個班級最安靜？"
4,动作对象自动词,"私は日本語が分かります。
（わたしは にほんごが わかります。）
我懂日語。","彼女は猫が好きです。
（かのじょは ねこが すきです。）
她喜歡貓。","彼はサッカーが上手です。
（かれは さっかーが じょうずです。）
他足球踢得很好。"
5,小主语,"象は鼻が長いです。
（ぞうは はなが ながいです。）
大象的鼻子很長。","彼女は目がきれいです。
（かのじょは めが きれいです。）
她的眼睛很漂亮。","日本は物価が高いです。
（にほんは ぶっかが たかいです。）
日本的物價很高。"
6,"顺接,承前启后","すみませんが、駅への行き方を教えてください。
（すみませんが、えきへの いきかたを おしえてください。）
不好意思，能告訴我車站怎麼走嗎？","私が見たのですが、彼はまだ来ていませんでした。
（わたしが みたのですが、かれは まだ きていませんでした。）
我看了一下，他那時還沒來。","少し早いのですが、そろそろ失礼します。
（すこし はやいのですが、そろそろ しつれいします。）
雖然有點早，但我差不多該告辭了。"
7,"逆接,转折","薬を飲みましたが、熱は下がりません。
（くすりを のみましたが、ねつは さがりません。）
雖然吃了藥，但燒還是沒退。","一生懸命勉強しましたが、試験に落ちました。
（いっしょうけんめい べんきょうしましたが、しけんに おちました。）
雖然拚命讀書了，但還是沒考上。","彼は金持ちだが、幸せではない。
（かれは かねもちだが、しあわせではない。）
他雖然有錢，但並不快樂。"
8,对比,"兄は背が高いが、弟は低い。
（あには せが たかいが、おとうとは ひくい。）
哥哥個子高，但弟弟個子矮。","私は犬が好きですが、妹は猫が好きです。
（わたしは いぬが すきですが、いもうとは ねこが すきです。）
我喜歡狗，但我妹妹喜歡貓。","数学は得意ですが、歴史は苦手です。
（すうがくは とくいですが、れきしは にがてです。）
我擅長數學，但不擅長歷史。"
9,描述现象,"空に虹がかかっているのが見えます。
（そらに にじが かかっているのが みえます。）
我能看到天空掛著一道彩虹。","遠くで雷が鳴っている。
（とおくで かみなりが なっている。）
遠處正在打雷。","桜の花びらが舞っている。
（さくらの はなびらが まっている。）
櫻花的花瓣正在飛舞。"
10,存在,"机の上にリンゴがあります。
（つくえのうえに りんごが あります。）
桌子上有一個蘋果。","庭に綺麗な花が咲いています。
（にわに きれいな はなが さいています。）
院子裡開著美麗的花。","あそこに誰かがいます。
（あそこに だれかが います。）
那裡有個人。"
11,状态,"頭が痛いです。
（あたまが いたいです。）
我頭痛。","お腹が空きました。
（おなかが すきました。）
我肚子餓了。","喉が渇きました。
（のどが かわきました。）
我口渴了。"
12,能力,"私は漢字が読めます。
（わたしは かんじが よめます。）
我會讀漢字。","彼はピアノが弾けます。
（かれは ぴあのが ひけます。）
他會彈鋼琴。","あなたは納豆が食べられますか。
（あなたは なっとうが たべられますか。）
你能吃納豆嗎？"
