1,表示所属,"これは私の本です。
（これは わたしの ほんです。）
這是我的書。","日本の首都は東京です。
（にほんの しゅとは とうきょうです。）
日本的首都是東京。","彼女の髪はとても綺麗だ。
（かのじょの かみは とても きれいだ。）
她的頭髮非常漂亮。"
2,名词化,"本を読むのが好きです。
（ほんを よむのが すきです。）
我喜歡讀書。","速く走るのは気持ちがいい。
（はやく はしるのは きもちが いい。）
快速奔跑的感覺很好。","彼が来たのを知っていますか。
（かれが きたのを しっていますか。）
你知道他來了嗎？"
3,解释说明,"どうして遅れたのですか。
（どうして おくれたのですか。）
你為什麼遲到了呢？（尋求解釋）","頭が痛いんです。だから、早く帰ります。
（あたまが いたいんです。だから、はやく かえります。）
我頭痛，所以要早點回去。","道に迷ったのですが、駅はどこですか。
（みちに まよったのですが、えきは どこですか。）
我迷路了，請問車站在哪裡？"
4,替代小主语が,"私は鳥の鳴く声を聞いた。
（わたしは とりの なく こえを きいた。）
我聽到了鳥叫的聲音。","桜の咲く季節が来た。
（さくらの さく きせつが きた。）
櫻花盛開的季節來臨了。","子供の遊んでいる公園はここから近い。
（こどもの あそんでいる こうえんは ここから ちかい。）
孩子們正在玩的那個公園離這裡很近。"
5,取代に,"机の上の本を取ってください。
（つくえの うえの ほんを とってください。）
請拿一下桌子上的書。","家の近くのコンビニで買い物をした。
（いえの ちかくの こんびにで かいものをした。）
在家附近的便利商店買了東西。","私の後ろの席に座ってください。
（わたしの うしろの せきに すわってください。）
請坐在我後面的位子。"
6,句尾表疑问,"明日、一緒に買い物に行かないの？
（あした、いっしょに かいものに いかないの？）
明天要不要一起去購物呀？","もう宿題は終わったの？
（もう しゅくだいは おわったの？）
作業已經做完了嗎？","これ、あなたの傘なの？
（これ、あなたの かさなの？）
這個，是你的傘嗎？"
