1,主题,"私は学生です。
（わたしは がくせいです。）
我是學生。","明日は晴れるでしょう。
（あしたは はれるでしょう。）
明天應該會是晴天吧。","象は鼻が長いです。
（ぞうは はなが ながいです。）
大象的鼻子很長。"
2,对比,"ビールは飲みますが、ワインは飲みません。
（びーるは のみますが、わいんは のみません。）
啤酒我喝，但紅酒我不喝。","このレストランは、味はいいですが、値段が高いです。
（この れすとらんは、あじは いいですが、ねだんが たかいです。）
這家餐廳味道是不錯，但價格很貴。","今日は行けませんが、明日は大丈夫です。
（きょうは いけませんが、あしたは だいじょうぶです。）
今天去不了，但明天可以。"
3,强调语气,"そんなことは私は知りません。
（そんなことは わたしは しりません。）
那種事情我可不知道。","彼が犯人だとは信じられない。
（かれが はんにんだとは しんじられない。）
真不敢相信他竟然是犯人。","宿題はまだ終わっていません。
（しゅくだいは まだ おわっていません。）
作業還沒完成呢。"
4,旧信息或者大家都知道的事情,"昔々、ある所に…お爺さんは山へ芝刈りに行きました。
（むかしむかし、あるところに…おじいさんは やまへ しばかりに いきました。）
很久很久以前，在某個地方…老爺爺去山上割草了。","太陽は東から昇る。
（たいようは ひがしから のぼる。）
太陽從東方升起。（客觀事實）","（A:田中さんはどこ？ B:）田中さんは会議室にいますよ。
（（たなかさんは どこ？）たなかさんは かいぎしつに いますよ。）
（A: 田中先生在哪？ B:）田中先生在會議室喔。"
5,疑问词后提示,"彼がどこへ行ったかは、誰も知らない。
（かれが どこへ いったかは、だれも しらない。）
至於他去了哪裡，誰也不知道。","問題は何をすべきかということです。
（もんだいは なにを すべきか ということです。）
問題在於我們應該做什麼。","一番大切なことは何か、もう一度考えてください。
（いちばん たいせつなことは なにか、もういちど かんがえてください。）
最重要的究竟是什麼，請再想一次。"
