1,同类型事物的增加,"私も学生です。
（わたしも がくせいです。）
我也是學生。","彼は英語も話せます。
（かれは えいごも はなせます。）
他也會說英語。","昨日雨が降って、今日も雨だった。
（きのう あめが ふって、きょうも あめだった。）
昨天下了雨，今天也下雨了。"
2,同类型事物的并列,"りんごもみかんも好きです。
（りんごも みかんも すきです。）
蘋果和橘子都喜歡。","父も母も旅行に行くのが好きだ。
（ちちも ははも りょこうに いくのが すきだ。）
爸爸和媽媽都喜歡去旅行。","歌も上手だし、ダンスもできる。
（うたも じょうずだし、だんすも できる。）
既會唱歌，也會跳舞。"
3,极端的事物,"子供でもこの問題は解ける。
（こどもでも このもんだいは とける。）
連小孩子都能解開這道題。","先生も知らないことがある。
（せんせいも しらないことが ある。）
有些事情連老師也不知道。","一円も持っていません。
（いちえんも もっていません。）
我連一塊錢都沒帶。"
4,全面肯定或全面否定,"何も食べたくない。
（なにも たべたくない。）
什麼都不想吃。","この店はいつでも混んでいる。
（このみせは いつでも こんでいる。）
這家店無論何時都很擁擠。","誰もその事件について知らなかった。
（だれも そのじけんに ついて しらなかった。）
誰也不知道關於那起事件的事。"
5,介于两个相同单词之间表示程度之甚,"昔も昔、あるところにお爺さんとお婆さんがいました。
（むかしもむかし、あるところに おじいさんと おばあさんが いました。）
很久很久以前，在某個地方有位老爺爺和老奶奶。","嬉しいも嬉しい、夢が叶ったのだから。
（うれしいも うれしい、ゆめが かなったのだから。）
高興得不得了，因為夢想實現了嘛。","静かも静か、自分の息遣いだけが聞こえる。
（しずかも しずか、じぶんの いきづかいだけが きこえる。）
安靜得不得了，只聽得見自己的呼吸聲。"
6,强调数量之多,"彼は本を１０冊も読みました。
（かれは ほんを じゅっさつも よみました。）
他讀了多達10本書。","パーティーには１００人も集まった。
（ぱーてぃーには ひゃくにんも あつまった。）
派對上聚集了多達100人。","会議は３時間も続いた。
（かいぎは さんじかんも つづいた。）
會議持續了長達3個小時。"
